run,tick,t_s,phase,body_yaw_present_rad,leg1_present_rad,leg2_present_rad,leg3_present_rad,leg4_present_rad,leg5_present_rad,leg6_present_rad,antenna_right_present_rad,antenna_left_present_rad,body_yaw_goal_rad,leg1_goal_rad,leg2_goal_rad,leg3_goal_rad,leg4_goal_rad,leg5_goal_rad,leg6_goal_rad,antenna_right_goal_rad,antenna_left_goal_rad
0,0,0.000000,commanding,-0.012272,0.627398,-0.636602,0.615126,-0.619728,0.625864,-0.628932,-6.459593,6.458059,0.000000,0.626547,-0.626543,0.626540,-0.626536,0.626537,-0.626539,-6.457685,6.457685
0,1,0.020000,commanding,-0.012272,0.627398,-0.636602,0.615126,-0.619728,0.625864,-0.630466,-6.459593,6.458059,0.000000,0.626547,-0.626543,0.626540,-0.626536,0.626537,-0.626539,-6.457685,6.457685
0,2,0.040000,commanding,-0.012272,0.627398,-0.636602,0.615126,-0.618194,0.625864,-0.630466,-6.459593,6.458059,0.000000,0.626547,-0.626543,0.626540,-0.626536,0.626537,-0.626539,-6.587522,6.587522
0,3,0.060000,commanding,-0.012272,0.627398,-0.636602,0.615126,-0.619728,0.625864,-0.628932,-6.461127,6.459593,0.000000,0.626547,-0.626543,0.626540,-0.626536,0.626537,-0.626539,-6.744797,6.744797
0,4,0.080000,commanding,-0.012272,0.627398,-0.636602,0.615126,-0.619728,0.625864,-0.630466,-6.471865,6.467263,0.000000,0.626547,-0.626543,0.626540,-0.626536,0.626537,-0.626539,-6.902072,6.902072
0,5,0.100000,commanding,-0.012272,0.627398,-0.636602,0.615126,-0.618194,0.625864,-0.630466,-6.511748,6.508680,0.000000,0.626547,-0.626543,0.626540,-0.626536,0.626537,-0.626539,-7.059347,7.059347
0,6,0.120000,commanding,-0.012272,0.627398,-0.636602,0.615126,-0.618194,0.625864,-0.630466,-6.605321,6.606855,0.000000,0.626547,-0.626543,0.626540,-0.626536,0.626537,-0.626539,-7.216622,7.216622
0,7,0.140000,commanding,-0.012272,0.627398,-0.636602,0.615126,-0.618194,0.625864,-0.630466,-6.755651,6.758719,0.000000,0.626547,-0.626543,0.626540,-0.626536,0.626537,-0.626539,-7.373897,7.373897
0,8,0.160000,commanding,-0.012272,0.627398,-0.636602,0.615126,-0.619728,0.625864,-0.630466,-6.941263,6.950467,0.000000,0.626547,-0.626543,0.626540,-0.626536,0.626537,-0.626539,-7.531172,7.531172
0,9,0.180000,commanding,-0.012272,0.627398,-0.636602,0.615126,-0.619728,0.625864,-0.628932,-7.148350,7.162156,0.000000,0.626547,-0.626543,0.626540,-0.626536,0.626537,-0.626539,-7.688447,7.688447
0,10,0.200000,commanding,-0.012272,0.627398,-0.636602,0.616660,-0.619728,0.625864,-0.630466,-7.358506,7.370778,0.000000,0.626547,-0.626543,0.626540,-0.626536,0.626537,-0.626539,-7.845722,7.845722
0,11,0.220000,commanding,-0.012272,0.627398,-0.636602,0.616660,-0.619728,0.625864,-0.630466,-7.527244,7.539516,0.000000,0.626547,-0.626543,0.626540,-0.626536,0.626537,-0.626539,-8.002997,8.002997
0,12,0.240000,commanding,-0.012272,0.627398,-0.636602,0.616660,-0.619728,0.625864,-0.628932,-7.688312,7.705185,0.000000,0.626547,-0.626543,0.626540,-0.626536,0.626537,-0.626539,-8.160272,8.160272
0,13,0.260000,commanding,-0.012272,0.627398,-0.636602,0.618194,-0.619728,0.625864,-0.630466,-7.837108,7.852448,0.000000,0.626547,-0.626543,0.626540,-0.626536,0.626537,-0.626539,-8.317547,8.317547
0,14,0.280000,commanding,-0.012272,0.627398,-0.636602,0.619728,-0.619728,0.625864,-0.630466,-7.981302,7.995108,0.000000,0.626547,-0.626543,0.626540,-0.626536,0.626537,-0.626539,-8.474822,8.474822
0,15,0.300000,commanding,-0.012272,0.627398,-0.636602,0.619728,-0.619728,0.625864,-0.630466,-8.130098,8.145438,0.000000,0.626547,-0.626543,0.626540,-0.626536,0.626537,-0.626539,-8.632097,8.632097
0,16,0.320000,commanding,-0.012272,0.627398,-0.636602,0.619728,-0.619728,0.625864,-0.630466,-8.291166,8.298836,0.000000,0.626547,-0.626543,0.626540,-0.626536,0.626537,-0.626539,-8.789372,8.789372
0,17,0.340000,commanding,-0.012272,0.627398,-0.636602,0.619728,-0.619728,0.625864,-0.630466,-8.439962,8.449166,0.000000,0.626547,-0.626543,0.626540,-0.626536,0.626537,-0.626539,-8.946647,8.946647
0,18,0.360000,commanding,-0.012272,0.627398,-0.636602,0.619728,-0.619728,0.625864,-0.630466,-8.594894,8.607166,0.000000,0.626547,-0.626543,0.626540,-0.626536,0.626537,-0.626539,-9.103922,9.103922
0,19,0.380000,commanding,-0.012272,0.627398,-0.636602,0.619728,-0.619728,0.625864,-0.630466,-8.749826,8.763632,0.000000,0.626547,-0.626543,0.626540,-0.626536,0.626537,-0.626539,-9.261197,9.261197
0,20,0.400000,commanding,-0.012272,0.627398,-0.636602,0.619728,-0.619728,0.625864,-0.630466,-8.909360,8.924700,0.000000,0.626547,-0.626543,0.626540,-0.626536,0.626537,-0.626539,-9.418472,9.418472
0,21,0.420000,commanding,-0.012272,0.627398,-0.636602,0.619728,-0.619728,0.625864,-0.630466,-9.067360,9.079632,0.000000,0.626547,-0.626543,0.626540,-0.626536,0.626537,-0.626539,-9.575747,9.575747
0,22,0.440000,commanding,-0.012272,0.627398,-0.636602,0.619728,-0.619728,0.625864,-0.630466,-9.222292,9.239166,0.000000,0.626547,-0.626543,0.626540,-0.626536,0.626537,-0.626539,-9.603185,9.603185
0,23,0.460000,commanding,-0.012272,0.627398,-0.636602,0.619728,-0.618194,0.625864,-0.630466,-9.361885,9.380293,0.000000,0.626547,-0.626543,0.626540,-0.626536,0.626537,-0.626539,-9.603185,9.603185
0,24,0.480000,commanding,-0.012272,0.627398,-0.636602,0.619728,-0.618194,0.625864,-0.628932,-9.503011,9.524487,0.000000,0.626547,-0.626543,0.626540,-0.626536,0.626537,-0.626539,-9.603185,9.603185
0,25,0.500000,commanding,-0.012272,0.627398,-0.636602,0.619728,-0.619728,0.625864,-0.630466,-9.621128,9.639535,0.000000,0.626547,-0.626543,0.626540,-0.626536,0.626537,-0.626539,-9.603185,9.603185
0,26,0.520000,commanding,-0.012272,0.627398,-0.635068,0.619728,-0.619728,0.625864,-0.630466,-9.671749,9.680953,0.000000,0.626547,-0.626543,0.626540,-0.626536,0.626537,-0.626539,-9.603185,9.603185
0,27,0.540000,commanding,-0.012272,0.627398,-0.636602,0.619728,-0.619728,0.625864,-0.630466,-9.659477,9.657943,0.000000,0.626547,-0.626543,0.626540,-0.626536,0.626537,-0.626539,-9.603185,9.603185
0,28,0.560000,commanding,-0.012272,0.627398,-0.636602,0.619728,-0.619728,0.625864,-0.630466,-9.622661,9.616526,0.000000,0.626547,-0.626543,0.626540,-0.626536,0.626537,-0.626539,-9.603185,9.603185
0,29,0.580000,commanding,-0.012272,0.627398,-0.636602,0.619728,-0.619728,0.625864,-0.630466,-9.593516,9.588914,0.000000,0.626547,-0.626543,0.626540,-0.626536,0.626537,-0.626539,-9.603185,9.603185
0,30,0.600000,commanding,-0.012272,0.627398,-0.636602,0.619728,-0.619728,0.625864,-0.630466,-9.585846,9.585846,0.000000,0.626547,-0.626543,0.626540,-0.626536,0.626537,-0.626539,-9.603185,9.603185
0,31,0.620000,commanding,-0.012272,0.627398,-0.636602,0.619728,-0.618194,0.625864,-0.630466,-9.595050,9.596584,0.000000,0.626547,-0.626543,0.626540,-0.626536,0.626537,-0.626539,-9.603185,9.603185
0,32,0.640000,commanding,-0.012272,0.627398,-0.636602,0.619728,-0.618194,0.625864,-0.630466,-9.602720,9.604254,0.000000,0.626547,-0.626543,0.626540,-0.626536,0.626537,-0.626539,-9.603185,9.603185
0,33,0.660000,commanding,-0.012272,0.627398,-0.636602,0.619728,-0.619728,0.625864,-0.630466,-9.605788,9.605788,0.000000,0.626547,-0.626543,0.626540,-0.626536,0.626537,-0.626539,-9.603185,9.603185
0,34,0.680000,commanding,-0.012272,0.627398,-0.636602,0.619728,-0.619728,0.625864,-0.630466,-9.601186,9.604254,0.000000,0.626547,-0.626543,0.626540,-0.626536,0.626537,-0.626539,-9.603185,9.603185
0,35,0.700000,commanding,-0.012272,0.627398,-0.636602,0.621262,-0.619728,0.625864,-0.630466,-9.602720,9.604254,0.000000,0.626547,-0.626543,0.626540,-0.626536,0.626537,-0.626539,-9.603185,9.603185
0,36,0.720000,commanding,-0.012272,0.627398,-0.636602,0.621262,-0.618194,0.625864,-0.628932,-9.602720,9.604254,0.000000,0.626547,-0.626543,0.626540,-0.626536,0.626537,-0.626539,-9.603185,9.603185
0,37,0.740000,commanding,-0.012272,0.627398,-0.636602,0.621262,-0.619728,0.625864,-0.630466,-9.601186,9.604254,0.000000,0.626547,-0.626543,0.626540,-0.626536,0.626537,-0.626539,-9.603185,9.603185
0,38,0.760000,commanding,-0.012272,0.627398,-0.636602,0.621262,-0.619728,0.625864,-0.630466,-9.602720,9.604254,0.000000,0.626547,-0.626543,0.626540,-0.626536,0.626537,-0.626539,-9.603185,9.603185
0,39,0.780000,commanding,-0.012272,0.627398,-0.636602,0.621262,-0.618194,0.625864,-0.630466,-9.602720,9.604254,0.000000,0.626547,-0.626543,0.626540,-0.626536,0.626537,-0.626539,-9.603185,9.603185
0,40,0.800000,commanding,-0.012272,0.627398,-0.636602,0.621262,-0.618194,0.625864,-0.630466,-9.602720,9.604254,0.000000,0.626547,-0.626543,0.626540,-0.626536,0.626537,-0.626539,-9.603185,9.603185
0,41,0.820000,commanding,-0.012272,0.627398,-0.636602,0.621262,-0.619728,0.625864,-0.630466,-9.602720,9.604254,0.000000,0.626547,-0.626543,0.626540,-0.626536,0.626537,-0.626539,-9.603185,9.603185
0,42,0.840000,commanding,-0.012272,0.627398,-0.636602,0.621262,-0.619728,0.625864,-0.630466,-9.602720,9.604254,0.000000,0.626547,-0.626543,0.626540,-0.626536,0.626537,-0.626539,-9.603185,9.603185
0,43,0.860000,commanding,-0.012272,0.627398,-0.636602,0.621262,-0.619728,0.625864,-0.630466,-9.602720,9.604254,0.000000,0.626547,-0.626543,0.626540,-0.626536,0.626537,-0.626539,-9.603185,9.603185
0,44,0.880000,commanding,-0.012272,0.627398,-0.636602,0.621262,-0.619728,0.625864,-0.630466,-9.602720,9.604254,0.000000,0.626547,-0.626543,0.626540,-0.626536,0.626537,-0.626539,-9.603185,9.603185
0,45,0.900000,commanding,-0.012272,0.627398,-0.636602,0.621262,-0.619728,0.625864,-0.630466,-9.602720,9.604254,0.000000,0.626547,-0.626543,0.626540,-0.626536,0.626537,-0.626539,-9.603185,9.603185
0,46,0.920000,commanding,-0.012272,0.627398,-0.636602,0.621262,-0.619728,0.625864,-0.630466,-9.602720,9.604254,0.000000,0.626547,-0.626543,0.626540,-0.626536,0.626537,-0.626539,-9.603185,9.603185
0,47,0.940000,commanding,-0.012272,0.627398,-0.636602,0.621262,-0.619728,0.625864,-0.630466,-9.602720,9.604254,0.000000,0.626547,-0.626543,0.626540,-0.626536,0.626537,-0.626539,-9.603185,9.603185
0,48,0.960000,commanding,-0.012272,0.627398,-0.636602,0.621262,-0.618194,0.625864,-0.630466,-9.602720,9.604254,0.000000,0.626547,-0.626543,0.626540,-0.626536,0.626537,-0.626539,-9.603185,9.603185
0,49,0.980000,commanding,-0.012272,0.627398,-0.636602,0.621262,-0.619728,0.625864,-0.630466,-9.602720,9.604254,0.000000,0.626547,-0.626543,0.626540,-0.626536,0.626537,-0.626539,-9.603185,9.603185
0,50,1.000000,commanding,-0.012272,0.627398,-0.636602,0.621262,-0.619728,0.625864,-0.630466,-9.602720,9.604254,0.000000,0.626547,-0.626543,0.626540,-0.626536,0.626537,-0.626539,-9.603185,9.603185
0,51,1.020000,commanding,-0.012272,0.627398,-0.636602,0.621262,-0.619728,0.625864,-0.630466,-9.602720,9.604254,0.000000,0.626547,-0.626543,0.626540,-0.626536,0.626537,-0.626539,-9.603185,9.603185
0,52,1.040000,commanding,-0.012272,0.627398,-0.636602,0.621262,-0.619728,0.625864,-0.630466,-9.602720,9.604254,0.000000,0.626547,-0.626543,0.626540,-0.626536,0.626537,-0.626539,-9.603185,9.603185
0,53,1.060000,commanding,-0.012272,0.627398,-0.636602,0.621262,-0.619728,0.625864,-0.630466,-9.602720,9.604254,0.000000,0.626547,-0.626543,0.626540,-0.626536,0.626537,-0.626539,-9.603185,9.603185
0,54,1.080000,commanding,-0.012272,0.627398,-0.636602,0.621262,-0.619728,0.625864,-0.630466,-9.602720,9.604254,0.000000,0.626547,-0.626543,0.626540,-0.626536,0.626537,-0.626539,-9.603185,9.603185
0,55,1.100000,commanding,-0.012272,0.627398,-0.636602,0.621262,-0.619728,0.625864,-0.630466,-9.602720,9.604254,0.000000,0.626547,-0.626543,0.626540,-0.626536,0.626537,-0.626539,-9.603185,9.603185
0,56,1.120000,commanding,-0.012272,0.627398,-0.636602,0.621262,-0.619728,0.625864,-0.630466,-9.602720,9.604254,0.000000,0.626547,-0.626543,0.626540,-0.626536,0.626537,-0.626539,-9.603185,9.603185
0,57,1.140000,commanding,-0.012272,0.627398,-0.636602,0.621262,-0.619728,0.625864,-0.630466,-9.602720,9.604254,0.000000,0.626547,-0.626543,0.626540,-0.626536,0.626537,-0.626539,-9.603185,9.603185
0,58,1.160000,commanding,-0.012272,0.627398,-0.636602,0.621262,-0.619728,0.627398,-0.630466,-9.602720,9.604254,0.000000,0.626547,-0.626543,0.626540,-0.626536,0.626537,-0.626539,-9.603185,9.603185
0,59,1.180000,commanding,-0.012272,0.627398,-0.636602,0.621262,-0.619728,0.625864,-0.630466,-9.602720,9.604254,0.000000,0.626547,-0.626543,0.626540,-0.626536,0.626537,-0.626539,-9.603185,9.603185
0,60,1.200000,commanding,-0.012272,0.627398,-0.636602,0.621262,-0.619728,0.625864,-0.630466,-9.602720,9.604254,0.000000,0.626547,-0.626543,0.626540,-0.626536,0.626537,-0.626539,-9.603185,9.603185
0,61,1.220000,commanding,-0.012272,0.627398,-0.636602,0.621262,-0.619728,0.625864,-0.630466,-9.602720,9.604254,0.000000,0.626547,-0.626543,0.626540,-0.626536,0.626537,-0.626539,-9.603185,9.603185
0,62,1.240000,commanding,-0.012272,0.627398,-0.636602,0.621262,-0.621262,0.625864,-0.630466,-9.602720,9.604254,0.000000,0.626547,-0.626543,0.626540,-0.626536,0.626537,-0.626539,-9.603185,9.603185
0,63,1.260000,commanding,-0.012272,0.627398,-0.636602,0.621262,-0.621262,0.627398,-0.630466,-9.602720,9.604254,0.000000,0.626547,-0.626543,0.626540,-0.626536,0.626537,-0.626539,-9.603185,9.603185
0,64,1.280000,commanding,-0.012272,0.627398,-0.636602,0.621262,-0.621262,0.625864,-0.630466,-9.602720,9.604254,0.000000,0.626547,-0.626543,0.626540,-0.626536,0.626537,-0.626539,-9.603185,9.603185
0,65,1.300000,commanding,-0.012272,0.627398,-0.636602,0.621262,-0.621262,0.625864,-0.630466,-9.602720,9.604254,0.000000,0.626547,-0.626543,0.626540,-0.626536,0.626537,-0.626539,-9.603185,9.603185
0,66,1.320000,commanding,-0.012272,0.627398,-0.636602,0.621262,-0.621262,0.627398,-0.630466,-9.602720,9.604254,0.000000,0.626547,-0.626543,0.626540,-0.626536,0.626537,-0.626539,-9.603185,9.603185
0,67,1.340000,commanding,-0.012272,0.627398,-0.636602,0.621262,-0.621262,0.625864,-0.630466,-9.602720,9.604254,0.000000,0.626547,-0.626543,0.626540,-0.626536,0.626537,-0.626539,-9.603185,9.603185
0,68,1.360000,commanding,-0.012272,0.627398,-0.636602,0.622796,-0.621262,0.625864,-0.630466,-9.602720,9.604254,0.000000,0.626547,-0.626543,0.626540,-0.626536,0.626537,-0.626539,-9.603185,9.603185
0,69,1.380000,commanding,-0.012272,0.627398,-0.636602,0.622796,-0.621262,0.625864,-0.630466,-9.602720,9.604254,0.000000,0.626547,-0.626543,0.626540,-0.626536,0.626537,-0.626539,-9.603185,9.603185
0,70,1.400000,commanding,-0.012272,0.627398,-0.636602,0.622796,-0.621262,0.627398,-0.630466,-9.602720,9.604254,0.000000,0.626547,-0.626543,0.626540,-0.626536,0.626537,-0.626539,-9.603185,9.603185
0,71,1.420000,commanding,-0.012272,0.627398,-0.636602,0.622796,-0.621262,0.625864,-0.630466,-9.601186,9.604254,0.000000,0.626547,-0.626543,0.626540,-0.626536,0.626537,-0.626539,-9.603185,9.603185
0,72,1.440000,commanding,-0.012272,0.627398,-0.636602,0.622796,-0.621262,0.625864,-0.630466,-9.602720,9.604254,0.000000,0.626547,-0.626543,0.626540,-0.626536,0.626537,-0.626539,-9.343512,9.343512
0,73,1.460000,commanding,-0.012272,0.627398,-0.636602,0.622796,-0.621262,0.625864,-0.630466,-9.602720,9.602720,0.000000,0.626547,-0.626543,0.626540,-0.626536,0.626537,-0.626539,-9.028962,9.028962
0,74,1.480000,commanding,-0.012272,0.627398,-0.636602,0.622796,-0.621262,0.625864,-0.630466,-9.596584,9.588914,0.000000,0.626547,-0.626543,0.626540,-0.626536,0.626537,-0.626539,-8.714412,8.714412
0,75,1.500000,commanding,-0.012272,0.627398,-0.636602,0.622796,-0.621262,0.625864,-0.630466,-9.555166,9.542894,0.000000,0.626547,-0.626543,0.626540,-0.626536,0.626537,-0.626539,-8.399862,8.399862
0,76,1.520000,commanding,-0.012272,0.627398,-0.636602,0.622796,-0.621262,0.625864,-0.630466,-9.449322,9.433982,0.000000,0.626547,-0.626543,0.626540,-0.626536,0.626537,-0.626539,-8.085312,8.085312
0,77,1.540000,commanding,-0.012272,0.627398,-0.636602,0.622796,-0.621262,0.625864,-0.630466,-9.274448,9.260642,0.000000,0.626547,-0.626543,0.626540,-0.626536,0.626537,-0.626539,-7.770762,7.770762
0,78,1.560000,commanding,-0.012272,0.627398,-0.636602,0.622796,-0.621262,0.625864,-0.630466,-9.016739,8.990661,0.000000,0.626547,-0.626543,0.626540,-0.626536,0.626537,-0.626539,-7.456212,7.456212
0,79,1.580000,commanding,-0.012272,0.627398,-0.636602,0.622796,-0.621262,0.625864,-0.630466,-8.697671,8.665457,0.000000,0.626547,-0.626543,0.626540,-0.626536,0.626537,-0.626539,-7.141662,7.141662
0,80,1.600000,commanding,-0.012272,0.627398,-0.636602,0.622796,-0.621262,0.625864,-0.630466,-8.350991,8.312642,0.000000,0.626547,-0.626543,0.626540,-0.626536,0.626537,-0.626539,-6.827112,6.827112
0,81,1.620000,commanding,-0.012272,0.627398,-0.636602,0.622796,-0.622796,0.625864,-0.628932,-7.988972,7.953690,0.000000,0.626547,-0.626543,0.626540,-0.626536,0.626537,-0.626539,-6.512562,6.512562
0,82,1.640000,commanding,-0.012272,0.627398,-0.636602,0.622796,-0.622796,0.625864,-0.628932,-7.633088,7.594739,0.000000,0.626547,-0.626543,0.626540,-0.626536,0.626537,-0.626539,-6.457685,6.457685
0,83,1.660000,commanding,-0.012272,0.627398,-0.636602,0.622796,-0.622796,0.625864,-0.628932,-7.326292,7.298681,0.000000,0.626547,-0.626543,0.626540,-0.626536,0.626537,-0.626539,-6.457685,6.457685
0,84,1.680000,commanding,-0.012272,0.627398,-0.636602,0.624330,-0.624330,0.625864,-0.628932,-7.013360,6.971943,0.000000,0.626547,-0.626543,0.626540,-0.626536,0.626537,-0.626539,-6.457685,6.457685
0,85,1.700000,commanding,-0.012272,0.627398,-0.636602,0.627398,-0.625864,0.625864,-0.630466,-6.731108,6.695826,0.000000,0.626547,-0.626543,0.626540,-0.626536,0.626537,-0.626539,-6.457685,6.457685
0,86,1.720000,commanding,-0.012272,0.627398,-0.636602,0.627398,-0.627398,0.625864,-0.630466,-6.511748,6.479535,0.000000,0.626547,-0.626543,0.626540,-0.626536,0.626537,-0.626539,-6.457685,6.457685
0,87,1.740000,commanding,-0.012272,0.627398,-0.636602,0.625864,-0.625864,0.625864,-0.630466,-6.375224,6.359884,0.000000,0.626547,-0.626543,0.626540,-0.626536,0.626537,-0.626539,-6.457685,6.457685
0,88,1.760000,commanding,-0.012272,0.627398,-0.636602,0.625864,-0.625864,0.625864,-0.630466,-6.344545,6.335341,0.000000,0.626547,-0.626543,0.626540,-0.626536,0.626537,-0.626539,-6.457685,6.457685
0,89,1.780000,commanding,-0.012272,0.627398,-0.636602,0.625864,-0.625864,0.625864,-0.630466,-6.375224,6.369088,0.000000,0.626547,-0.626543,0.626540,-0.626536,0.626537,-0.626539,-6.457685,6.457685
0,90,1.800000,commanding,-0.012272,0.627398,-0.636602,0.625864,-0.625864,0.625864,-0.630466,-6.424312,6.427380,0.000000,0.626547,-0.626543,0.626540,-0.626536,0.626537,-0.626539,-6.457685,6.457685
0,91,1.820000,commanding,-0.012272,0.627398,-0.636602,0.627398,-0.625864,0.625864,-0.628932,-6.468797,6.479535,0.000000,0.626547,-0.626543,0.626540,-0.626536,0.626537,-0.626539,-6.457685,6.457685
0,92,1.840000,commanding,-0.012272,0.627398,-0.636602,0.627398,-0.627398,0.625864,-0.628932,-6.484137,6.493341,0.000000,0.626547,-0.626543,0.626540,-0.626536,0.626537,-0.626539,-6.457685,6.457685
0,93,1.860000,commanding,-0.012272,0.627398,-0.636602,0.627398,-0.627398,0.625864,-0.628932,-6.476467,6.473399,0.000000,0.626547,-0.626543,0.626540,-0.626536,0.626537,-0.626539,-6.457685,6.457685
0,94,1.880000,commanding,-0.012272,0.625864,-0.636602,0.627398,-0.625864,0.625864,-0.630466,-6.464195,6.454991,0.000000,0.626547,-0.626543,0.626540,-0.626536,0.626537,-0.626539,-6.457685,6.457685
0,95,1.900000,commanding,-0.012272,0.627398,-0.636602,0.627398,-0.625864,0.625864,-0.630466,-6.458059,6.451923,0.000000,0.626547,-0.626543,0.626540,-0.626536,0.626537,-0.626539,-6.457685,6.457685
0,96,1.920000,commanding,-0.012272,0.627398,-0.636602,0.627398,-0.625864,0.625864,-0.630466,-6.458059,6.458059,0.000000,0.626547,-0.626543,0.626540,-0.626536,0.626537,-0.626539,-6.457685,6.457685
0,97,1.940000,commanding,-0.012272,0.625864,-0.636602,0.627398,-0.625864,0.625864,-0.630466,-6.461127,6.467263,0.000000,0.626547,-0.626543,0.626540,-0.626536,0.626537,-0.626539,-6.457685,6.457685
0,98,1.960000,commanding,-0.012272,0.625864,-0.636602,0.628932,-0.627398,0.625864,-0.630466,-6.459593,6.465729,0.000000,0.626547,-0.626543,0.626540,-0.626536,0.626537,-0.626539,-6.457685,6.457685
0,99,1.980000,commanding,-0.012272,0.625864,-0.636602,0.627398,-0.627398,0.625864,-0.630466,-6.459593,6.456525,0.000000,0.626547,-0.626543,0.626540,-0.626536,0.626537,-0.626539,-6.457685,6.457685
0,100,2.000000,commanding,-0.012272,0.625864,-0.636602,0.627398,-0.625864,0.625864,-0.630466,-6.461127,6.456525,0.000000,0.626547,-0.626543,0.626540,-0.626536,0.626537,-0.626539,-6.457685,6.457685
0,101,2.020000,commanding,-0.012272,0.627398,-0.636602,0.627398,-0.625864,0.625864,-0.630466,-6.459593,6.458059,0.000000,0.626547,-0.626543,0.626540,-0.626536,0.626537,-0.626539,-6.457685,6.457685
0,102,2.040000,commanding,-0.012272,0.625864,-0.636602,0.628932,-0.627398,0.625864,-0.630466,-6.459593,6.458059,0.000000,0.626547,-0.626543,0.626540,-0.626536,0.626537,-0.626539,-6.457685,6.457685
0,103,2.060000,commanding,-0.012272,0.625864,-0.636602,0.628932,-0.625864,0.625864,-0.630466,-6.459593,6.458059,0.000000,0.626547,-0.626543,0.626540,-0.626536,0.626537,-0.626539,-6.457685,6.457685
0,104,2.080000,commanding,-0.012272,0.625864,-0.636602,0.628932,-0.625864,0.625864,-0.630466,-6.459593,6.458059,0.000000,0.626547,-0.626543,0.626540,-0.626536,0.626537,-0.626539,-6.457685,6.457685
0,105,2.100000,commanding,-0.012272,0.625864,-0.636602,0.628932,-0.625864,0.625864,-0.630466,-6.461127,6.458059,0.000000,0.626547,-0.626543,0.626540,-0.626536,0.626537,-0.626539,-6.457685,6.457685
0,106,2.120000,commanding,-0.012272,0.625864,-0.636602,0.628932,-0.625864,0.625864,-0.630466,-6.459593,6.458059,0.000000,0.626547,-0.626543,0.626540,-0.626536,0.626537,-0.626539,-6.457685,6.457685
0,107,2.140000,commanding,-0.012272,0.625864,-0.636602,0.628932,-0.625864,0.625864,-0.630466,-6.461127,6.458059,0.000000,0.626547,-0.626543,0.626540,-0.626536,0.626537,-0.626539,-6.457685,6.457685
0,108,2.160000,commanding,-0.012272,0.625864,-0.636602,0.628932,-0.625864,0.625864,-0.630466,-6.459593,6.458059,0.000000,0.626547,-0.626543,0.626540,-0.626536,0.626537,-0.626539,-6.457685,6.457685
0,109,2.180000,commanding,-0.012272,0.625864,-0.636602,0.628932,-0.625864,0.625864,-0.630466,-6.459593,6.458059,0.000000,0.626547,-0.626543,0.626540,-0.626536,0.626537,-0.626539,-6.457685,6.457685
0,110,2.200000,commanding,-0.012272,0.625864,-0.636602,0.628932,-0.625864,0.625864,-0.630466,-6.459593,6.458059,0.000000,0.626547,-0.626543,0.626540,-0.626536,0.626537,-0.626539,-6.457685,6.457685
0,111,2.220000,commanding,-0.012272,0.625864,-0.636602,0.628932,-0.625864,0.625864,-0.630466,-6.459593,6.458059,0.000000,0.626547,-0.626543,0.626540,-0.626536,0.626537,-0.626539,-6.457685,6.457685
0,112,2.240000,commanding,-0.012272,0.625864,-0.636602,0.628932,-0.625864,0.625864,-0.630466,-6.459593,6.458059,0.000000,0.626547,-0.626543,0.626540,-0.626536,0.626537,-0.626539,-6.457685,6.457685
0,113,2.260000,commanding,-0.012272,0.625864,-0.636602,0.628932,-0.625864,0.625864,-0.630466,-6.461127,6.458059,0.000000,0.626547,-0.626543,0.626540,-0.626536,0.626537,-0.626539,-6.457685,6.457685
0,114,2.280000,commanding,-0.012272,0.625864,-0.636602,0.628932,-0.625864,0.625864,-0.628932,-6.459593,6.458059,0.000000,0.626547,-0.626543,0.626540,-0.626536,0.626537,-0.626539,-6.457685,6.457685
0,115,2.300000,commanding,-0.012272,0.625864,-0.636602,0.628932,-0.625864,0.625864,-0.630466,-6.461127,6.458059,0.000000,0.626547,-0.626543,0.626540,-0.626536,0.626537,-0.626539,-6.457685,6.457685
0,116,2.320000,commanding,-0.012272,0.625864,-0.636602,0.628932,-0.625864,0.625864,-0.630466,-6.459593,6.458059,0.000000,0.626547,-0.626543,0.626540,-0.626536,0.626537,-0.626539,-6.457685,6.457685
0,117,2.340000,commanding,-0.012272,0.625864,-0.636602,0.628932,-0.627398,0.625864,-0.630466,-6.459593,6.458059,0.000000,0.626547,-0.626543,0.626540,-0.626536,0.626537,-0.626539,-6.457685,6.457685
0,118,2.360000,commanding,-0.012272,0.625864,-0.636602,0.628932,-0.627398,0.625864,-0.630466,-6.459593,6.458059,0.000000,0.626547,-0.626543,0.626540,-0.626536,0.626537,-0.626539,-6.457685,6.457685
0,119,2.380000,commanding,-0.012272,0.625864,-0.636602,0.628932,-0.625864,0.625864,-0.630466,-6.461127,6.458059,0.000000,0.626547,-0.626543,0.626540,-0.626536,0.626537,-0.626539,-6.457685,6.457685
0,120,2.400000,commanding,-0.012272,0.625864,-0.636602,0.628932,-0.625864,0.625864,-0.630466,-6.459593,6.458059,0.000000,0.626547,-0.626543,0.626540,-0.626536,0.626537,-0.626539,-6.457685,6.457685
0,121,2.420000,commanding,-0.012272,0.625864,-0.636602,0.628932,-0.625864,0.625864,-0.630466,-6.459593,6.458059,0.000000,0.626547,-0.626543,0.626540,-0.626536,0.626537,-0.626539,-6.457685,6.457685
0,122,2.440000,commanding,-0.012272,0.625864,-0.636602,0.628932,-0.627398,0.625864,-0.630466,-6.459593,6.458059,0.000000,0.626547,-0.626543,0.626540,-0.626536,0.626537,-0.626539,-6.457685,6.457685
0,123,2.460000,commanding,-0.012272,0.625864,-0.636602,0.628932,-0.625864,0.625864,-0.630466,-6.461127,6.458059,0.000000,0.626547,-0.626543,0.626540,-0.626536,0.626537,-0.626539,-6.457685,6.457685
0,124,2.480000,commanding,-0.012272,0.625864,-0.636602,0.628932,-0.625864,0.625864,-0.630466,-6.459593,6.458059,0.000000,0.626547,-0.626543,0.626540,-0.626536,0.626537,-0.626539,-6.457685,6.457685
0,125,2.500000,commanding,-0.012272,0.625864,-0.636602,0.628932,-0.625864,0.625864,-0.630466,-6.459593,6.459593,0.000000,0.626547,-0.626543,0.626540,-0.626536,0.626537,-0.626539,-6.457685,6.457685
0,126,2.520000,commanding,-0.012272,0.625864,-0.636602,0.628932,-0.625864,0.625864,-0.630466,-6.459593,6.458059,0.000000,0.626547,-0.626543,0.626540,-0.626536,0.626537,-0.626539,-6.457685,6.457685
0,127,2.540000,commanding,-0.012272,0.625864,-0.636602,0.628932,-0.627398,0.625864,-0.630466,-6.459593,6.458059,0.000000,0.626547,-0.626543,0.626540,-0.626536,0.626537,-0.626539,-6.457685,6.457685
0,128,2.560000,commanding,-0.012272,0.625864,-0.636602,0.628932,-0.627398,0.625864,-0.630466,-6.459593,6.459593,0.000000,0.626547,-0.626543,0.626540,-0.626536,0.626537,-0.626539,-6.457685,6.457685
0,129,2.580000,commanding,-0.012272,0.625864,-0.636602,0.628932,-0.625864,0.625864,-0.630466,-6.461127,6.459593,0.000000,0.626547,-0.626543,0.626540,-0.626536,0.626537,-0.626539,-6.457685,6.457685
0,130,2.600000,commanding,-0.012272,0.625864,-0.636602,0.628932,-0.627398,0.625864,-0.630466,-6.459593,6.458059,0.000000,0.626547,-0.626543,0.626540,-0.626536,0.626537,-0.626539,-6.457685,6.457685
0,131,2.620000,commanding,-0.012272,0.625864,-0.636602,0.628932,-0.625864,0.625864,-0.630466,-6.459593,6.458059,0.000000,0.626547,-0.626543,0.626540,-0.626536,0.626537,-0.626539,-6.457685,6.457685
0,132,2.640000,commanding,-0.012272,0.625864,-0.636602,0.628932,-0.625864,0.625864,-0.630466,-6.461127,6.458059,0.000000,0.626547,-0.626543,0.626540,-0.626536,0.626537,-0.626539,-6.717359,6.717359
0,133,2.660000,commanding,-0.012272,0.625864,-0.636602,0.628932,-0.625864,0.625864,-0.630466,-6.461127,6.459593,0.000000,0.626547,-0.626543,0.626540,-0.626536,0.626537,-0.626539,-7.031909,7.031909
0,134,2.680000,commanding,-0.012272,0.625864,-0.636602,0.628932,-0.627398,0.625864,-0.630466,-6.471865,6.465729,0.000000,0.626547,-0.626543,0.626540,-0.626536,0.626537,-0.626539,-7.346459,7.346459
0,135,2.700000,commanding,-0.012272,0.625864,-0.636602,0.628932,-0.625864,0.625864,-0.630466,-6.513282,6.513282,0.000000,0.626547,-0.626543,0.626540,-0.626536,0.626537,-0.626539,-7.661009,7.661009
0,136,2.720000,commanding,-0.012272,0.625864,-0.636602,0.628932,-0.625864,0.625864,-0.630466,-6.620661,6.631399,0.000000,0.626547,-0.626543,0.626540,-0.626536,0.626537,-0.626539,-7.975559,7.975559
0,137,2.740000,commanding,-0.012272,0.627398,-0.636602,0.628932,-0.627398,0.625864,-0.630466,-6.800137,6.815477,0.000000,0.626547,-0.626543,0.626540,-0.626536,0.626537,-0.626539,-8.290109,8.290109
0,138,2.760000,commanding,-0.012272,0.625864,-0.636602,0.628932,-0.625864,0.625864,-0.630466,-7.062448,7.083923,0.000000,0.626547,-0.626543,0.626540,-0.626536,0.626537,-0.626539,-8.604659,8.604659
0,139,2.780000,commanding,-0.012272,0.625864,-0.636602,0.628932,-0.627398,0.625864,-0.630466,-7.395321,7.422933,0.000000,0.626547,-0.626543,0.626540,-0.626536,0.626537,-0.626539,-8.919209,8.919209
0,140,2.800000,commanding,-0.012272,0.625864,-0.636602,0.628932,-0.627398,0.625864,-0.628932,-7.769613,7.800292,0.000000,0.626547,-0.626543,0.626540,-0.626536,0.626537,-0.626539,-9.233759,9.233759
0,141,2.820000,commanding,-0.012272,0.625864,-0.636602,0.628932,-0.627398,0.625864,-0.628932,-8.142370,8.173050,0.000000,0.626547,-0.626543,0.626540,-0.626536,0.626537,-0.626539,-9.548309,9.548309
0,142,2.840000,commanding,-0.012272,0.625864,-0.636602,0.628932,-0.627398,0.625864,-0.628932,-8.507457,8.535069,0.000000,0.626547,-0.626543,0.626540,-0.626536,0.626537,-0.626539,-9.343512,9.343512
0,143,2.860000,commanding,-0.012272,0.625864,-0.636602,0.627398,-0.625864,0.625864,-0.630466,-8.815788,8.838797,0.000000,0.626547,-0.626543,0.626540,-0.626536,0.626537,-0.626539,-9.028962,9.028962
0,144,2.880000,commanding,-0.012272,0.625864,-0.636602,0.627398,-0.625864,0.625864,-0.630466,-9.108778,9.125652,0.000000,0.626547,-0.626543,0.626540,-0.626536,0.626537,-0.626539,-8.714412,8.714412
0,145,2.900000,commanding,-0.012272,0.625864,-0.636602,0.627398,-0.625864,0.625864,-0.630466,-9.346545,9.368021,0.000000,0.626547,-0.626543,0.626540,-0.626536,0.626537,-0.626539,-8.399862,8.399862
0,146,2.920000,commanding,-0.012272,0.625864,-0.636602,0.628932,-0.625864,0.625864,-0.630466,-9.521419,9.549030,0.000000,0.626547,-0.626543,0.626540,-0.626536,0.626537,-0.626539,-8.085312,8.085312
0,147,2.940000,commanding,-0.012272,0.625864,-0.636602,0.628932,-0.627398,0.625864,-0.630466,-9.607322,9.636467,0.000000,0.626547,-0.626543,0.626540,-0.626536,0.626537,-0.626539,-7.770762,7.770762
0,148,2.960000,commanding,-0.012272,0.625864,-0.636602,0.628932,-0.627398,0.625864,-0.630466,-9.588914,9.622661,0.000000,0.626547,-0.626543,0.626540,-0.626536,0.626537,-0.626539,-7.456212,7.456212
0,149,2.980000,commanding,-0.012272,0.625864,-0.636602,0.628932,-0.625864,0.625864,-0.630466,-9.504545,9.536759,0.000000,0.626547,-0.626543,0.626540,-0.626536,0.626537,-0.626539,-7.141662,7.141662
0,150,3.000000,commanding,-0.012272,0.625864,-0.636602,0.628932,-0.627398,0.625864,-0.630466,-9.358817,9.384894,0.000000,0.626547,-0.626543,0.626540,-0.626536,0.626537,-0.626539,-6.827112,6.827112
0,151,3.020000,commanding,-0.012272,0.625864,-0.636602,0.628932,-0.627398,0.625864,-0.630466,-9.142525,9.162467,0.000000,0.626547,-0.626543,0.626540,-0.626536,0.626537,-0.626539,-6.512562,6.512562
0,152,3.040000,commanding,-0.012272,0.625864,-0.636602,0.628932,-0.627398,0.625864,-0.630466,-8.866409,8.877147,0.000000,0.626547,-0.626543,0.626540,-0.626536,0.626537,-0.626539,-6.457685,6.457685
0,153,3.060000,commanding,-0.012272,0.625864,-0.636602,0.628932,-0.627398,0.625864,-0.630466,-8.539671,8.545807,0.000000,0.626547,-0.626543,0.626540,-0.626536,0.626537,-0.626539,-6.457685,6.457685
0,154,3.080000,commanding,-0.012272,0.625864,-0.636602,0.628932,-0.627398,0.625864,-0.630466,-8.176118,8.177652,0.000000,0.626547,-0.626543,0.626540,-0.626536,0.626537,-0.626539,-6.457685,6.457685
0,155,3.100000,commanding,-0.012272,0.625864,-0.636602,0.628932,-0.627398,0.625864,-0.628932,-7.846312,7.844778,0.000000,0.626547,-0.626543,0.626540,-0.626536,0.626537,-0.626539,-6.457685,6.457685
0,156,3.120000,commanding,-0.012272,0.625864,-0.636602,0.628932,-0.627398,0.625864,-0.628932,-7.514972,7.511904,0.000000,0.626547,-0.626543,0.626540,-0.626536,0.626537,-0.626539,-6.457685,6.457685
0,157,3.140000,commanding,-0.012272,0.625864,-0.636602,0.628932,-0.627398,0.625864,-0.628932,-7.195904,7.192836,0.000000,0.626547,-0.626543,0.626540,-0.626536,0.626537,-0.626539,-6.457685,6.457685
0,158,3.160000,commanding,-0.012272,0.625864,-0.636602,0.628932,-0.628932,0.625864,-0.628932,-6.893710,6.889108,0.000000,0.626547,-0.626543,0.626540,-0.626536,0.626537,-0.626539,-6.457685,6.457685
0,159,3.180000,commanding,-0.012272,0.625864,-0.636602,0.628932,-0.628932,0.625864,-0.630466,-6.628331,6.626797,0.000000,0.626547,-0.626543,0.626540,-0.626536,0.626537,-0.626539,-6.457685,6.457685
0,160,3.200000,commanding,-0.012272,0.625864,-0.636602,0.628932,-0.628932,0.625864,-0.630466,-6.431981,6.422778,0.000000,0.626547,-0.626543,0.626540,-0.626536,0.626537,-0.626539,-6.457685,6.457685
0,161,3.220000,commanding,-0.012272,0.625864,-0.636602,0.627398,-0.627398,0.625864,-0.630466,-6.346079,6.336875,0.000000,0.626547,-0.626543,0.626540,-0.626536,0.626537,-0.626539,-6.457685,6.457685
0,162,3.240000,commanding,-0.012272,0.627398,-0.636602,0.627398,-0.627398,0.627398,-0.630466,-6.350680,6.341477,0.000000,0.626547,-0.626543,0.626540,-0.626536,0.626537,-0.626539,-6.457685,6.457685
0,163,3.260000,commanding,-0.012272,0.625864,-0.636602,0.628932,-0.627398,0.625864,-0.630466,-6.398234,6.392098,0.000000,0.626547,-0.626543,0.626540,-0.626536,0.626537,-0.626539,-6.457685,6.457685
0,164,3.280000,commanding,-0.012272,0.624330,-0.636602,0.628932,-0.628932,0.627398,-0.630466,-6.447321,6.447321,0.000000,0.626547,-0.626543,0.626540,-0.626536,0.626537,-0.626539,-6.457685,6.457685
0,165,3.300000,commanding,-0.012272,0.624330,-0.636602,0.628932,-0.628932,0.625864,-0.628932,-6.481069,6.490273,0.000000,0.626547,-0.626543,0.626540,-0.626536,0.626537,-0.626539,-6.457685,6.457685
0,166,3.320000,commanding,-0.012272,0.624330,-0.636602,0.628932,-0.628932,0.625864,-0.628932,-6.484137,6.491807,0.000000,0.626547,-0.626543,0.626540,-0.626536,0.626537,-0.626539,-6.457685,6.457685
0,167,3.340000,commanding,-0.012272,0.624330,-0.636602,0.628932,-0.628932,0.625864,-0.628932,-6.468797,6.464195,0.000000,0.626547,-0.626543,0.626540,-0.626536,0.626537,-0.626539,-6.457685,6.457685
0,168,3.360000,commanding,-0.012272,0.624330,-0.636602,0.628932,-0.628932,0.625864,-0.630466,-6.461127,6.451923,0.000000,0.626547,-0.626543,0.626540,-0.626536,0.626537,-0.626539,-6.457685,6.457685
0,169,3.380000,commanding,-0.012272,0.624330,-0.636602,0.628932,-0.628932,0.625864,-0.630466,-6.458059,6.453457,0.000000,0.626547,-0.626543,0.626540,-0.626536,0.626537,-0.626539,-6.457685,6.457685
0,170,3.400000,commanding,-0.012272,0.624330,-0.636602,0.628932,-0.628932,0.625864,-0.630466,-6.459593,6.462661,0.000000,0.626547,-0.626543,0.626540,-0.626536,0.626537,-0.626539,-6.457685,6.457685
0,171,3.420000,commanding,-0.012272,0.624330,-0.636602,0.628932,-0.628932,0.625864,-0.630466,-6.461127,6.467263,0.000000,0.626547,-0.626543,0.626540,-0.626536,0.626537,-0.626539,-6.457685,6.457685
0,172,3.440000,commanding,-0.012272,0.624330,-0.636602,0.628932,-0.628932,0.625864,-0.628932,-6.459593,6.461127,0.000000,0.626547,-0.626543,0.626540,-0.626536,0.626537,-0.626539,-6.457685,6.457685
0,173,3.460000,commanding,-0.012272,0.624330,-0.636602,0.628932,-0.628932,0.625864,-0.628932,-6.461127,6.456525,0.000000,0.626547,-0.626543,0.626540,-0.626536,0.626537,-0.626539,-6.457685,6.457685
0,174,3.480000,commanding,-0.012272,0.624330,-0.636602,0.628932,-0.628932,0.625864,-0.630466,-6.459593,6.458059,0.000000,0.626547,-0.626543,0.626540,-0.626536,0.626537,-0.626539,-6.457685,6.457685
0,175,3.500000,commanding,-0.012272,0.624330,-0.636602,0.628932,-0.628932,0.625864,-0.630466,-6.459593,6.458059,0.000000,0.626547,-0.626543,0.626540,-0.626536,0.626537,-0.626539,-6.457685,6.457685
0,176,3.520000,commanding,-0.012272,0.624330,-0.636602,0.628932,-0.628932,0.625864,-0.628932,-6.459593,6.458059,0.000000,0.626547,-0.626543,0.626540,-0.626536,0.626537,-0.626539,-6.457685,6.457685
0,177,3.540000,commanding,-0.012272,0.624330,-0.636602,0.628932,-0.628932,0.625864,-0.630466,-6.459593,6.458059,0.000000,0.626547,-0.626543,0.626540,-0.626536,0.626537,-0.626539,-6.457685,6.457685
0,178,3.560000,commanding,-0.012272,0.624330,-0.636602,0.628932,-0.628932,0.625864,-0.628932,-6.459593,6.458059,0.000000,0.626547,-0.626543,0.626540,-0.626536,0.626537,-0.626539,-6.457685,6.457685
0,179,3.580000,commanding,-0.012272,0.624330,-0.636602,0.628932,-0.628932,0.625864,-0.630466,-6.459593,6.458059,0.000000,0.626547,-0.626543,0.626540,-0.626536,0.626537,-0.626539,-6.457685,6.457685
0,180,3.600000,commanding,-0.012272,0.624330,-0.636602,0.628932,-0.628932,0.625864,-0.630466,-6.459593,6.458059,0.000000,0.626547,-0.626543,0.626540,-0.626536,0.626537,-0.626539,-6.457685,6.457685
0,181,3.620000,commanding,-0.012272,0.624330,-0.636602,0.628932,-0.628932,0.625864,-0.630466,-6.459593,6.458059,0.000000,0.626547,-0.626543,0.626540,-0.626536,0.626537,-0.626539,-6.457685,6.457685
0,182,3.640000,commanding,-0.012272,0.624330,-0.636602,0.628932,-0.628932,0.625864,-0.630466,-6.459593,6.458059,0.000000,0.626547,-0.626543,0.626540,-0.626536,0.626537,-0.626539,-6.457685,6.457685
0,183,3.660000,commanding,-0.012272,0.624330,-0.636602,0.628932,-0.628932,0.625864,-0.630466,-6.459593,6.458059,0.000000,0.626547,-0.626543,0.626540,-0.626536,0.626537,-0.626539,-6.457685,6.457685
0,184,3.680000,commanding,-0.012272,0.624330,-0.636602,0.628932,-0.628932,0.625864,-0.630466,-6.459593,6.458059,0.000000,0.626547,-0.626543,0.626540,-0.626536,0.626537,-0.626539,-6.457685,6.457685
0,185,3.700000,commanding,-0.012272,0.624330,-0.636602,0.628932,-0.628932,0.625864,-0.628932,-6.461127,6.458059,0.000000,0.626547,-0.626543,0.626540,-0.626536,0.626537,-0.626539,-6.457685,6.457685
0,186,3.720000,commanding,-0.012272,0.624330,-0.636602,0.628932,-0.628932,0.625864,-0.630466,-6.459593,6.458059,0.000000,0.626547,-0.626543,0.626540,-0.626536,0.626537,-0.626539,-6.457685,6.457685
0,187,3.740000,commanding,-0.012272,0.624330,-0.636602,0.628932,-0.628932,0.625864,-0.630466,-6.459593,6.458059,0.000000,0.626547,-0.626543,0.626540,-0.626536,0.626537,-0.626539,-6.457685,6.457685
0,188,3.760000,commanding,-0.012272,0.624330,-0.636602,0.628932,-0.628932,0.625864,-0.628932,-6.459593,6.458059,0.000000,0.626547,-0.626543,0.626540,-0.626536,0.626537,-0.626539,-6.457685,6.457685
0,189,3.780000,commanding,-0.012272,0.624330,-0.636602,0.628932,-0.628932,0.625864,-0.630466,-6.459593,6.458059,0.000000,0.626547,-0.626543,0.626540,-0.626536,0.626537,-0.626539,-6.457685,6.457685
0,190,3.800000,commanding,-0.012272,0.624330,-0.636602,0.628932,-0.628932,0.625864,-0.630466,-6.461127,6.458059,0.000000,0.626547,-0.626543,0.626540,-0.626536,0.626537,-0.626539,-6.457685,6.457685
0,191,3.820000,commanding,-0.012272,0.624330,-0.636602,0.628932,-0.628932,0.625864,-0.630466,-6.459593,6.458059,0.000000,0.626547,-0.626543,0.626540,-0.626536,0.626537,-0.626539,-6.457685,6.457685
0,192,3.840000,commanding,-0.012272,0.624330,-0.636602,0.628932,-0.628932,0.625864,-0.628932,-6.459593,6.458059,0.000000,0.626547,-0.626543,0.626540,-0.626536,0.626537,-0.626539,-6.457685,6.457685
0,193,3.860000,commanding,-0.012272,0.624330,-0.636602,0.628932,-0.628932,0.625864,-0.630466,-6.459593,6.458059,0.000000,0.626547,-0.626543,0.626540,-0.626536,0.626537,-0.626539,-6.457685,6.457685
0,194,3.880000,commanding,-0.012272,0.624330,-0.636602,0.628932,-0.628932,0.625864,-0.628932,-6.461127,6.458059,0.000000,0.626547,-0.626543,0.626540,-0.626536,0.626537,-0.626539,-6.457685,6.457685
0,195,3.900000,commanding,-0.012272,0.624330,-0.636602,0.628932,-0.628932,0.625864,-0.630466,-6.461127,6.458059,0.000000,0.626547,-0.626543,0.626540,-0.626536,0.626537,-0.626539,-6.457685,6.457685
0,196,3.920000,commanding,-0.012272,0.624330,-0.636602,0.628932,-0.628932,0.625864,-0.628932,-6.459593,6.458059,0.000000,0.626547,-0.626543,0.626540,-0.626536,0.626537,-0.626539,-6.457685,6.457685
0,197,3.940000,commanding,-0.012272,0.624330,-0.636602,0.628932,-0.628932,0.625864,-0.630466,-6.459593,6.458059,0.000000,0.626547,-0.626543,0.626540,-0.626536,0.626537,-0.626539,-6.457685,6.457685
0,198,3.960000,commanding,-0.012272,0.624330,-0.636602,0.628932,-0.628932,0.625864,-0.628932,-6.459593,6.458059,0.000000,0.626547,-0.626543,0.626540,-0.626536,0.626537,-0.626539,-6.457685,6.457685
0,199,3.980000,commanding,-0.012272,0.624330,-0.636602,0.628932,-0.628932,0.625864,-0.630466,-6.459593,6.458059,0.000000,0.626547,-0.626543,0.626540,-0.626536,0.626537,-0.626539,-6.457685,6.457685
0,200,4.000000,commanding,-0.012272,0.624330,-0.636602,0.628932,-0.628932,0.625864,-0.630466,-6.459593,6.458059,0.000000,0.626547,-0.626543,0.626540,-0.626536,0.626537,-0.626539,-6.457685,6.457685
0,201,4.020000,commanding,-0.012272,0.624330,-0.636602,0.628932,-0.628932,0.625864,-0.628932,-6.459593,6.458059,0.000000,0.626547,-0.626543,0.626540,-0.626536,0.626537,-0.626539,-6.457685,6.457685
0,202,4.040000,commanding,-0.012272,0.624330,-0.636602,0.628932,-0.628932,0.625864,-0.630466,-6.461127,6.458059,0.000000,0.626547,-0.626543,0.626540,-0.626536,0.626537,-0.626539,-6.587522,6.587522
0,203,4.060000,commanding,-0.012272,0.624330,-0.636602,0.628932,-0.628932,0.625864,-0.630466,-6.461127,6.459593,0.000000,0.626547,-0.626543,0.626540,-0.626536,0.626537,-0.626539,-6.744797,6.744797
0,204,4.080000,commanding,-0.012272,0.624330,-0.636602,0.628932,-0.628932,0.625864,-0.628932,-6.470331,6.465729,0.000000,0.626547,-0.626543,0.626540,-0.626536,0.626537,-0.626539,-6.902072,6.902072
0,205,4.100000,commanding,-0.012272,0.624330,-0.636602,0.628932,-0.628932,0.625864,-0.630466,-6.513282,6.510214,0.000000,0.626547,-0.626543,0.626540,-0.626536,0.626537,-0.626539,-7.059347,7.059347
0,206,4.120000,commanding,-0.012272,0.624330,-0.636602,0.628932,-0.628932,0.625864,-0.630466,-6.606855,6.609923,0.000000,0.626547,-0.626543,0.626540,-0.626536,0.626537,-0.626539,-7.216622,7.216622
0,207,4.140000,commanding,-0.012272,0.624330,-0.636602,0.628932,-0.628932,0.625864,-0.630466,-6.757185,6.761787,0.000000,0.626547,-0.626543,0.626540,-0.626536,0.626537,-0.626539,-7.373897,7.373897
0,208,4.160000,commanding,-0.012272,0.624330,-0.636602,0.628932,-0.628932,0.625864,-0.630466,-6.955069,6.964273,0.000000,0.626547,-0.626543,0.626540,-0.626536,0.626537,-0.626539,-7.531172,7.531172
0,209,4.180000,commanding,-0.012272,0.624330,-0.636602,0.628932,-0.628932,0.625864,-0.630466,-7.151418,7.165224,0.000000,0.626547,-0.626543,0.626540,-0.626536,0.626537,-0.626539,-7.688447,7.688447
0,210,4.200000,commanding,-0.012272,0.624330,-0.636602,0.628932,-0.628932,0.625864,-0.628932,-7.350836,7.363108,0.000000,0.626547,-0.626543,0.626540,-0.626536,0.626537,-0.626539,-7.845722,7.845722
0,211,4.220000,commanding,-0.012272,0.624330,-0.636602,0.628932,-0.628932,0.625864,-0.628932,-7.528778,7.539516,0.000000,0.626547,-0.626543,0.626540,-0.626536,0.626537,-0.626539,-8.002997,8.002997
0,212,4.240000,commanding,-0.012272,0.624330,-0.636602,0.628932,-0.628932,0.625864,-0.628932,-7.689846,7.705185,0.000000,0.626547,-0.626543,0.626540,-0.626536,0.626537,-0.626539,-7.900599,7.900599
0,213,4.260000,commanding,-0.012272,0.624330,-0.636602,0.628932,-0.628932,0.625864,-0.630466,-7.837108,7.850914,0.000000,0.626547,-0.626543,0.626540,-0.626536,0.626537,-0.626539,-7.743324,7.743324
0,214,4.280000,commanding,-0.012272,0.624330,-0.636602,0.628932,-0.628932,0.625864,-0.628932,-7.975166,7.987438,0.000000,0.626547,-0.626543,0.626540,-0.626536,0.626537,-0.626539,-7.586049,7.586049
0,215,4.300000,commanding,-0.012272,0.624330,-0.636602,0.628932,-0.628932,0.625864,-0.628932,-8.059535,8.071807,0.000000,0.626547,-0.626543,0.626540,-0.626536,0.626537,-0.626539,-7.428774,7.428774
0,216,4.320000,commanding,-0.012272,0.624330,-0.636602,0.628932,-0.628932,0.625864,-0.628932,-8.070273,8.084079,0.000000,0.626547,-0.626543,0.626540,-0.626536,0.626537,-0.626539,-7.271499,7.271499
0,217,4.340000,commanding,-0.012272,0.624330,-0.636602,0.628932,-0.628932,0.625864,-0.628932,-8.005846,8.025787,0.000000,0.626547,-0.626543,0.626540,-0.626536,0.626537,-0.626539,-7.114224,7.114224
0,218,4.360000,commanding,-0.012272,0.624330,-0.636602,0.628932,-0.628932,0.625864,-0.628932,-7.872389,7.896933,0.000000,0.626547,-0.626543,0.626540,-0.626536,0.626537,-0.626539,-6.956949,6.956949
0,219,4.380000,commanding,-0.012272,0.624330,-0.636602,0.628932,-0.628932,0.625864,-0.628932,-7.669904,7.689846,0.000000,0.626547,-0.626543,0.626540,-0.626536,0.626537,-0.626539,-6.799674,6.799674
0,220,4.400000,commanding,-0.012272,0.624330,-0.636602,0.628932,-0.628932,0.625864,-0.628932,-7.410661,7.415263,0.000000,0.626547,-0.626543,0.626540,-0.626536,0.626537,-0.626539,-6.642399,6.642399
0,221,4.420000,commanding,-0.012272,0.624330,-0.636602,0.628932,-0.628932,0.625864,-0.628932,-7.154486,7.146816,0.000000,0.626547,-0.626543,0.626540,-0.626536,0.626537,-0.626539,-6.485124,6.485124
0,222,4.440000,commanding,-0.012272,0.624330,-0.636602,0.628932,-0.628932,0.625864,-0.628932,-6.904448,6.886040,0.000000,0.626547,-0.626543,0.626540,-0.626536,0.626537,-0.626539,-6.457685,6.457685
0,223,4.460000,commanding,-0.012272,0.624330,-0.635068,0.628932,-0.628932,0.625864,-0.628932,-6.678952,6.659011,0.000000,0.626547,-0.626543,0.626540,-0.626536,0.626537,-0.626539,-6.457685,6.457685
0,224,4.480000,commanding,-0.012272,0.624330,-0.636602,0.628932,-0.628932,0.625864,-0.628932,-6.501011,6.479535,0.000000,0.626547,-0.626543,0.626540,-0.626536,0.626537,-0.626539,-6.457685,6.457685
0,225,4.500000,commanding,-0.012272,0.624330,-0.636602,0.628932,-0.628932,0.625864,-0.630466,-6.390564,6.375224,0.000000,0.626547,-0.626543,0.626540,-0.626536,0.626537,-0.626539,-6.457685,6.457685
0,226,4.520000,commanding,-0.012272,0.624330,-0.636602,0.628932,-0.628932,0.625864,-0.630466,-6.367554,6.361418,0.000000,0.626547,-0.626543,0.626540,-0.626536,0.626537,-0.626539,-6.457685,6.457685
0,227,4.540000,commanding,-0.012272,0.624330,-0.636602,0.628932,-0.628932,0.625864,-0.630466,-6.396700,6.396700,0.000000,0.626547,-0.626543,0.626540,-0.626536,0.626537,-0.626539,-6.457685,6.457685
0,228,4.560000,commanding,-0.012272,0.624330,-0.636602,0.628932,-0.628932,0.625864,-0.630466,-6.436583,6.442719,0.000000,0.626547,-0.626543,0.626540,-0.626536,0.626537,-0.626539,-6.457685,6.457685
0,229,4.580000,commanding,-0.012272,0.624330,-0.636602,0.628932,-0.628932,0.625864,-0.628932,-6.471865,6.482603,0.000000,0.626547,-0.626543,0.626540,-0.626536,0.626537,-0.626539,-6.457685,6.457685
0,230,4.600000,commanding,-0.012272,0.624330,-0.636602,0.628932,-0.628932,0.625864,-0.628932,-6.478001,6.487205,0.000000,0.626547,-0.626543,0.626540,-0.626536,0.626537,-0.626539,-6.457685,6.457685
0,231,4.620000,commanding,-0.012272,0.624330,-0.636602,0.628932,-0.628932,0.625864,-0.628932,-6.464195,6.467263,0.000000,0.626547,-0.626543,0.626540,-0.626536,0.626537,-0.626539,-6.457685,6.457685
0,232,4.640000,commanding,-0.012272,0.624330,-0.636602,0.628932,-0.628932,0.625864,-0.628932,-6.456525,6.456525,0.000000,0.626547,-0.626543,0.626540,-0.626536,0.626537,-0.626539,-6.457685,6.457685
0,233,4.660000,commanding,-0.012272,0.624330,-0.636602,0.628932,-0.628932,0.625864,-0.630466,-6.461127,6.454991,0.000000,0.626547,-0.626543,0.626540,-0.626536,0.626537,-0.626539,-6.457685,6.457685
0,234,4.680000,commanding,-0.012272,0.624330,-0.636602,0.628932,-0.628932,0.625864,-0.630466,-6.461127,6.459593,0.000000,0.626547,-0.626543,0.626540,-0.626536,0.626537,-0.626539,-6.457685,6.457685
0,235,4.700000,commanding,-0.012272,0.624330,-0.636602,0.628932,-0.628932,0.625864,-0.628932,-6.459593,6.462661,0.000000,0.626547,-0.626543,0.626540,-0.626536,0.626537,-0.626539,-6.457685,6.457685
0,236,4.720000,commanding,-0.012272,0.624330,-0.636602,0.628932,-0.628932,0.625864,-0.628932,-6.459593,6.459593,0.000000,0.626547,-0.626543,0.626540,-0.626536,0.626537,-0.626539,-6.457685,6.457685
0,237,4.740000,commanding,-0.012272,0.624330,-0.636602,0.628932,-0.628932,0.625864,-0.630466,-6.459593,6.456525,0.000000,0.626547,-0.626543,0.626540,-0.626536,0.626537,-0.626539,-6.457685,6.457685
0,238,4.760000,commanding,-0.012272,0.624330,-0.636602,0.628932,-0.628932,0.625864,-0.628932,-6.461127,6.459593,0.000000,0.626547,-0.626543,0.626540,-0.626536,0.626537,-0.626539,-6.457685,6.457685
0,239,4.780000,commanding,-0.012272,0.624330,-0.636602,0.628932,-0.628932,0.625864,-0.628932,-6.461127,6.459593,0.000000,0.626547,-0.626543,0.626540,-0.626536,0.626537,-0.626539,-6.457685,6.457685
0,240,4.800000,commanding,-0.012272,0.624330,-0.636602,0.628932,-0.628932,0.625864,-0.630466,-6.459593,6.458059,0.000000,0.626547,-0.626543,0.626540,-0.626536,0.626537,-0.626539,-6.457685,6.457685
0,241,4.820000,commanding,-0.012272,0.624330,-0.636602,0.628932,-0.628932,0.625864,-0.630466,-6.461127,6.458059,0.000000,0.626547,-0.626543,0.626540,-0.626536,0.626537,-0.626539,-6.457685,6.457685
0,242,4.840000,commanding,-0.012272,0.624330,-0.636602,0.628932,-0.628932,0.625864,-0.628932,-6.461127,6.458059,0.000000,0.626547,-0.626543,0.626540,-0.626536,0.626537,-0.626539,-6.457685,6.457685
0,243,4.860000,commanding,-0.012272,0.624330,-0.636602,0.628932,-0.628932,0.625864,-0.630466,-6.459593,6.458059,0.000000,0.626547,-0.626543,0.626540,-0.626536,0.626537,-0.626539,-6.457685,6.457685
0,244,4.880000,commanding,-0.012272,0.624330,-0.636602,0.628932,-0.628932,0.625864,-0.628932,-6.461127,6.459593,0.000000,0.626547,-0.626543,0.626540,-0.626536,0.626537,-0.626539,-6.457685,6.457685
0,245,4.900000,commanding,-0.012272,0.624330,-0.636602,0.628932,-0.628932,0.625864,-0.628932,-6.461127,6.458059,0.000000,0.626547,-0.626543,0.626540,-0.626536,0.626537,-0.626539,-6.457685,6.457685
0,246,4.920000,commanding,-0.012272,0.624330,-0.636602,0.628932,-0.628932,0.625864,-0.628932,-6.461127,6.459593,0.000000,0.626547,-0.626543,0.626540,-0.626536,0.626537,-0.626539,-6.457685,6.457685
0,247,4.940000,commanding,-0.012272,0.624330,-0.636602,0.628932,-0.628932,0.625864,-0.628932,-6.459593,6.458059,0.000000,0.626547,-0.626543,0.626540,-0.626536,0.626537,-0.626539,-6.457685,6.457685
0,248,4.960000,commanding,-0.012272,0.624330,-0.636602,0.628932,-0.628932,0.625864,-0.628932,-6.459593,6.459593,0.000000,0.626547,-0.626543,0.626540,-0.626536,0.626537,-0.626539,-6.457685,6.457685
0,249,4.980000,commanding,-0.012272,0.624330,-0.636602,0.628932,-0.628932,0.625864,-0.628932,-6.459593,6.459593,0.000000,0.626547,-0.626543,0.626540,-0.626536,0.626537,-0.626539,-6.457685,6.457685
0,250,5.000000,commanding,-0.012272,0.624330,-0.636602,0.628932,-0.628932,0.625864,-0.628932,-6.459593,6.458059,0.000000,0.626547,-0.626543,0.626540,-0.626536,0.626537,-0.626539,-6.457685,6.457685
0,251,5.020000,commanding,-0.012272,0.624330,-0.636602,0.628932,-0.628932,0.625864,-0.628932,-6.461127,6.459593,0.000000,0.626547,-0.626543,0.626540,-0.626536,0.626537,-0.626539,-6.457685,6.457685
0,252,5.040000,commanding,-0.012272,0.624330,-0.636602,0.628932,-0.628932,0.625864,-0.628932,-6.459593,6.458059,0.000000,0.626547,-0.626543,0.626540,-0.626536,0.626537,-0.626539,-6.457685,6.457685
0,253,5.060000,commanding,-0.012272,0.624330,-0.636602,0.628932,-0.628932,0.625864,-0.628932,-6.461127,6.458059,0.000000,0.626547,-0.626543,0.626540,-0.626536,0.626537,-0.626539,-6.457685,6.457685
0,254,5.080000,commanding,-0.012272,0.624330,-0.636602,0.628932,-0.628932,0.625864,-0.628932,-6.461127,6.459593,0.000000,0.626547,-0.626543,0.626540,-0.626536,0.626537,-0.626539,-6.457685,6.457685
0,255,5.100000,commanding,-0.012272,0.624330,-0.636602,0.628932,-0.628932,0.625864,-0.628932,-6.461127,6.459593,0.000000,0.626547,-0.626543,0.626540,-0.626536,0.626537,-0.626539,-6.457685,6.457685
0,256,5.120000,commanding,-0.012272,0.624330,-0.636602,0.628932,-0.628932,0.625864,-0.628932,-6.459593,6.458059,0.000000,0.626547,-0.626543,0.626540,-0.626536,0.626537,-0.626539,-6.457685,6.457685
0,257,5.140000,commanding,-0.012272,0.624330,-0.636602,0.628932,-0.628932,0.625864,-0.628932,-6.461127,6.459593,0.000000,0.626547,-0.626543,0.626540,-0.626536,0.626537,-0.626539,-6.457685,6.457685
0,258,5.160000,commanding,-0.012272,0.624330,-0.636602,0.628932,-0.628932,0.625864,-0.630466,-6.461127,6.458059,0.000000,0.626547,-0.626543,0.626540,-0.626536,0.626537,-0.626539,-6.457685,6.457685
0,259,5.180000,commanding,-0.012272,0.624330,-0.636602,0.628932,-0.628932,0.625864,-0.628932,-6.459593,6.459593,0.000000,0.626547,-0.626543,0.626540,-0.626536,0.626537,-0.626539,-6.457685,6.457685
0,260,5.200000,commanding,-0.012272,0.624330,-0.636602,0.628932,-0.628932,0.625864,-0.628932,-6.461127,6.458059,0.000000,0.626547,-0.626543,0.626540,-0.626536,0.626537,-0.626539,-6.457685,6.457685
0,261,5.220000,commanding,-0.012272,0.624330,-0.636602,0.628932,-0.628932,0.625864,-0.628932,-6.459593,6.458059,0.000000,0.626547,-0.626543,0.626540,-0.626536,0.626537,-0.626539,-6.457685,6.457685
0,262,5.240000,commanding,-0.012272,0.624330,-0.636602,0.628932,-0.628932,0.625864,-0.628932,-6.459593,6.458059,0.000000,0.626547,-0.626543,0.626540,-0.626536,0.626537,-0.626539,-6.457685,6.457685
0,263,5.260000,commanding,-0.012272,0.624330,-0.636602,0.628932,-0.628932,0.625864,-0.628932,-6.459593,6.458059,0.000000,0.626547,-0.626543,0.626540,-0.626536,0.626537,-0.626539,-6.457685,6.457685
0,264,5.280000,commanding,-0.012272,0.624330,-0.636602,0.628932,-0.628932,0.625864,-0.628932,-6.459593,6.459593,0.000000,0.626547,-0.626543,0.626540,-0.626536,0.626537,-0.626539,-6.457685,6.457685
0,265,5.300000,commanding,-0.012272,0.624330,-0.636602,0.628932,-0.628932,0.625864,-0.628932,-6.459593,6.459593,0.000000,0.626547,-0.626543,0.626540,-0.626536,0.626537,-0.626539,-6.457685,6.457685
0,266,5.320000,commanding,-0.012272,0.624330,-0.636602,0.628932,-0.628932,0.625864,-0.628932,-6.459593,6.459593,0.000000,0.626547,-0.626543,0.626540,-0.626536,0.626537,-0.626539,-6.457685,6.457685
0,267,5.340000,commanding,-0.012272,0.624330,-0.636602,0.628932,-0.628932,0.625864,-0.628932,-6.459593,6.459593,0.000000,0.626547,-0.626543,0.626540,-0.626536,0.626537,-0.626539,-6.457685,6.457685
0,268,5.360000,commanding,-0.012272,0.624330,-0.636602,0.628932,-0.628932,0.625864,-0.628932,-6.459593,6.458059,0.000000,0.626547,-0.626543,0.626540,-0.626536,0.626537,-0.626539,-6.457685,6.457685
0,269,5.380000,commanding,-0.012272,0.624330,-0.636602,0.628932,-0.628932,0.625864,-0.628932,-6.459593,6.459593,0.000000,0.626547,-0.626543,0.626540,-0.626536,0.626537,-0.626539,-6.457685,6.457685
0,270,5.400000,commanding,-0.012272,0.624330,-0.636602,0.628932,-0.628932,0.625864,-0.628932,-6.461127,6.459593,0.000000,0.626547,-0.626543,0.626540,-0.626536,0.626537,-0.626539,-6.457685,6.457685
0,271,5.420000,commanding,-0.012272,0.624330,-0.636602,0.628932,-0.628932,0.625864,-0.628932,-6.459593,6.459593,0.000000,0.626547,-0.626543,0.626540,-0.626536,0.626537,-0.626539,-6.457685,6.457685
0,272,5.440000,commanding,-0.012272,0.624330,-0.636602,0.628932,-0.628932,0.625864,-0.628932,-6.461127,6.458059,0.000000,0.626547,-0.626543,0.626540,-0.626536,0.626537,-0.626539,-6.534532,6.534532
0,273,5.460000,commanding,-0.012272,0.624330,-0.636602,0.628932,-0.628932,0.625864,-0.628932,-6.461127,6.459593,0.000000,0.626547,-0.626543,0.626540,-0.626536,0.626537,-0.626539,-6.627618,6.627618
0,274,5.480000,commanding,-0.012272,0.624330,-0.636602,0.628932,-0.628932,0.625864,-0.628932,-6.471865,6.467263,0.000000,0.626547,-0.626543,0.626540,-0.626536,0.626537,-0.626539,-6.720705,6.720705
0,275,5.500000,commanding,-0.012272,0.624330,-0.636602,0.628932,-0.628932,0.625864,-0.628932,-6.508680,6.507147,0.000000,0.626547,-0.626543,0.626540,-0.626536,0.626537,-0.626539,-6.813791,6.813791
0,276,5.520000,commanding,-0.012272,0.624330,-0.636602,0.628932,-0.628932,0.625864,-0.628932,-6.582312,6.585380,0.000000,0.626547,-0.626543,0.626540,-0.626536,0.626537,-0.626539,-6.906877,6.906877
0,277,5.540000,commanding,-0.012272,0.624330,-0.636602,0.628932,-0.628932,0.625864,-0.628932,-6.685088,6.692758,0.000000,0.626547,-0.626543,0.626540,-0.626536,0.626537,-0.626539,-6.999964,6.999964
0,278,5.560000,commanding,-0.012272,0.624330,-0.636602,0.628932,-0.628932,0.625864,-0.628932,-6.804739,6.817011,0.000000,0.626547,-0.626543,0.626540,-0.626536,0.626537,-0.626539,-7.093050,7.093050
0,279,5.580000,commanding,-0.012272,0.624330,-0.636602,0.628932,-0.628932,0.625864,-0.628932,-6.928991,6.944331,0.000000,0.626547,-0.626543,0.626540,-0.626536,0.626537,-0.626539,-7.186137,7.186137
0,280,5.600000,commanding,-0.012272,0.624330,-0.636602,0.628932,-0.628932,0.625864,-0.628932,-7.044040,7.056312,0.000000,0.626547,-0.626543,0.626540,-0.626536,0.626537,-0.626539,-7.279223,7.279223
0,281,5.620000,commanding,-0.012272,0.624330,-0.636602,0.628932,-0.628932,0.625864,-0.628932,-7.137613,7.145283,0.000000,0.626547,-0.626543,0.626540,-0.626536,0.626537,-0.626539,-7.372310,7.372310
0,282,5.640000,commanding,-0.012272,0.624330,-0.636602,0.628932,-0.628932,0.625864,-0.628932,-7.231185,7.234253,0.000000,0.626547,-0.626543,0.626540,-0.626536,0.626537,-0.626539,-7.465396,7.465396
0,283,5.660000,commanding,-0.012272,0.624330,-0.636602,0.628932,-0.628932,0.625864,-0.628932,-7.320156,7.320156,0.000000,0.626547,-0.626543,0.626540,-0.626536,0.626537,-0.626539,-7.558482,7.558482
0,284,5.680000,commanding,-0.012272,0.624330,-0.636602,0.628932,-0.628932,0.625864,-0.628932,-7.404525,7.410661,0.000000,0.626547,-0.626543,0.626540,-0.626536,0.626537,-0.626539,-7.651569,7.651569
0,285,5.700000,commanding,-0.012272,0.624330,-0.636602,0.628932,-0.628932,0.625864,-0.628932,-7.491962,7.499632,0.000000,0.626547,-0.626543,0.626540,-0.626536,0.626537,-0.626539,-7.744655,7.744655
0,286,5.720000,commanding,-0.012272,0.624330,-0.636602,0.628932,-0.628932,0.625864,-0.628932,-7.587069,7.602409,0.000000,0.626547,-0.626543,0.626540,-0.626536,0.626537,-0.626539,-7.837742,7.837742
0,287,5.740000,commanding,-0.012272,0.624330,-0.636602,0.628932,-0.628932,0.625864,-0.628932,-7.674506,7.694448,0.000000,0.626547,-0.626543,0.626540,-0.626536,0.626537,-0.626539,-7.950251,7.950251
0,288,5.760000,commanding,-0.012272,0.624330,-0.636602,0.628932,-0.628932,0.625864,-0.628932,-7.768079,7.786486,0.000000,0.626547,-0.626543,0.626540,-0.626536,0.626537,-0.626539,-8.066864,8.066864
0,289,5.780000,commanding,-0.012272,0.624330,-0.636602,0.628932,-0.628932,0.625864,-0.628932,-7.864719,7.876991,0.000000,0.626547,-0.626543,0.626540,-0.626536,0.626537,-0.626539,-8.183478,8.183478
0,290,5.800000,commanding,-0.012272,0.624330,-0.636602,0.628932,-0.628932,0.625864,-0.628932,-7.965962,7.972098,0.000000,0.626547,-0.626543,0.626540,-0.626536,0.626537,-0.626539,-8.300091,8.300091
0,291,5.820000,commanding,-0.012272,0.624330,-0.636602,0.628932,-0.628932,0.625864,-0.628932,-8.076409,8.081011,0.000000,0.626547,-0.626543,0.626540,-0.626536,0.626537,-0.626539,-8.416705,8.416705
0,292,5.840000,commanding,-0.012272,0.624330,-0.636602,0.628932,-0.628932,0.625864,-0.628932,-8.197593,8.200661,0.000000,0.626547,-0.626543,0.626540,-0.626536,0.626537,-0.626539,-8.533319,8.533319
0,293,5.860000,commanding,-0.012272,0.624330,-0.636602,0.628932,-0.628932,0.625864,-0.628932,-8.311108,8.312642,0.000000,0.626547,-0.626543,0.626540,-0.626536,0.626537,-0.626539,-8.649932,8.649932
0,294,5.880000,commanding,-0.012272,0.624330,-0.636602,0.628932,-0.628932,0.625864,-0.628932,-8.430758,8.435360,0.000000,0.626547,-0.626543,0.626540,-0.626536,0.626537,-0.626539,-8.766546,8.766546
0,295,5.900000,commanding,-0.012272,0.624330,-0.636602,0.628932,-0.628932,0.625864,-0.628932,-8.544273,8.556545,0.000000,0.626547,-0.626543,0.626540,-0.626536,0.626537,-0.626539,-8.883159,8.883159
0,296,5.920000,commanding,-0.012272,0.624330,-0.636602,0.628932,-0.628932,0.625864,-0.628932,-8.657788,8.671593,0.000000,0.626547,-0.626543,0.626540,-0.626536,0.626537,-0.626539,-8.999773,8.999773
0,297,5.940000,commanding,-0.012272,0.624330,-0.636602,0.628932,-0.628932,0.625864,-0.628932,-8.774370,8.789710,0.000000,0.626547,-0.626543,0.626540,-0.626536,0.626537,-0.626539,-9.116387,9.116387
0,298,5.960000,commanding,-0.012272,0.624330,-0.636602,0.628932,-0.628932,0.625864,-0.628932,-8.897089,8.909360,0.000000,0.626547,-0.626543,0.626540,-0.626536,0.626537,-0.626539,-9.233000,9.233000
0,299,5.980000,commanding,-0.012272,0.624330,-0.636602,0.628932,-0.628932,0.625864,-0.628932,-9.004467,9.016739,0.000000,0.626547,-0.626543,0.626540,-0.626536,0.626537,-0.626539,-9.349614,9.349614
0,300,6.000000,commanding,-0.012272,0.624330,-0.636602,0.628932,-0.628932,0.625864,-0.628932,-9.116448,9.130254,0.000000,0.626547,-0.626543,0.626540,-0.626536,0.626537,-0.626539,-9.466227,9.466227
0,301,6.020000,commanding,-0.012272,0.624330,-0.636602,0.628932,-0.628932,0.625864,-0.628932,-9.225360,9.240700,0.000000,0.626547,-0.626543,0.626540,-0.626536,0.626537,-0.626539,-9.582841,9.582841
0,302,6.040000,commanding,-0.012272,0.624330,-0.636602,0.628932,-0.628932,0.625864,-0.628932,-9.335807,9.351147,0.000000,0.626547,-0.626543,0.626540,-0.626536,0.626537,-0.626539,-9.603185,9.603185
0,303,6.060000,commanding,-0.012272,0.622796,-0.636602,0.628932,-0.628932,0.625864,-0.628932,-9.447788,9.463127,0.000000,0.626547,-0.626543,0.626540,-0.626536,0.626537,-0.626539,-9.603185,9.603185
0,304,6.080000,commanding,-0.012272,0.622796,-0.636602,0.628932,-0.628932,0.625864,-0.628932,-9.564370,9.576642,0.000000,0.626547,-0.626543,0.626540,-0.626536,0.626537,-0.626539,-9.603185,9.603185
0,305,6.100000,commanding,-0.012272,0.622796,-0.636602,0.628932,-0.628932,0.625864,-0.628932,-9.636467,9.648739,0.000000,0.626547,-0.626543,0.626540,-0.626536,0.626537,-0.626539,-9.603185,9.603185
0,306,6.120000,commanding,-0.012272,0.622796,-0.636602,0.628932,-0.628932,0.625864,-0.628932,-9.654875,9.662545,0.000000,0.626547,-0.626543,0.626540,-0.626536,0.626537,-0.626539,-9.603185,9.603185
0,307,6.140000,commanding,-0.012272,0.622796,-0.636602,0.628932,-0.628932,0.625864,-0.628932,-9.633399,9.634933,0.000000,0.626547,-0.626543,0.626540,-0.626536,0.626537,-0.626539,-9.603185,9.603185
0,308,6.160000,commanding,-0.012272,0.622796,-0.636602,0.628932,-0.628932,0.625864,-0.628932,-9.607322,9.605788,0.000000,0.626547,-0.626543,0.626540,-0.626536,0.626537,-0.626539,-9.603185,9.603185
0,309,6.180000,commanding,-0.012272,0.622796,-0.636602,0.628932,-0.628932,0.625864,-0.628932,-9.590448,9.588914,0.000000,0.626547,-0.626543,0.626540,-0.626536,0.626537,-0.626539,-9.603185,9.603185
0,310,6.200000,commanding,-0.012272,0.622796,-0.636602,0.628932,-0.628932,0.625864,-0.628932,-9.591982,9.591982,0.000000,0.626547,-0.626543,0.626540,-0.626536,0.626537,-0.626539,-9.603185,9.603185
0,311,6.220000,commanding,-0.012272,0.622796,-0.636602,0.628932,-0.628932,0.625864,-0.628932,-9.598118,9.602720,0.000000,0.626547,-0.626543,0.626540,-0.626536,0.626537,-0.626539,-9.603185,9.603185
0,312,6.240000,commanding,-0.012272,0.622796,-0.636602,0.628932,-0.628932,0.625864,-0.628932,-9.602720,9.604254,0.000000,0.626547,-0.626543,0.626540,-0.626536,0.626537,-0.626539,-9.603185,9.603185
0,313,6.260000,commanding,-0.012272,0.622796,-0.636602,0.628932,-0.628932,0.625864,-0.628932,-9.604254,9.602720,0.000000,0.626547,-0.626543,0.626540,-0.626536,0.626537,-0.626539,-9.603185,9.603185
0,314,6.280000,commanding,-0.012272,0.622796,-0.636602,0.628932,-0.628932,0.625864,-0.628932,-9.602720,9.602720,0.000000,0.626547,-0.626543,0.626540,-0.626536,0.626537,-0.626539,-9.603185,9.603185
0,315,6.300000,commanding,-0.012272,0.622796,-0.636602,0.628932,-0.628932,0.625864,-0.628932,-9.602720,9.602720,0.000000,0.626547,-0.626543,0.626540,-0.626536,0.626537,-0.626539,-9.603185,9.603185
0,316,6.320000,commanding,-0.012272,0.622796,-0.636602,0.628932,-0.628932,0.625864,-0.628932,-9.602720,9.602720,0.000000,0.626547,-0.626543,0.626540,-0.626536,0.626537,-0.626539,-9.603185,9.603185
0,317,6.340000,commanding,-0.012272,0.622796,-0.636602,0.628932,-0.628932,0.625864,-0.628932,-9.602720,9.602720,0.000000,0.626547,-0.626543,0.626540,-0.626536,0.626537,-0.626539,-9.603185,9.603185
0,318,6.360000,commanding,-0.012272,0.622796,-0.636602,0.628932,-0.628932,0.625864,-0.628932,-9.602720,9.602720,0.000000,0.626547,-0.626543,0.626540,-0.626536,0.626537,-0.626539,-9.603185,9.603185
0,319,6.380000,commanding,-0.012272,0.622796,-0.636602,0.628932,-0.628932,0.625864,-0.628932,-9.602720,9.602720,0.000000,0.626547,-0.626543,0.626540,-0.626536,0.626537,-0.626539,-9.603185,9.603185
0,320,6.400000,commanding,-0.012272,0.622796,-0.636602,0.628932,-0.628932,0.625864,-0.628932,-9.602720,9.602720,0.000000,0.626547,-0.626543,0.626540,-0.626536,0.626537,-0.626539,-9.603185,9.603185
0,321,6.420000,commanding,-0.012272,0.622796,-0.636602,0.628932,-0.628932,0.625864,-0.628932,-9.602720,9.602720,0.000000,0.626547,-0.626543,0.626540,-0.626536,0.626537,-0.626539,-9.603185,9.603185
0,322,6.440000,commanding,-0.012272,0.622796,-0.636602,0.628932,-0.628932,0.625864,-0.628932,-9.602720,9.602720,0.000000,0.626547,-0.626543,0.626540,-0.626536,0.626537,-0.626539,-9.603185,9.603185
0,323,6.460000,commanding,-0.012272,0.622796,-0.636602,0.628932,-0.628932,0.625864,-0.628932,-9.602720,9.602720,0.000000,0.626547,-0.626543,0.626540,-0.626536,0.626537,-0.626539,-9.603185,9.603185
0,324,6.480000,commanding,-0.012272,0.622796,-0.636602,0.628932,-0.628932,0.625864,-0.628932,-9.602720,9.602720,0.000000,0.626547,-0.626543,0.626540,-0.626536,0.626537,-0.626539,-9.603185,9.603185
0,325,6.500000,commanding,-0.012272,0.622796,-0.636602,0.628932,-0.628932,0.625864,-0.628932,-9.602720,9.602720,0.000000,0.626547,-0.626543,0.626540,-0.626536,0.626537,-0.626539,-9.603185,9.603185
0,326,6.520000,commanding,-0.012272,0.622796,-0.636602,0.628932,-0.628932,0.625864,-0.628932,-9.602720,9.602720,0.000000,0.626547,-0.626543,0.626540,-0.626536,0.626537,-0.626539,-9.603185,9.603185
0,327,6.540000,commanding,-0.012272,0.622796,-0.636602,0.628932,-0.628932,0.625864,-0.628932,-9.602720,9.602720,0.000000,0.626547,-0.626543,0.626540,-0.626536,0.626537,-0.626539,-9.603185,9.603185
0,328,6.560000,commanding,-0.012272,0.622796,-0.636602,0.628932,-0.628932,0.625864,-0.628932,-9.602720,9.602720,0.000000,0.626547,-0.626543,0.626540,-0.626536,0.626537,-0.626539,-9.603185,9.603185
0,329,6.580000,commanding,-0.012272,0.622796,-0.636602,0.628932,-0.628932,0.625864,-0.628932,-9.602720,9.602720,0.000000,0.626547,-0.626543,0.626540,-0.626536,0.626537,-0.626539,-9.603185,9.603185
0,330,6.600000,commanding,-0.012272,0.622796,-0.636602,0.628932,-0.628932,0.625864,-0.628932,-9.602720,9.602720,0.000000,0.626547,-0.626543,0.626540,-0.626536,0.626537,-0.626539,-9.603185,9.603185
0,331,6.620000,commanding,-0.012272,0.622796,-0.636602,0.628932,-0.628932,0.625864,-0.628932,-9.602720,9.602720,0.000000,0.626547,-0.626543,0.626540,-0.626536,0.626537,-0.626539,-9.603185,9.603185
0,332,6.640000,commanding,-0.012272,0.622796,-0.636602,0.628932,-0.628932,0.625864,-0.628932,-9.602720,9.602720,0.000000,0.626547,-0.626543,0.626540,-0.626536,0.626537,-0.626539,-9.603185,9.603185
0,333,6.660000,commanding,-0.012272,0.622796,-0.636602,0.628932,-0.628932,0.625864,-0.628932,-9.602720,9.602720,0.000000,0.626547,-0.626543,0.626540,-0.626536,0.626537,-0.626539,-9.603185,9.603185
0,334,6.680000,commanding,-0.012272,0.622796,-0.636602,0.628932,-0.628932,0.625864,-0.628932,-9.602720,9.602720,0.000000,0.626547,-0.626543,0.626540,-0.626536,0.626537,-0.626539,-9.603185,9.603185
0,335,6.700000,commanding,-0.012272,0.622796,-0.636602,0.628932,-0.628932,0.625864,-0.628932,-9.602720,9.602720,0.000000,0.626547,-0.626543,0.626540,-0.626536,0.626537,-0.626539,-9.603185,9.603185
0,336,6.720000,commanding,-0.012272,0.622796,-0.636602,0.628932,-0.628932,0.625864,-0.628932,-9.602720,9.602720,0.000000,0.626547,-0.626543,0.626540,-0.626536,0.626537,-0.626539,-9.603185,9.603185
0,337,6.740000,commanding,-0.012272,0.622796,-0.636602,0.628932,-0.628932,0.625864,-0.628932,-9.602720,9.602720,0.000000,0.626547,-0.626543,0.626540,-0.626536,0.626537,-0.626539,-9.603185,9.603185
0,338,6.760000,commanding,-0.012272,0.622796,-0.636602,0.628932,-0.628932,0.625864,-0.628932,-9.602720,9.602720,0.000000,0.626547,-0.626543,0.626540,-0.626536,0.626537,-0.626539,-9.603185,9.603185
0,339,6.780000,commanding,-0.012272,0.622796,-0.636602,0.628932,-0.628932,0.625864,-0.628932,-9.602720,9.602720,0.000000,0.626547,-0.626543,0.626540,-0.626536,0.626537,-0.626539,-9.603185,9.603185
0,340,6.800000,commanding,-0.012272,0.622796,-0.636602,0.628932,-0.628932,0.625864,-0.628932,-9.602720,9.602720,0.000000,0.626547,-0.626543,0.626540,-0.626536,0.626537,-0.626539,-9.603185,9.603185
0,341,6.820000,commanding,-0.012272,0.622796,-0.636602,0.628932,-0.628932,0.625864,-0.628932,-9.602720,9.602720,0.000000,0.626547,-0.626543,0.626540,-0.626536,0.626537,-0.626539,-9.603185,9.603185
0,342,6.840000,commanding,-0.012272,0.622796,-0.636602,0.628932,-0.628932,0.625864,-0.628932,-9.602720,9.602720,0.000000,0.626547,-0.626543,0.626540,-0.626536,0.626537,-0.626539,-9.603185,9.603185
0,343,6.860000,commanding,-0.012272,0.622796,-0.636602,0.628932,-0.628932,0.625864,-0.628932,-9.602720,9.602720,0.000000,0.626547,-0.626543,0.626540,-0.626536,0.626537,-0.626539,-9.603185,9.603185
0,344,6.880000,commanding,-0.012272,0.622796,-0.636602,0.628932,-0.628932,0.625864,-0.628932,-9.602720,9.602720,0.000000,0.626547,-0.626543,0.626540,-0.626536,0.626537,-0.626539,-9.603185,9.603185
0,345,6.900000,commanding,-0.012272,0.622796,-0.636602,0.628932,-0.628932,0.625864,-0.628932,-9.602720,9.602720,0.000000,0.626547,-0.626543,0.626540,-0.626536,0.626537,-0.626539,-9.603185,9.603185
0,346,6.920000,commanding,-0.012272,0.622796,-0.636602,0.628932,-0.628932,0.625864,-0.628932,-9.602720,9.602720,0.000000,0.626547,-0.626543,0.626540,-0.626536,0.626537,-0.626539,-9.603185,9.603185
0,347,6.940000,commanding,-0.012272,0.622796,-0.636602,0.628932,-0.628932,0.625864,-0.628932,-9.602720,9.602720,0.000000,0.626547,-0.626543,0.626540,-0.626536,0.626537,-0.626539,-9.603185,9.603185
0,348,6.960000,commanding,-0.012272,0.622796,-0.636602,0.628932,-0.628932,0.625864,-0.628932,-9.602720,9.602720,0.000000,0.626547,-0.626543,0.626540,-0.626536,0.626537,-0.626539,-9.603185,9.603185
0,349,6.980000,commanding,-0.012272,0.622796,-0.636602,0.628932,-0.628932,0.625864,-0.628932,-9.602720,9.602720,0.000000,0.626547,-0.626543,0.626540,-0.626536,0.626537,-0.626539,-9.603185,9.603185
0,350,7.000000,commanding,-0.012272,0.622796,-0.636602,0.628932,-0.628932,0.625864,-0.628932,-9.602720,9.602720,0.000000,0.626547,-0.626543,0.626540,-0.626536,0.626537,-0.626539,-9.603185,9.603185
0,351,7.020000,commanding,-0.012272,0.622796,-0.636602,0.628932,-0.628932,0.625864,-0.628932,-9.602720,9.602720,0.000000,0.626547,-0.626543,0.626540,-0.626536,0.626537,-0.626539,-9.603185,9.603185
0,352,7.040000,commanding,-0.012272,0.622796,-0.636602,0.628932,-0.628932,0.625864,-0.628932,-9.602720,9.602720,0.000000,0.626547,-0.626543,0.626540,-0.626536,0.626537,-0.626539,-9.577218,9.577218
0,353,7.060000,commanding,-0.012272,0.622796,-0.636602,0.628932,-0.628932,0.625864,-0.628932,-9.602720,9.601186,0.000000,0.626547,-0.626543,0.626540,-0.626536,0.626537,-0.626539,-9.545763,9.545763
0,354,7.080000,commanding,-0.012272,0.622796,-0.636602,0.628932,-0.628932,0.625864,-0.628932,-9.596584,9.590448,0.000000,0.626547,-0.626543,0.626540,-0.626536,0.626537,-0.626539,-9.514308,9.514308
0,355,7.100000,commanding,-0.012272,0.622796,-0.636602,0.628932,-0.628932,0.625864,-0.628932,-9.576642,9.567438,0.000000,0.626547,-0.626543,0.626540,-0.626536,0.626537,-0.626539,-9.482853,9.482853
0,356,7.120000,commanding,-0.012272,0.622796,-0.636602,0.628932,-0.628932,0.625864,-0.628932,-9.544428,9.535225,0.000000,0.626547,-0.626543,0.626540,-0.626536,0.626537,-0.626539,-9.451398,9.451398
0,357,7.140000,commanding,-0.012272,0.622796,-0.636602,0.628932,-0.628932,0.625864,-0.628932,-9.506079,9.498409,0.000000,0.626547,-0.626543,0.626540,-0.626536,0.626537,-0.626539,-9.419943,9.419943
0,358,7.160000,commanding,-0.012272,0.622796,-0.636602,0.628932,-0.628932,0.625864,-0.628932,-9.464661,9.456992,0.000000,0.626547,-0.626543,0.626540,-0.626536,0.626537,-0.626539,-9.388488,9.388488
0,359,7.180000,commanding,-0.012272,0.622796,-0.636602,0.628932,-0.628932,0.625864,-0.628932,-9.426312,9.420176,0.000000,0.626547,-0.626543,0.626540,-0.626536,0.626537,-0.626539,-9.357033,9.357033
0,360,7.200000,commanding,-0.012272,0.622796,-0.636602,0.628932,-0.628932,0.625864,-0.628932,-9.392564,9.387962,0.000000,0.626547,-0.626543,0.626540,-0.626536,0.626537,-0.626539,-9.325578,9.325578
0,361,7.220000,commanding,-0.012272,0.622796,-0.636602,0.628932,-0.628932,0.625864,-0.630466,-9.361885,9.358817,0.000000,0.626547,-0.626543,0.626540,-0.626536,0.626537,-0.626539,-9.294123,9.294123
0,362,7.240000,commanding,-0.012272,0.622796,-0.636602,0.628932,-0.628932,0.625864,-0.628932,-9.338875,9.332739,0.000000,0.626547,-0.626543,0.626540,-0.626536,0.626537,-0.626539,-9.262668,9.262668
0,363,7.260000,commanding,-0.012272,0.622796,-0.636602,0.628932,-0.628932,0.625864,-0.628932,-9.312797,9.305127,0.000000,0.626547,-0.626543,0.626540,-0.626536,0.626537,-0.626539,-9.231213,9.231213
0,364,7.280000,commanding,-0.012272,0.622796,-0.636602,0.628932,-0.628932,0.625864,-0.628932,-9.282118,9.275982,0.000000,0.626547,-0.626543,0.626540,-0.626536,0.626537,-0.626539,-9.199758,9.199758
0,365,7.300000,commanding,-0.012272,0.622796,-0.636602,0.628932,-0.628932,0.625864,-0.628932,-9.251438,9.245302,0.000000,0.626547,-0.626543,0.626540,-0.626536,0.626537,-0.626539,-9.168303,9.168303
0,366,7.320000,commanding,-0.012272,0.622796,-0.636602,0.628932,-0.628932,0.625864,-0.628932,-9.220759,9.213089,0.000000,0.626547,-0.626543,0.626540,-0.626536,0.626537,-0.626539,-9.136848,9.136848
0,367,7.340000,commanding,-0.012272,0.622796,-0.636602,0.628932,-0.628932,0.625864,-0.628932,-9.187011,9.180875,0.000000,0.626547,-0.626543,0.626540,-0.626536,0.626537,-0.626539,-9.105393,9.105393
0,368,7.360000,commanding,-0.012272,0.622796,-0.636602,0.628932,-0.628932,0.625864,-0.628932,-9.154797,9.150195,0.000000,0.626547,-0.626543,0.626540,-0.626536,0.626537,-0.626539,-9.073938,9.073938
0,369,7.380000,commanding,-0.012272,0.622796,-0.636602,0.628932,-0.628932,0.625864,-0.628932,-9.125652,9.121050,0.000000,0.626547,-0.626543,0.626540,-0.626536,0.626537,-0.626539,-9.042483,9.042483
0,370,7.400000,commanding,-0.012272,0.622796,-0.636602,0.628932,-0.628932,0.625864,-0.628932,-9.093438,9.090370,0.000000,0.626547,-0.626543,0.626540,-0.626536,0.626537,-0.626539,-9.011028,9.011028
0,371,7.420000,commanding,-0.012272,0.622796,-0.636602,0.628932,-0.628932,0.625864,-0.628932,-9.065826,9.061225,0.000000,0.626547,-0.626543,0.626540,-0.626536,0.626537,-0.626539,-8.979573,8.979573
0,372,7.440000,commanding,-0.012272,0.622796,-0.636602,0.628932,-0.628932,0.625864,-0.628932,-9.035147,9.029011,0.000000,0.626547,-0.626543,0.626540,-0.626536,0.626537,-0.626539,-8.948118,8.948118
0,373,7.460000,commanding,-0.012272,0.622796,-0.636602,0.628932,-0.628932,0.625864,-0.628932,-9.002933,8.996797,0.000000,0.626547,-0.626543,0.626540,-0.626536,0.626537,-0.626539,-8.916663,8.916663
0,374,7.480000,commanding,-0.012272,0.622796,-0.636602,0.628932,-0.628932,0.625864,-0.628932,-8.972254,8.964584,0.000000,0.626547,-0.626543,0.626540,-0.626536,0.626537,-0.626539,-8.885208,8.885208
0,375,7.500000,commanding,-0.012272,0.622796,-0.636602,0.628932,-0.628932,0.625864,-0.628932,-8.943108,8.933904,0.000000,0.626547,-0.626543,0.626540,-0.626536,0.626537,-0.626539,-8.853753,8.853753
0,376,7.520000,commanding,-0.012272,0.622796,-0.636602,0.628932,-0.628932,0.625864,-0.628932,-8.909360,8.903224,0.000000,0.626547,-0.626543,0.626540,-0.626536,0.626537,-0.626539,-8.822298,8.822298
0,377,7.540000,commanding,-0.012272,0.622796,-0.636602,0.628932,-0.628932,0.625864,-0.628932,-8.880215,8.878681,0.000000,0.626547,-0.626543,0.626540,-0.626536,0.626537,-0.626539,-8.790843,8.790843
0,378,7.560000,commanding,-0.012272,0.622796,-0.636602,0.628932,-0.628932,0.625864,-0.628932,-8.849535,8.849535,0.000000,0.626547,-0.626543,0.626540,-0.626536,0.626537,-0.626539,-8.759388,8.759388
0,379,7.580000,commanding,-0.012272,0.622796,-0.636602,0.628932,-0.628932,0.625864,-0.628932,-8.820390,8.817322,0.000000,0.626547,-0.626543,0.626540,-0.626536,0.626537,-0.626539,-8.727933,8.727933
0,380,7.600000,commanding,-0.012272,0.622796,-0.636602,0.628932,-0.628932,0.625864,-0.628932,-8.792778,8.785108,0.000000,0.626547,-0.626543,0.626540,-0.626536,0.626537,-0.626539,-8.696478,8.696478
0,381,7.620000,commanding,-0.012272,0.622796,-0.636602,0.628932,-0.628932,0.625864,-0.628932,-8.762098,8.752894,0.000000,0.626547,-0.626543,0.626540,-0.626536,0.626537,-0.626539,-8.665023,8.665023
0,382,7.640000,commanding,-0.012272,0.622796,-0.636602,0.628932,-0.628932,0.625864,-0.628932,-8.728351,8.719147,0.000000,0.626547,-0.626543,0.626540,-0.626536,0.626537,-0.626539,-8.633568,8.633568
0,383,7.660000,commanding,-0.012272,0.622796,-0.636602,0.628932,-0.628932,0.625864,-0.628932,-8.697671,8.690001,0.000000,0.626547,-0.626543,0.626540,-0.626536,0.626537,-0.626539,-8.602113,8.602113
0,384,7.680000,commanding,-0.012272,0.622796,-0.636602,0.628932,-0.628932,0.625864,-0.628932,-8.668525,8.660856,0.000000,0.626547,-0.626543,0.626540,-0.626536,0.626537,-0.626539,-8.570658,8.570658
0,385,7.700000,commanding,-0.012272,0.622796,-0.636602,0.628932,-0.628932,0.625864,-0.628932,-8.639380,8.631710,0.000000,0.626547,-0.626543,0.626540,-0.626536,0.626537,-0.626539,-8.539203,8.539203
0,386,7.720000,commanding,-0.012272,0.622796,-0.636602,0.628932,-0.628932,0.625864,-0.628932,-8.608700,8.602564,0.000000,0.626547,-0.626543,0.626540,-0.626536,0.626537,-0.626539,-8.507748,8.507748
0,387,7.740000,commanding,-0.012272,0.622796,-0.636602,0.628932,-0.628932,0.625864,-0.628932,-8.578021,8.570351,0.000000,0.626547,-0.626543,0.626540,-0.626536,0.626537,-0.626539,-8.476293,8.476293
0,388,7.760000,commanding,-0.012272,0.622796,-0.636602,0.628932,-0.628932,0.625864,-0.628932,-8.545807,8.536603,0.000000,0.626547,-0.626543,0.626540,-0.626536,0.626537,-0.626539,-8.444838,8.444838
0,389,7.780000,commanding,-0.012272,0.622796,-0.636602,0.628932,-0.628932,0.625864,-0.628932,-8.515127,8.507457,0.000000,0.626547,-0.626543,0.626540,-0.626536,0.626537,-0.626539,-8.413383,8.413383
0,390,7.800000,commanding,-0.012272,0.622796,-0.636602,0.628932,-0.628932,0.625864,-0.628932,-8.485982,8.478312,0.000000,0.626547,-0.626543,0.626540,-0.626536,0.626537,-0.626539,-8.381928,8.381928
0,391,7.820000,commanding,-0.012272,0.622796,-0.636602,0.628932,-0.628932,0.625864,-0.628932,-8.455302,8.452234,0.000000,0.626547,-0.626543,0.626540,-0.626536,0.626537,-0.626539,-8.350473,8.350473
0,392,7.840000,commanding,-0.012272,0.622796,-0.636602,0.628932,-0.628932,0.625864,-0.628932,-8.426156,8.426156,0.000000,0.626547,-0.626543,0.626540,-0.626536,0.626537,-0.626539,-8.319018,8.319018
0,393,7.860000,commanding,-0.012272,0.622796,-0.636602,0.628932,-0.628932,0.625864,-0.628932,-8.393943,8.397011,0.000000,0.626547,-0.626543,0.626540,-0.626536,0.626537,-0.626539,-8.287563,8.287563
0,394,7.880000,commanding,-0.012272,0.622796,-0.636602,0.628932,-0.628932,0.625864,-0.628932,-8.360195,8.363263,0.000000,0.626547,-0.626543,0.626540,-0.626536,0.626537,-0.626539,-8.256108,8.256108
0,395,7.900000,commanding,-0.012272,0.622796,-0.636602,0.628932,-0.628932,0.625864,-0.628932,-8.327982,8.331050,0.000000,0.626547,-0.626543,0.626540,-0.626536,0.626537,-0.626539,-8.224653,8.224653
0,396,7.920000,commanding,-0.012272,0.622796,-0.636602,0.628932,-0.628932,0.625864,-0.628932,-8.297302,8.298836,0.000000,0.626547,-0.626543,0.626540,-0.626536,0.626537,-0.626539,-8.193198,8.193198
0,397,7.940000,commanding,-0.012272,0.622796,-0.636602,0.628932,-0.628932,0.625864,-0.628932,-8.266622,8.266622,0.000000,0.626547,-0.626543,0.626540,-0.626536,0.626537,-0.626539,-8.161743,8.161743
0,398,7.960000,commanding,-0.012272,0.622796,-0.636602,0.628932,-0.628932,0.625864,-0.628932,-8.237477,8.234409,0.000000,0.626547,-0.626543,0.626540,-0.626536,0.626537,-0.626539,-8.130288,8.130288
0,399,7.980000,commanding,-0.012272,0.622796,-0.636602,0.628932,-0.628932,0.625864,-0.628932,-8.206797,8.206797,0.000000,0.626547,-0.626543,0.626540,-0.626536,0.626537,-0.626539,-8.098833,8.098833
0,400,8.000000,commanding,-0.012272,0.622796,-0.636602,0.628932,-0.628932,0.625864,-0.628932,-8.174584,8.176118,0.000000,0.626547,-0.626543,0.626540,-0.626536,0.626537,-0.626539,-8.067378,8.067378
0,401,8.020000,commanding,-0.012272,0.622796,-0.636602,0.628932,-0.628932,0.625864,-0.628932,-8.145438,8.148506,0.000000,0.626547,-0.626543,0.626540,-0.626536,0.626537,-0.626539,-8.035923,8.035923
0,402,8.040000,commanding,-0.012272,0.622796,-0.636602,0.628932,-0.628932,0.625864,-0.628932,-8.116292,8.114758,0.000000,0.626547,-0.626543,0.626540,-0.626536,0.626537,-0.626539,-8.004468,8.004468
0,403,8.060000,commanding,-0.012272,0.622796,-0.636602,0.628932,-0.628932,0.625864,-0.628932,-8.084079,8.079477,0.000000,0.626547,-0.626543,0.626540,-0.626536,0.626537,-0.626539,-7.973013,7.973013
0,404,8.080000,commanding,-0.012272,0.622796,-0.636602,0.628932,-0.628932,0.625864,-0.628932,-8.053399,8.047263,0.000000,0.626547,-0.626543,0.626540,-0.626536,0.626537,-0.626539,-7.941558,7.941558
0,405,8.100000,commanding,-0.012272,0.622796,-0.636602,0.628932,-0.628932,0.625864,-0.628932,-8.018118,8.016584,0.000000,0.626547,-0.626543,0.626540,-0.626536,0.626537,-0.626539,-7.910103,7.910103
0,406,8.120000,commanding,-0.012272,0.622796,-0.636602,0.628932,-0.628932,0.625864,-0.628932,-7.985904,7.988972,0.000000,0.626547,-0.626543,0.626540,-0.626536,0.626537,-0.626539,-7.878648,7.878648
0,407,8.140000,commanding,-0.012272,0.622796,-0.636602,0.628932,-0.628932,0.625864,-0.628932,-7.956758,7.959826,0.000000,0.626547,-0.626543,0.626540,-0.626536,0.626537,-0.626539,-7.847193,7.847193
0,408,8.160000,commanding,-0.012272,0.622796,-0.636602,0.628932,-0.628932,0.625864,-0.628932,-7.927613,7.929147,0.000000,0.626547,-0.626543,0.626540,-0.626536,0.626537,-0.626539,-7.815738,7.815738
0,409,8.180000,commanding,-0.012272,0.622796,-0.636602,0.628932,-0.628932,0.625864,-0.628932,-7.898467,7.893865,0.000000,0.626547,-0.626543,0.626540,-0.626536,0.626537,-0.626539,-7.784283,7.784283
0,410,8.200000,commanding,-0.012272,0.622796,-0.636602,0.628932,-0.628932,0.625864,-0.628932,-7.869321,7.860118,0.000000,0.626547,-0.626543,0.626540,-0.626536,0.626537,-0.626539,-7.752828,7.752828
0,411,8.220000,commanding,-0.012272,0.622796,-0.636602,0.628932,-0.628932,0.625864,-0.628932,-7.838642,7.826370,0.000000,0.626547,-0.626543,0.626540,-0.626536,0.626537,-0.626539,-7.721373,7.721373
0,412,8.240000,commanding,-0.012272,0.622796,-0.636602,0.628932,-0.628932,0.625864,-0.628932,-7.804894,7.792622,0.000000,0.626547,-0.626543,0.626540,-0.626536,0.626537,-0.626539,-7.689918,7.689918
0,413,8.260000,commanding,-0.012272,0.622796,-0.636602,0.628932,-0.628932,0.625864,-0.628932,-7.774215,7.763477,0.000000,0.626547,-0.626543,0.626540,-0.626536,0.626537,-0.626539,-7.658463,7.658463
0,414,8.280000,commanding,-0.012272,0.622796,-0.636602,0.628932,-0.628932,0.625864,-0.628932,-7.738933,7.734331,0.000000,0.626547,-0.626543,0.626540,-0.626536,0.626537,-0.626539,-7.627008,7.627008
0,415,8.300000,commanding,-0.012272,0.622796,-0.636602,0.628932,-0.628932,0.625864,-0.628932,-7.706719,7.703652,0.000000,0.626547,-0.626543,0.626540,-0.626536,0.626537,-0.626539,-7.595553,7.595553
0,416,8.320000,commanding,-0.012272,0.622796,-0.636602,0.628932,-0.628932,0.625864,-0.628932,-7.674506,7.671438,0.000000,0.626547,-0.626543,0.626540,-0.626536,0.626537,-0.626539,-7.564098,7.564098
0,417,8.340000,commanding,-0.012272,0.622796,-0.636602,0.628932,-0.628932,0.625864,-0.628932,-7.642292,7.637690,0.000000,0.626547,-0.626543,0.626540,-0.626536,0.626537,-0.626539,-7.532643,7.532643
0,418,8.360000,commanding,-0.012272,0.622796,-0.636602,0.628932,-0.628932,0.625864,-0.628932,-7.608545,7.600875,0.000000,0.626547,-0.626543,0.626540,-0.626536,0.626537,-0.626539,-7.501188,7.501188
0,419,8.380000,commanding,-0.012272,0.622796,-0.636602,0.628932,-0.628932,0.625864,-0.628932,-7.579399,7.570195,0.000000,0.626547,-0.626543,0.626540,-0.626536,0.626537,-0.626539,-7.469733,7.469733
0,420,8.400000,commanding,-0.012272,0.622796,-0.636602,0.628932,-0.628932,0.625864,-0.628932,-7.548719,7.536448,0.000000,0.626547,-0.626543,0.626540,-0.626536,0.626537,-0.626539,-7.438278,7.438278
0,421,8.420000,commanding,-0.012272,0.622796,-0.636602,0.628932,-0.628932,0.625864,-0.628932,-7.516506,7.505768,0.000000,0.626547,-0.626543,0.626540,-0.626536,0.626537,-0.626539,-7.406823,7.406823
0,422,8.440000,commanding,-0.012272,0.622796,-0.636602,0.628932,-0.628932,0.625864,-0.628932,-7.484292,7.475088,0.000000,0.626547,-0.626543,0.626540,-0.626536,0.626537,-0.626539,-7.375368,7.375368
0,423,8.460000,commanding,-0.012272,0.622796,-0.636602,0.628932,-0.628932,0.625864,-0.628932,-7.452079,7.445943,0.000000,0.626547,-0.626543,0.626540,-0.626536,0.626537,-0.626539,-7.343913,7.343913
0,424,8.480000,commanding,-0.012272,0.622796,-0.636602,0.628932,-0.628932,0.625864,-0.628932,-7.418331,7.412195,0.000000,0.626547,-0.626543,0.626540,-0.626536,0.626537,-0.626539,-7.312458,7.312458
0,425,8.500000,commanding,-0.012272,0.622796,-0.636602,0.628932,-0.628932,0.625864,-0.628932,-7.387651,7.381516,0.000000,0.626547,-0.626543,0.626540,-0.626536,0.626537,-0.626539,-7.281003,7.281003
0,426,8.520000,commanding,-0.012272,0.622796,-0.636602,0.628932,-0.628932,0.625864,-0.628932,-7.356972,7.349302,0.000000,0.626547,-0.626543,0.626540,-0.626536,0.626537,-0.626539,-7.249548,7.249548
0,427,8.540000,commanding,-0.012272,0.622796,-0.636602,0.628932,-0.628932,0.625864,-0.628932,-7.324758,7.318622,0.000000,0.626547,-0.626543,0.626540,-0.626536,0.626537,-0.626539,-7.218093,7.218093
0,428,8.560000,commanding,-0.012272,0.622796,-0.636602,0.628932,-0.628932,0.625864,-0.628932,-7.292545,7.291011,0.000000,0.626547,-0.626543,0.626540,-0.626536,0.626537,-0.626539,-7.186638,7.186638
0,429,8.580000,commanding,-0.012272,0.622796,-0.636602,0.628932,-0.628932,0.625864,-0.628932,-7.260331,7.261865,0.000000,0.626547,-0.626543,0.626540,-0.626536,0.626537,-0.626539,-7.155183,7.155183
0,430,8.600000,commanding,-0.012272,0.622796,-0.636602,0.628932,-0.628932,0.625864,-0.628932,-7.225050,7.228117,0.000000,0.626547,-0.626543,0.626540,-0.626536,0.626537,-0.626539,-7.123728,7.123728
0,431,8.620000,commanding,-0.012272,0.622796,-0.636602,0.628932,-0.628932,0.625864,-0.628932,-7.195904,7.195904,0.000000,0.626547,-0.626543,0.626540,-0.626536,0.626537,-0.626539,-7.092273,7.092273
0,432,8.640000,commanding,-0.012272,0.622796,-0.636602,0.628932,-0.628932,0.625864,-0.628932,-7.165224,7.162156,0.000000,0.626547,-0.626543,0.626540,-0.626536,0.626537,-0.626539,-7.060818,7.060818
0,433,8.660000,commanding,-0.012272,0.622796,-0.636602,0.628932,-0.628932,0.625864,-0.628932,-7.133011,7.126875,0.000000,0.626547,-0.626543,0.626540,-0.626536,0.626537,-0.626539,-7.029363,7.029363
0,434,8.680000,commanding,-0.012272,0.622796,-0.636602,0.628932,-0.628932,0.625864,-0.628932,-7.102331,7.094661,0.000000,0.626547,-0.626543,0.626540,-0.626536,0.626537,-0.626539,-6.997908,6.997908
0,435,8.700000,commanding,-0.012272,0.622796,-0.636602,0.628932,-0.628932,0.625864,-0.628932,-7.071651,7.063982,0.000000,0.626547,-0.626543,0.626540,-0.626536,0.626537,-0.626539,-6.966453,6.966453
0,436,8.720000,commanding,-0.012272,0.622796,-0.636602,0.628932,-0.628932,0.625864,-0.628932,-7.037904,7.033302,0.000000,0.626547,-0.626543,0.626540,-0.626536,0.626537,-0.626539,-6.934998,6.934998
0,437,8.740000,commanding,-0.012272,0.622796,-0.636602,0.628932,-0.628932,0.625864,-0.628932,-7.007224,7.004156,0.000000,0.626547,-0.626543,0.626540,-0.626536,0.626537,-0.626539,-6.903543,6.903543
0,438,8.760000,commanding,-0.012272,0.622796,-0.636602,0.628932,-0.628932,0.625864,-0.628932,-6.975011,6.971943,0.000000,0.626547,-0.626543,0.626540,-0.626536,0.626537,-0.626539,-6.872088,6.872088
0,439,8.780000,commanding,-0.012272,0.622796,-0.636602,0.628932,-0.628932,0.625864,-0.628932,-6.942797,6.938195,0.000000,0.626547,-0.626543,0.626540,-0.626536,0.626537,-0.626539,-6.840633,6.840633
0,440,8.800000,commanding,-0.012272,0.622796,-0.636602,0.628932,-0.628932,0.625864,-0.628932,-6.910583,6.905982,0.000000,0.626547,-0.626543,0.626540,-0.626536,0.626537,-0.626539,-6.809178,6.809178
0,441,8.820000,commanding,-0.012272,0.622796,-0.636602,0.628932,-0.628932,0.625864,-0.628932,-6.876836,6.875302,0.000000,0.626547,-0.626543,0.626540,-0.626536,0.626537,-0.626539,-6.777723,6.777723
0,442,8.840000,commanding,-0.012272,0.622796,-0.636602,0.628932,-0.628932,0.625864,-0.628932,-6.843088,6.843088,0.000000,0.626547,-0.626543,0.626540,-0.626536,0.626537,-0.626539,-6.746268,6.746268
0,443,8.860000,commanding,-0.012272,0.622796,-0.636602,0.628932,-0.628932,0.625864,-0.628932,-6.812409,6.810875,0.000000,0.626547,-0.626543,0.626540,-0.626536,0.626537,-0.626539,-6.714813,6.714813
0,444,8.880000,commanding,-0.012272,0.622796,-0.636602,0.628932,-0.628932,0.625864,-0.628932,-6.778661,6.775593,0.000000,0.626547,-0.626543,0.626540,-0.626536,0.626537,-0.626539,-6.683358,6.683358
0,445,8.900000,commanding,-0.012272,0.622796,-0.636602,0.628932,-0.628932,0.625864,-0.628932,-6.746448,6.740312,0.000000,0.626547,-0.626543,0.626540,-0.626536,0.626537,-0.626539,-6.651903,6.651903
0,446,8.920000,commanding,-0.012272,0.622796,-0.636602,0.628932,-0.628932,0.625864,-0.628932,-6.714234,6.705030,0.000000,0.626547,-0.626543,0.626540,-0.626536,0.626537,-0.626539,-6.620448,6.620448
0,447,8.940000,commanding,-0.012272,0.622796,-0.636602,0.628932,-0.628932,0.625864,-0.628932,-6.682020,6.674350,0.000000,0.626547,-0.626543,0.626540,-0.626536,0.626537,-0.626539,-6.588993,6.588993
0,448,8.960000,commanding,-0.012272,0.622796,-0.636602,0.628932,-0.628932,0.625864,-0.628932,-6.648273,6.640603,0.000000,0.626547,-0.626543,0.626540,-0.626536,0.626537,-0.626539,-6.557538,6.557538
0,449,8.980000,commanding,-0.012272,0.622796,-0.636602,0.628932,-0.628932,0.625864,-0.628932,-6.617593,6.612991,0.000000,0.626547,-0.626543,0.626540,-0.626536,0.626537,-0.626539,-6.526083,6.526083
0,450,9.000000,commanding,-0.012272,0.622796,-0.636602,0.628932,-0.628932,0.625864,-0.628932,-6.585380,6.583846,0.000000,0.626547,-0.626543,0.626540,-0.626536,0.626537,-0.626539,-6.494628,6.494628
0,451,9.020000,commanding,-0.012272,0.622796,-0.636602,0.628932,-0.628932,0.625864,-0.628932,-6.553166,6.551632,0.000000,0.626547,-0.626543,0.626540,-0.626536,0.626537,-0.626539,-6.463173,6.463173
0,452,9.040000,commanding,-0.012272,0.622796,-0.636602,0.628932,-0.628932,0.625864,-0.628932,-6.519418,6.517884,0.000000,0.626547,-0.626543,0.626540,-0.626536,0.626537,-0.626539,-6.457685,6.457685
0,453,9.060000,commanding,-0.012272,0.622796,-0.636602,0.628932,-0.628932,0.625864,-0.628932,-6.487205,6.482603,0.000000,0.626547,-0.626543,0.626540,-0.626536,0.626537,-0.626539,-6.457685,6.457685
0,454,9.080000,commanding,-0.012272,0.622796,-0.636602,0.628932,-0.628932,0.625864,-0.628932,-6.459593,6.448855,0.000000,0.626547,-0.626543,0.626540,-0.626536,0.626537,-0.626539,-6.457685,6.457685
0,455,9.100000,commanding,-0.012272,0.622796,-0.636602,0.628932,-0.628932,0.625864,-0.628932,-6.450389,6.439651,0.000000,0.626547,-0.626543,0.626540,-0.626536,0.626537,-0.626539,-6.457685,6.457685
0,456,9.120000,commanding,-0.012272,0.622796,-0.636602,0.628932,-0.628932,0.625864,-0.628932,-6.453457,6.450389,0.000000,0.626547,-0.626543,0.626540,-0.626536,0.626537,-0.626539,-6.457685,6.457685
0,457,9.140000,commanding,-0.012272,0.622796,-0.636602,0.628932,-0.628932,0.625864,-0.628932,-6.464195,6.470331,0.000000,0.626547,-0.626543,0.626540,-0.626536,0.626537,-0.626539,-6.457685,6.457685
0,458,9.160000,commanding,-0.012272,0.622796,-0.636602,0.628932,-0.628932,0.625864,-0.628932,-6.464195,6.470331,0.000000,0.626547,-0.626543,0.626540,-0.626536,0.626537,-0.626539,-6.457685,6.457685
0,459,9.180000,commanding,-0.012272,0.622796,-0.636602,0.628932,-0.628932,0.625864,-0.628932,-6.458059,6.456525,0.000000,0.626547,-0.626543,0.626540,-0.626536,0.626537,-0.626539,-6.457685,6.457685
0,460,9.200000,commanding,-0.012272,0.622796,-0.636602,0.628932,-0.628932,0.625864,-0.628932,-6.459593,6.454991,0.000000,0.626547,-0.626543,0.626540,-0.626536,0.626537,-0.626539,-6.457685,6.457685
0,461,9.220000,commanding,-0.012272,0.622796,-0.636602,0.628932,-0.628932,0.625864,-0.628932,-6.458059,6.461127,0.000000,0.626547,-0.626543,0.626540,-0.626536,0.626537,-0.626539,-6.457685,6.457685
0,462,9.240000,commanding,-0.012272,0.622796,-0.636602,0.628932,-0.628932,0.625864,-0.628932,-6.459593,6.464195,0.000000,0.626547,-0.626543,0.626540,-0.626536,0.626537,-0.626539,-6.457685,6.457685
0,463,9.260000,commanding,-0.012272,0.622796,-0.636602,0.628932,-0.628932,0.625864,-0.628932,-6.459593,6.458059,0.000000,0.626547,-0.626543,0.626540,-0.626536,0.626537,-0.626539,-6.457685,6.457685
0,464,9.280000,commanding,-0.012272,0.622796,-0.636602,0.628932,-0.628932,0.625864,-0.628932,-6.459593,6.454991,0.000000,0.626547,-0.626543,0.626540,-0.626536,0.626537,-0.626539,-6.457685,6.457685
0,465,9.300000,commanding,-0.012272,0.622796,-0.636602,0.628932,-0.628932,0.625864,-0.628932,-6.459593,6.459593,0.000000,0.626547,-0.626543,0.626540,-0.626536,0.626537,-0.626539,-6.457685,6.457685
0,466,9.320000,commanding,-0.012272,0.622796,-0.636602,0.628932,-0.628932,0.625864,-0.628932,-6.459593,6.461127,0.000000,0.626547,-0.626543,0.626540,-0.626536,0.626537,-0.626539,-6.457685,6.457685
0,467,9.340000,commanding,-0.012272,0.622796,-0.636602,0.628932,-0.628932,0.625864,-0.628932,-6.459593,6.458059,0.000000,0.626547,-0.626543,0.626540,-0.626536,0.626537,-0.626539,-6.457685,6.457685
0,468,9.360000,commanding,-0.012272,0.622796,-0.636602,0.628932,-0.628932,0.625864,-0.628932,-6.459593,6.456525,0.000000,0.626547,-0.626543,0.626540,-0.626536,0.626537,-0.626539,-6.457685,6.457685
0,469,9.380000,commanding,-0.012272,0.622796,-0.636602,0.628932,-0.628932,0.625864,-0.628932,-6.459593,6.459593,0.000000,0.626547,-0.626543,0.626540,-0.626536,0.626537,-0.626539,-6.457685,6.457685
0,470,9.400000,commanding,-0.012272,0.622796,-0.636602,0.628932,-0.628932,0.625864,-0.628932,-6.459593,6.459593,0.000000,0.626547,-0.626543,0.626540,-0.626536,0.626537,-0.626539,-6.457685,6.457685
0,471,9.420000,commanding,-0.012272,0.622796,-0.636602,0.628932,-0.628932,0.625864,-0.628932,-6.459593,6.458059,0.000000,0.626547,-0.626543,0.626540,-0.626536,0.626537,-0.626539,-6.457685,6.457685
0,472,9.440000,commanding,-0.012272,0.622796,-0.636602,0.628932,-0.628932,0.625864,-0.628932,-6.459593,6.458059,0.000000,0.626547,-0.626543,0.626540,-0.626536,0.626537,-0.626539,-6.457685,6.457685
0,473,9.460000,commanding,-0.012272,0.622796,-0.636602,0.628932,-0.628932,0.625864,-0.628932,-6.459593,6.458059,0.000000,0.626547,-0.626543,0.626540,-0.626536,0.626537,-0.626539,-6.457685,6.457685
0,474,9.480000,commanding,-0.012272,0.622796,-0.636602,0.628932,-0.628932,0.625864,-0.628932,-6.459593,6.458059,0.000000,0.626547,-0.626543,0.626540,-0.626536,0.626537,-0.626539,-6.457685,6.457685
0,475,9.500000,commanding,-0.012272,0.622796,-0.636602,0.628932,-0.628932,0.625864,-0.628932,-6.459593,6.458059,0.000000,0.626547,-0.626543,0.626540,-0.626536,0.626537,-0.626539,-6.457685,6.457685
0,476,9.520000,commanding,-0.012272,0.622796,-0.636602,0.628932,-0.628932,0.625864,-0.628932,-6.459593,6.458059,0.000000,0.626547,-0.626543,0.626540,-0.626536,0.626537,-0.626539,-6.457685,6.457685
0,477,9.540000,commanding,-0.012272,0.622796,-0.636602,0.628932,-0.628932,0.625864,-0.628932,-6.459593,6.459593,0.000000,0.626547,-0.626543,0.626540,-0.626536,0.626537,-0.626539,-6.457685,6.457685
0,478,9.560000,commanding,-0.012272,0.622796,-0.636602,0.628932,-0.628932,0.625864,-0.628932,-6.459593,6.458059,0.000000,0.626547,-0.626543,0.626540,-0.626536,0.626537,-0.626539,-6.457685,6.457685
0,479,9.580000,commanding,-0.012272,0.622796,-0.636602,0.628932,-0.628932,0.625864,-0.628932,-6.459593,6.459593,0.000000,0.626547,-0.626543,0.626540,-0.626536,0.626537,-0.626539,-6.457685,6.457685
0,480,9.600000,commanding,-0.012272,0.622796,-0.636602,0.628932,-0.628932,0.624330,-0.628932,-6.459593,6.458059,0.000000,0.626547,-0.626543,0.626540,-0.626536,0.626537,-0.626539,-6.457685,6.457685
0,481,9.620000,commanding,-0.012272,0.622796,-0.636602,0.628932,-0.628932,0.624330,-0.628932,-6.458059,6.459593,0.000000,0.626547,-0.626543,0.626540,-0.626536,0.626537,-0.626539,-6.457685,6.457685
0,482,9.640000,commanding,-0.012272,0.622796,-0.636602,0.628932,-0.628932,0.622796,-0.628932,-6.459593,6.458059,0.000000,0.626547,-0.626543,0.626540,-0.626536,0.626537,-0.626539,-6.457685,6.457685
0,483,9.660000,commanding,-0.012272,0.622796,-0.636602,0.628932,-0.628932,0.622796,-0.628932,-6.459593,6.459593,0.000000,0.626547,-0.626543,0.626540,-0.626536,0.626537,-0.626539,-6.457685,6.457685
0,484,9.680000,commanding,-0.012272,0.622796,-0.636602,0.628932,-0.628932,0.622796,-0.628932,-6.459593,6.459593,0.000000,0.626547,-0.626543,0.626540,-0.626536,0.626537,-0.626539,-6.457685,6.457685
0,485,9.700000,commanding,-0.012272,0.622796,-0.636602,0.628932,-0.628932,0.622796,-0.628932,-6.458059,6.459593,0.000000,0.626547,-0.626543,0.626540,-0.626536,0.626537,-0.626539,-6.457685,6.457685
0,486,9.720000,commanding,-0.012272,0.622796,-0.636602,0.628932,-0.628932,0.622796,-0.628932,-6.458059,6.459593,0.000000,0.626547,-0.626543,0.626540,-0.626536,0.626537,-0.626539,-6.457685,6.457685
0,487,9.740000,commanding,-0.012272,0.622796,-0.636602,0.628932,-0.628932,0.622796,-0.628932,-6.458059,6.459593,0.000000,0.626547,-0.626543,0.626540,-0.626536,0.626537,-0.626539,-6.457685,6.457685
0,488,9.760000,commanding,-0.012272,0.622796,-0.636602,0.628932,-0.628932,0.622796,-0.628932,-6.459593,6.459593,0.000000,0.626547,-0.626543,0.626540,-0.626536,0.626537,-0.626539,-6.457685,6.457685
0,489,9.780000,commanding,-0.012272,0.622796,-0.636602,0.628932,-0.628932,0.622796,-0.628932,-6.459593,6.459593,0.000000,0.626547,-0.626543,0.626540,-0.626536,0.626537,-0.626539,-6.457685,6.457685
0,490,9.800000,commanding,-0.012272,0.622796,-0.636602,0.628932,-0.628932,0.622796,-0.628932,-6.459593,6.459593,0.000000,0.626547,-0.626543,0.626540,-0.626536,0.626537,-0.626539,-6.457685,6.457685
0,491,9.820000,commanding,-0.012272,0.622796,-0.636602,0.628932,-0.628932,0.622796,-0.628932,-6.458059,6.459593,0.000000,0.626547,-0.626543,0.626540,-0.626536,0.626537,-0.626539,-6.457685,6.457685
0,492,9.840000,commanding,-0.012272,0.622796,-0.636602,0.628932,-0.628932,0.622796,-0.628932,-6.458059,6.458059,0.000000,0.626547,-0.626543,0.626540,-0.626536,0.626537,-0.626539,-6.457685,6.457685
0,493,9.860000,commanding,-0.012272,0.622796,-0.636602,0.628932,-0.628932,0.622796,-0.628932,-6.459593,6.458059,0.000000,0.626547,-0.626543,0.626540,-0.626536,0.626537,-0.626539,-6.457685,6.457685
0,494,9.880000,commanding,-0.012272,0.622796,-0.636602,0.628932,-0.628932,0.622796,-0.628932,-6.459593,6.458059,0.000000,0.626547,-0.626543,0.626540,-0.626536,0.626537,-0.626539,-6.457685,6.457685
0,495,9.900000,commanding,-0.012272,0.622796,-0.636602,0.628932,-0.628932,0.622796,-0.628932,-6.459593,6.459593,0.000000,0.626547,-0.626543,0.626540,-0.626536,0.626537,-0.626539,-6.457685,6.457685
0,496,9.920000,commanding,-0.012272,0.622796,-0.636602,0.628932,-0.628932,0.622796,-0.628932,-6.458059,6.459593,0.000000,0.626547,-0.626543,0.626540,-0.626536,0.626537,-0.626539,-6.457685,6.457685
0,497,9.940000,commanding,-0.012272,0.622796,-0.636602,0.628932,-0.628932,0.622796,-0.628932,-6.459593,6.459593,0.000000,0.626547,-0.626543,0.626540,-0.626536,0.626537,-0.626539,-6.457685,6.457685
0,498,9.960000,commanding,-0.012272,0.622796,-0.636602,0.628932,-0.628932,0.622796,-0.628932,-6.459593,6.458059,0.000000,0.626547,-0.626543,0.626540,-0.626536,0.626537,-0.626539,-6.457685,6.457685
0,499,9.980000,commanding,-0.012272,0.622796,-0.636602,0.628932,-0.628932,0.622796,-0.628932,-6.458059,6.458059,0.000000,0.626547,-0.626543,0.626540,-0.626536,0.626537,-0.626539,-6.457685,6.457685
0,500,10.000000,commanding,-0.012272,0.622796,-0.636602,0.628932,-0.628932,0.622796,-0.628932,-6.459593,6.459593,0.000000,0.626547,-0.626543,0.626540,-0.626536,0.626537,-0.626539,-6.457685,6.457685
0,501,10.020000,commanding,-0.012272,0.622796,-0.636602,0.628932,-0.628932,0.622796,-0.628932,-6.459593,6.459593,0.000000,0.626547,-0.626543,0.626540,-0.626536,0.626537,-0.626539,-6.457685,6.457685
0,502,10.040000,commanding,-0.012272,0.622796,-0.636602,0.628932,-0.628932,0.622796,-0.628932,-6.459593,6.459593,0.000000,0.626547,-0.626543,0.626540,-0.626536,0.626537,-0.626539,-6.457685,6.457685
0,503,10.060000,commanding,-0.012272,0.622796,-0.636602,0.628932,-0.628932,0.622796,-0.628932,-6.459593,6.459593,0.000000,0.626547,-0.626543,0.626540,-0.626536,0.626537,-0.626539,-6.457685,6.457685
0,504,10.080000,commanding,-0.012272,0.622796,-0.636602,0.628932,-0.628932,0.622796,-0.628932,-6.458059,6.458059,0.000000,0.626547,-0.626543,0.626540,-0.626536,0.626537,-0.626539,-6.457685,6.457685
0,505,10.100000,commanding,-0.012272,0.622796,-0.636602,0.628932,-0.628932,0.622796,-0.628932,-6.459593,6.458059,0.000000,0.626547,-0.626543,0.626540,-0.626536,0.626537,-0.626539,-6.457685,6.457685
0,506,10.120000,commanding,-0.012272,0.622796,-0.636602,0.628932,-0.628932,0.622796,-0.628932,-6.459593,6.458059,0.000000,0.626547,-0.626543,0.626540,-0.626536,0.626537,-0.626539,-6.457685,6.457685
0,507,10.140000,commanding,-0.012272,0.622796,-0.636602,0.628932,-0.628932,0.622796,-0.628932,-6.458059,6.459593,0.000000,0.626547,-0.626543,0.626540,-0.626536,0.626537,-0.626539,-6.457685,6.457685
0,508,10.160000,commanding,-0.012272,0.622796,-0.636602,0.628932,-0.628932,0.622796,-0.628932,-6.459593,6.459593,0.000000,0.626547,-0.626543,0.626540,-0.626536,0.626537,-0.626539,-6.457685,6.457685
0,509,10.180000,commanding,-0.012272,0.622796,-0.636602,0.628932,-0.628932,0.622796,-0.628932,-6.459593,6.459593,0.000000,0.626547,-0.626543,0.626540,-0.626536,0.626537,-0.626539,-6.457685,6.457685
0,510,10.200000,commanding,-0.012272,0.622796,-0.636602,0.628932,-0.628932,0.622796,-0.628932,-6.459593,6.458059,0.000000,0.626547,-0.626543,0.626540,-0.626536,0.626537,-0.626539,-6.457685,6.457685
0,511,10.220000,commanding,-0.012272,0.622796,-0.636602,0.628932,-0.628932,0.622796,-0.628932,-6.459593,6.458059,0.000000,0.626547,-0.626543,0.626540,-0.626536,0.626537,-0.626539,-6.457685,6.457685
0,512,10.240000,commanding,-0.012272,0.622796,-0.636602,0.628932,-0.628932,0.622796,-0.628932,-6.459593,6.458059,0.000000,0.626547,-0.626543,0.626540,-0.626536,0.626537,-0.626539,-6.457685,6.457685
0,513,10.260000,commanding,-0.012272,0.622796,-0.636602,0.628932,-0.628932,0.622796,-0.628932,-6.459593,6.458059,0.000000,0.626547,-0.626543,0.626540,-0.626536,0.626537,-0.626539,-6.457685,6.457685
0,514,10.280000,commanding,-0.012272,0.622796,-0.636602,0.628932,-0.628932,0.622796,-0.628932,-6.459593,6.459593,0.000000,0.626547,-0.626543,0.626540,-0.626536,0.626537,-0.626539,-6.457685,6.457685
0,515,10.300000,commanding,-0.012272,0.622796,-0.636602,0.628932,-0.628932,0.622796,-0.628932,-6.459593,6.458059,0.000000,0.626547,-0.626543,0.626540,-0.626536,0.626537,-0.626539,-6.457685,6.457685
0,516,10.320000,commanding,-0.012272,0.622796,-0.636602,0.628932,-0.628932,0.622796,-0.628932,-6.459593,6.459593,0.000000,0.626547,-0.626543,0.626540,-0.626536,0.626537,-0.626539,-6.457685,6.457685
0,517,10.340000,commanding,-0.012272,0.622796,-0.636602,0.628932,-0.628932,0.622796,-0.628932,-6.458059,6.459593,0.000000,0.626547,-0.626543,0.626540,-0.626536,0.626537,-0.626539,-6.457685,6.457685
0,518,10.360000,commanding,-0.012272,0.622796,-0.636602,0.628932,-0.628932,0.622796,-0.628932,-6.458059,6.458059,0.000000,0.626547,-0.626543,0.626540,-0.626536,0.626537,-0.626539,-6.457685,6.457685
0,519,10.380000,commanding,-0.012272,0.622796,-0.636602,0.628932,-0.628932,0.622796,-0.628932,-6.458059,6.459593,0.000000,0.626547,-0.626543,0.626540,-0.626536,0.626537,-0.626539,-6.457685,6.457685
0,520,10.400000,commanding,-0.012272,0.622796,-0.636602,0.628932,-0.628932,0.622796,-0.628932,-6.459593,6.458059,0.000000,0.626547,-0.626543,0.626540,-0.626536,0.626537,-0.626539,-6.457685,6.457685
0,521,10.420000,commanding,-0.012272,0.622796,-0.636602,0.628932,-0.628932,0.622796,-0.628932,-6.459593,6.458059,0.000000,0.626547,-0.626543,0.626540,-0.626536,0.626537,-0.626539,-6.457685,6.457685
0,522,10.440000,commanding,-0.012272,0.622796,-0.636602,0.628932,-0.628932,0.622796,-0.628932,-6.459593,6.459593,0.000000,0.626547,-0.626543,0.626540,-0.626536,0.626537,-0.626539,-6.457685,6.457685
0,523,10.460000,commanding,-0.012272,0.622796,-0.636602,0.628932,-0.628932,0.622796,-0.628932,-6.459593,6.459593,0.000000,0.626547,-0.626543,0.626540,-0.626536,0.626537,-0.626539,-6.457685,6.457685
0,524,10.480000,commanding,-0.012272,0.622796,-0.636602,0.628932,-0.628932,0.622796,-0.628932,-6.459593,6.458059,0.000000,0.626547,-0.626543,0.626540,-0.626536,0.626537,-0.626539,-6.457685,6.457685
0,525,10.500000,commanding,-0.012272,0.622796,-0.636602,0.628932,-0.628932,0.622796,-0.628932,-6.459593,6.458059,0.000000,0.626547,-0.626543,0.626540,-0.626536,0.626537,-0.626539,-6.457685,6.457685
0,526,10.520000,commanding,-0.012272,0.622796,-0.636602,0.628932,-0.628932,0.622796,-0.628932,-6.459593,6.458059,0.000000,0.626547,-0.626543,0.626540,-0.626536,0.626537,-0.626539,-6.457685,6.457685
0,527,10.540000,commanding,-0.012272,0.622796,-0.636602,0.628932,-0.628932,0.622796,-0.628932,-6.458059,6.459593,0.000000,0.626547,-0.626543,0.626540,-0.626536,0.626537,-0.626539,-6.457685,6.457685
0,528,10.560000,commanding,-0.012272,0.622796,-0.636602,0.628932,-0.628932,0.622796,-0.628932,-6.459593,6.458059,0.000000,0.626547,-0.626543,0.626540,-0.626536,0.626537,-0.626539,-6.457685,6.457685
0,529,10.580000,commanding,-0.012272,0.622796,-0.636602,0.628932,-0.628932,0.622796,-0.628932,-6.459593,6.459593,0.000000,0.626547,-0.626543,0.626540,-0.626536,0.626537,-0.626539,-6.457685,6.457685
0,530,10.600000,commanding,-0.012272,0.622796,-0.636602,0.628932,-0.628932,0.622796,-0.628932,-6.458059,6.458059,0.000000,0.626547,-0.626543,0.626540,-0.626536,0.626537,-0.626539,-6.457685,6.457685
0,531,10.620000,commanding,-0.012272,0.622796,-0.636602,0.628932,-0.628932,0.622796,-0.628932,-6.459593,6.458059,0.000000,0.626547,-0.626543,0.626540,-0.626536,0.626537,-0.626539,-6.457685,6.457685
0,532,10.640000,commanding,-0.012272,0.622796,-0.636602,0.628932,-0.628932,0.622796,-0.628932,-6.459593,6.459593,0.000000,0.626547,-0.626543,0.626540,-0.626536,0.626537,-0.626539,-6.457685,6.457685
0,533,10.660000,commanding,-0.012272,0.622796,-0.636602,0.628932,-0.628932,0.622796,-0.628932,-6.459593,6.458059,0.000000,0.626547,-0.626543,0.626540,-0.626536,0.626537,-0.626539,-6.457685,6.457685
0,534,10.680000,commanding,-0.012272,0.622796,-0.636602,0.628932,-0.628932,0.622796,-0.628932,-6.459593,6.459593,0.000000,0.626547,-0.626543,0.626540,-0.626536,0.626537,-0.626539,-6.457685,6.457685
0,535,10.700000,commanding,-0.012272,0.622796,-0.636602,0.628932,-0.628932,0.622796,-0.628932,-6.459593,6.459593,0.000000,0.626547,-0.626543,0.626540,-0.626536,0.626537,-0.626539,-6.457685,6.457685
0,536,10.720000,commanding,-0.012272,0.622796,-0.636602,0.628932,-0.628932,0.622796,-0.628932,-6.458059,6.459593,0.000000,0.626547,-0.626543,0.626540,-0.626536,0.626537,-0.626539,-6.457685,6.457685
0,537,10.740000,commanding,-0.012272,0.622796,-0.636602,0.628932,-0.628932,0.622796,-0.628932,-6.459593,6.458059,0.000000,0.626547,-0.626543,0.626540,-0.626536,0.626537,-0.626539,-6.457685,6.457685
0,538,10.760000,commanding,-0.012272,0.622796,-0.636602,0.628932,-0.628932,0.622796,-0.628932,-6.459593,6.459593,0.000000,0.626547,-0.626543,0.626540,-0.626536,0.626537,-0.626539,-6.457685,6.457685
0,539,10.780000,commanding,-0.012272,0.622796,-0.636602,0.628932,-0.628932,0.622796,-0.628932,-6.458059,6.459593,0.000000,0.626547,-0.626543,0.626540,-0.626536,0.626537,-0.626539,-6.457685,6.457685
0,540,10.800000,commanding,-0.012272,0.622796,-0.636602,0.628932,-0.628932,0.622796,-0.628932,-6.459593,6.459593,0.000000,0.626547,-0.626543,0.626540,-0.626536,0.626537,-0.626539,-6.457685,6.457685
0,541,10.820000,commanding,-0.012272,0.622796,-0.636602,0.628932,-0.628932,0.622796,-0.628932,-6.459593,6.458059,0.000000,0.626547,-0.626543,0.626540,-0.626536,0.626537,-0.626539,-6.457685,6.457685
0,542,10.840000,commanding,-0.012272,0.622796,-0.636602,0.628932,-0.628932,0.622796,-0.628932,-6.459593,6.459593,0.000000,0.626547,-0.626543,0.626540,-0.626536,0.626537,-0.626539,-6.457685,6.457685
0,543,10.860000,commanding,-0.012272,0.622796,-0.636602,0.628932,-0.628932,0.622796,-0.628932,-6.459593,6.459593,0.000000,0.626547,-0.626543,0.626540,-0.626536,0.626537,-0.626539,-6.457685,6.457685
0,544,10.880000,commanding,-0.012272,0.622796,-0.636602,0.628932,-0.628932,0.622796,-0.628932,-6.459593,6.458059,0.000000,0.626547,-0.626543,0.626540,-0.626536,0.626537,-0.626539,-6.457685,6.457685
0,545,10.900000,commanding,-0.012272,0.622796,-0.636602,0.628932,-0.628932,0.622796,-0.628932,-6.459593,6.459593,0.000000,0.626547,-0.626543,0.626540,-0.626536,0.626537,-0.626539,-6.457685,6.457685
0,546,10.920000,commanding,-0.012272,0.622796,-0.636602,0.628932,-0.628932,0.622796,-0.628932,-6.459593,6.458059,0.000000,0.626547,-0.626543,0.626540,-0.626536,0.626537,-0.626539,-6.457685,6.457685
0,547,10.940000,commanding,-0.012272,0.622796,-0.636602,0.628932,-0.628932,0.622796,-0.628932,-6.459593,6.458059,0.000000,0.626547,-0.626543,0.626540,-0.626536,0.626537,-0.626539,-6.457685,6.457685
0,548,10.960000,commanding,-0.012272,0.622796,-0.636602,0.628932,-0.628932,0.622796,-0.628932,-6.459593,6.458059,0.000000,0.626547,-0.626543,0.626540,-0.626536,0.626537,-0.626539,-6.457685,6.457685
0,549,10.980000,commanding,-0.012272,0.622796,-0.636602,0.628932,-0.628932,0.622796,-0.628932,-6.459593,6.458059,0.000000,0.626547,-0.626543,0.626540,-0.626536,0.626537,-0.626539,-6.457685,6.457685
0,550,11.000000,commanding,-0.012272,0.622796,-0.636602,0.628932,-0.628932,0.622796,-0.628932,-6.459593,6.459593,0.000000,0.626547,-0.626543,0.626540,-0.626536,0.626537,-0.626539,-6.457685,6.457685
0,551,11.020000,commanding,-0.012272,0.622796,-0.636602,0.628932,-0.628932,0.622796,-0.628932,-6.459593,6.458059,0.000000,0.626547,-0.626543,0.626540,-0.626536,0.626537,-0.626539,-6.457685,6.457685
0,552,11.040000,commanding,-0.012272,0.622796,-0.636602,0.628932,-0.628932,0.622796,-0.628932,-6.459593,6.458059,0.000000,0.626547,-0.626543,0.626540,-0.626536,0.626537,-0.626539,-6.457685,6.457685
0,553,11.060000,commanding,-0.012272,0.622796,-0.636602,0.628932,-0.628932,0.622796,-0.628932,-6.459593,6.458059,0.000000,0.626547,-0.626543,0.626540,-0.626536,0.626537,-0.626539,-6.457685,6.457685
0,554,11.080000,commanding,-0.012272,0.622796,-0.635068,0.628932,-0.628932,0.622796,-0.628932,-6.459593,6.459593,0.000000,0.626547,-0.626543,0.626540,-0.626536,0.626537,-0.626539,-6.457685,6.457685
0,555,11.100000,commanding,-0.012272,0.622796,-0.636602,0.628932,-0.628932,0.622796,-0.628932,-6.459593,6.459593,0.000000,0.626547,-0.626543,0.626540,-0.626536,0.626537,-0.626539,-6.457685,6.457685
0,556,11.120000,commanding,-0.012272,0.622796,-0.636602,0.628932,-0.628932,0.622796,-0.628932,-6.459593,6.458059,0.000000,0.626547,-0.626543,0.626540,-0.626536,0.626537,-0.626539,-6.457685,6.457685
0,557,11.140000,commanding,-0.012272,0.622796,-0.636602,0.628932,-0.628932,0.622796,-0.628932,-6.459593,6.459593,0.000000,0.626547,-0.626543,0.626540,-0.626536,0.626537,-0.626539,-6.457685,6.457685
0,558,11.160000,commanding,-0.012272,0.622796,-0.636602,0.628932,-0.628932,0.622796,-0.628932,-6.459593,6.459593,0.000000,0.626547,-0.626543,0.626540,-0.626536,0.626537,-0.626539,-6.457685,6.457685
0,559,11.180000,commanding,-0.012272,0.622796,-0.636602,0.628932,-0.628932,0.622796,-0.628932,-6.459593,6.459593,0.000000,0.626547,-0.626543,0.626540,-0.626536,0.626537,-0.626539,-6.457685,6.457685
0,560,11.200000,commanding,-0.012272,0.622796,-0.636602,0.628932,-0.628932,0.622796,-0.628932,-6.458059,6.458059,0.000000,0.626547,-0.626543,0.626540,-0.626536,0.626537,-0.626539,-6.457685,6.457685
0,561,11.220000,commanding,-0.012272,0.622796,-0.636602,0.628932,-0.628932,0.622796,-0.628932,-6.459593,6.459593,0.000000,0.626547,-0.626543,0.626540,-0.626536,0.626537,-0.626539,-6.457685,6.457685
0,562,11.240000,commanding,-0.012272,0.622796,-0.636602,0.628932,-0.628932,0.622796,-0.628932,-6.459593,6.458059,0.000000,0.626547,-0.626543,0.626540,-0.626536,0.626537,-0.626539,-6.457685,6.457685
0,563,11.260000,commanding,-0.012272,0.622796,-0.636602,0.628932,-0.628932,0.622796,-0.628932,-6.459593,6.459593,0.000000,0.626547,-0.626543,0.626540,-0.626536,0.626537,-0.626539,-6.457685,6.457685
0,564,11.280000,commanding,-0.012272,0.622796,-0.636602,0.628932,-0.628932,0.622796,-0.628932,-6.459593,6.458059,0.000000,0.626547,-0.626543,0.626540,-0.626536,0.626537,-0.626539,-6.457685,6.457685
0,565,11.300000,commanding,-0.012272,0.622796,-0.636602,0.628932,-0.628932,0.622796,-0.628932,-6.459593,6.459593,0.000000,0.626547,-0.626543,0.626540,-0.626536,0.626537,-0.626539,-6.457685,6.457685
0,566,11.320000,commanding,-0.012272,0.622796,-0.636602,0.628932,-0.628932,0.622796,-0.628932,-6.459593,6.459593,0.000000,0.626547,-0.626543,0.626540,-0.626536,0.626537,-0.626539,-6.457685,6.457685
0,567,11.340000,commanding,-0.012272,0.622796,-0.636602,0.628932,-0.628932,0.622796,-0.628932,-6.459593,6.459593,0.000000,0.626547,-0.626543,0.626540,-0.626536,0.626537,-0.626539,-6.457685,6.457685
0,568,11.360000,commanding,-0.012272,0.622796,-0.636602,0.628932,-0.627398,0.622796,-0.628932,-6.459593,6.459593,0.000000,0.626547,-0.626543,0.626540,-0.626536,0.626537,-0.626539,-6.457685,6.457685
0,569,11.380000,commanding,-0.012272,0.622796,-0.636602,0.628932,-0.627398,0.622796,-0.628932,-6.459593,6.459593,0.000000,0.626547,-0.626543,0.626540,-0.626536,0.626537,-0.626539,-6.457685,6.457685
0,570,11.400000,commanding,-0.012272,0.622796,-0.636602,0.628932,-0.627398,0.622796,-0.628932,-6.459593,6.458059,0.000000,0.626547,-0.626543,0.626540,-0.626536,0.626537,-0.626539,-6.457685,6.457685
0,571,11.420000,commanding,-0.012272,0.622796,-0.636602,0.628932,-0.627398,0.622796,-0.628932,-6.459593,6.458059,0.000000,0.626547,-0.626543,0.626540,-0.626536,0.626537,-0.626539,-6.457685,6.457685
0,572,11.440000,commanding,-0.012272,0.622796,-0.636602,0.628932,-0.627398,0.622796,-0.628932,-6.459593,6.459593,0.000000,0.626547,-0.626543,0.626540,-0.626536,0.626537,-0.626539,-6.457685,6.457685
0,573,11.460000,commanding,-0.012272,0.622796,-0.636602,0.628932,-0.627398,0.622796,-0.628932,-6.459593,6.458059,0.000000,0.626547,-0.626543,0.626540,-0.626536,0.626537,-0.626539,-6.457685,6.457685
0,574,11.480000,commanding,-0.012272,0.622796,-0.636602,0.628932,-0.627398,0.622796,-0.628932,-6.459593,6.458059,0.000000,0.626547,-0.626543,0.626540,-0.626536,0.626537,-0.626539,-6.457685,6.457685
0,575,11.500000,commanding,-0.012272,0.622796,-0.636602,0.628932,-0.627398,0.622796,-0.628932,-6.459593,6.459593,0.000000,0.626547,-0.626543,0.626540,-0.626536,0.626537,-0.626539,-6.457685,6.457685
0,576,11.520000,commanding,-0.012272,0.622796,-0.636602,0.628932,-0.627398,0.622796,-0.628932,-6.459593,6.459593,0.000000,0.626547,-0.626543,0.626540,-0.626536,0.626537,-0.626539,-6.457685,6.457685
0,577,11.540000,commanding,-0.012272,0.622796,-0.636602,0.628932,-0.627398,0.622796,-0.628932,-6.459593,6.459593,0.000000,0.626547,-0.626543,0.626540,-0.626536,0.626537,-0.626539,-6.457685,6.457685
0,578,11.560000,commanding,-0.012272,0.622796,-0.636602,0.628932,-0.627398,0.622796,-0.628932,-6.458059,6.458059,0.000000,0.626547,-0.626543,0.626540,-0.626536,0.626537,-0.626539,-6.457685,6.457685
0,579,11.580000,commanding,-0.012272,0.622796,-0.636602,0.628932,-0.627398,0.622796,-0.628932,-6.459593,6.459593,0.000000,0.626547,-0.626543,0.626540,-0.626536,0.626537,-0.626539,-6.457685,6.457685
0,580,11.600000,commanding,-0.012272,0.622796,-0.636602,0.628932,-0.627398,0.622796,-0.628932,-6.459593,6.458059,0.000000,0.626547,-0.626543,0.626540,-0.626536,0.626537,-0.626539,-6.457685,6.457685
0,581,11.620000,commanding,-0.012272,0.622796,-0.636602,0.628932,-0.627398,0.622796,-0.628932,-6.458059,6.458059,0.000000,0.626547,-0.626543,0.626540,-0.626536,0.626537,-0.626539,-6.457685,6.457685
0,582,11.640000,commanding,-0.012272,0.622796,-0.636602,0.628932,-0.627398,0.622796,-0.628932,-6.459593,6.458059,0.000000,0.626547,-0.626543,0.626540,-0.626536,0.626537,-0.626539,-6.457685,6.457685
0,583,11.660000,commanding,-0.012272,0.622796,-0.636602,0.628932,-0.627398,0.622796,-0.628932,-6.458059,6.458059,0.000000,0.626547,-0.626543,0.626540,-0.626536,0.626537,-0.626539,-6.457685,6.457685
0,584,11.680000,commanding,-0.012272,0.622796,-0.636602,0.628932,-0.627398,0.622796,-0.628932,-6.459593,6.458059,0.000000,0.626547,-0.626543,0.626540,-0.626536,0.626537,-0.626539,-6.457685,6.457685
0,585,11.700000,commanding,-0.012272,0.622796,-0.636602,0.628932,-0.627398,0.622796,-0.628932,-6.459593,6.459593,0.000000,0.626547,-0.626543,0.626540,-0.626536,0.626537,-0.626539,-6.457685,6.457685
0,586,11.720000,commanding,-0.012272,0.622796,-0.636602,0.628932,-0.627398,0.622796,-0.628932,-6.458059,6.458059,0.000000,0.626547,-0.626543,0.626540,-0.626536,0.626537,-0.626539,-6.457685,6.457685
0,587,11.740000,commanding,-0.012272,0.622796,-0.636602,0.628932,-0.627398,0.622796,-0.628932,-6.459593,6.458059,0.000000,0.626547,-0.626543,0.626540,-0.626536,0.626537,-0.626539,-6.457685,6.457685
0,588,11.760000,commanding,-0.012272,0.622796,-0.636602,0.628932,-0.627398,0.622796,-0.628932,-6.458059,6.458059,0.000000,0.626547,-0.626543,0.626540,-0.626536,0.626537,-0.626539,-6.457685,6.457685
0,589,11.780000,commanding,-0.012272,0.622796,-0.636602,0.628932,-0.627398,0.622796,-0.628932,-6.459593,6.459593,0.000000,0.626547,-0.626543,0.626540,-0.626536,0.626537,-0.626539,-6.457685,6.457685
0,590,11.800000,commanding,-0.012272,0.622796,-0.636602,0.628932,-0.627398,0.622796,-0.628932,-6.459593,6.458059,0.000000,0.626547,-0.626543,0.626540,-0.626536,0.626537,-0.626539,-6.457685,6.457685
0,591,11.820000,commanding,-0.012272,0.622796,-0.636602,0.628932,-0.627398,0.622796,-0.628932,-6.458059,6.459593,0.000000,0.626547,-0.626543,0.626540,-0.626536,0.626537,-0.626539,-6.457685,6.457685
0,592,11.840000,commanding,-0.012272,0.622796,-0.636602,0.628932,-0.627398,0.622796,-0.628932,-6.458059,6.458059,0.000000,0.626547,-0.626543,0.626540,-0.626536,0.626537,-0.626539,-6.457685,6.457685
0,593,11.860000,commanding,-0.012272,0.622796,-0.636602,0.628932,-0.627398,0.622796,-0.628932,-6.459593,6.459593,0.000000,0.626547,-0.626543,0.626540,-0.626536,0.626537,-0.626539,-6.457685,6.457685
0,594,11.880000,commanding,-0.012272,0.622796,-0.636602,0.628932,-0.627398,0.622796,-0.628932,-6.459593,6.459593,0.000000,0.626547,-0.626543,0.626540,-0.626536,0.626537,-0.626539,-6.457685,6.457685
0,595,11.900000,commanding,-0.012272,0.622796,-0.636602,0.628932,-0.627398,0.622796,-0.628932,-6.459593,6.459593,0.000000,0.626547,-0.626543,0.626540,-0.626536,0.626537,-0.626539,-6.457685,6.457685
0,596,11.920000,commanding,-0.012272,0.622796,-0.636602,0.628932,-0.627398,0.622796,-0.628932,-6.459593,6.459593,0.000000,0.626547,-0.626543,0.626540,-0.626536,0.626537,-0.626539,-6.457685,6.457685
0,597,11.940000,commanding,-0.012272,0.622796,-0.636602,0.628932,-0.627398,0.622796,-0.628932,-6.459593,6.459593,0.000000,0.626547,-0.626543,0.626540,-0.626536,0.626537,-0.626539,-6.457685,6.457685
0,598,11.960000,commanding,-0.012272,0.622796,-0.636602,0.628932,-0.627398,0.622796,-0.628932,-6.458059,6.458059,0.000000,0.626547,-0.626543,0.626540,-0.626536,0.626537,-0.626539,-6.457685,6.457685
0,599,11.980000,commanding,-0.012272,0.622796,-0.636602,0.628932,-0.627398,0.622796,-0.628932,-6.458059,6.458059,0.000000,0.626547,-0.626543,0.626540,-0.626536,0.626537,-0.626539,-6.457685,6.457685
0,600,12.000000,commanding,-0.012272,0.622796,-0.636602,0.628932,-0.627398,0.622796,-0.628932,-6.459593,6.458059,0.000000,0.626547,-0.626543,0.626540,-0.626536,0.626537,-0.626539,-6.457685,6.457685
0,601,12.020000,commanding,-0.012272,0.622796,-0.636602,0.627398,-0.627398,0.622796,-0.628932,-6.459593,6.458059,0.000000,0.626547,-0.626543,0.626540,-0.626536,0.626537,-0.626539,-6.457685,6.457685
0,602,12.040000,commanding,-0.012272,0.622796,-0.636602,0.627398,-0.627398,0.622796,-0.628932,-6.459593,6.458059,0.000000,0.626547,-0.626543,0.626540,-0.626536,0.626537,-0.626539,-6.457685,6.457685
0,603,12.060000,commanding,-0.012272,0.622796,-0.636602,0.627398,-0.627398,0.622796,-0.628932,-6.459593,6.458059,0.000000,0.626547,-0.626543,0.626540,-0.626536,0.626537,-0.626539,-6.457685,6.457685
0,604,12.080000,commanding,-0.012272,0.622796,-0.636602,0.627398,-0.627398,0.622796,-0.628932,-6.459593,6.459593,0.000000,0.626547,-0.626543,0.626540,-0.626536,0.626537,-0.626539,-6.457685,6.457685
0,605,12.100000,commanding,-0.012272,0.622796,-0.636602,0.627398,-0.627398,0.622796,-0.628932,-6.458059,6.458059,0.000000,0.626547,-0.626543,0.626540,-0.626536,0.626537,-0.626539,-6.457685,6.457685
0,606,12.120000,commanding,-0.012272,0.622796,-0.636602,0.627398,-0.627398,0.622796,-0.628932,-6.459593,6.458059,0.000000,0.626547,-0.626543,0.626540,-0.626536,0.626537,-0.626539,-6.457685,6.457685
0,607,12.140000,commanding,-0.012272,0.622796,-0.636602,0.627398,-0.627398,0.622796,-0.628932,-6.459593,6.459593,0.000000,0.626547,-0.626543,0.626540,-0.626536,0.626537,-0.626539,-6.457685,6.457685
0,608,12.160000,commanding,-0.012272,0.622796,-0.636602,0.627398,-0.627398,0.622796,-0.628932,-6.459593,6.459593,0.000000,0.626547,-0.626543,0.626540,-0.626536,0.626537,-0.626539,-6.457685,6.457685
0,609,12.180000,commanding,-0.012272,0.622796,-0.636602,0.627398,-0.627398,0.622796,-0.628932,-6.459593,6.459593,0.000000,0.626547,-0.626543,0.626540,-0.626536,0.626537,-0.626539,-6.457685,6.457685
0,610,12.200000,commanding,-0.012272,0.622796,-0.636602,0.627398,-0.627398,0.622796,-0.628932,-6.459593,6.459593,0.000000,0.626547,-0.626543,0.626540,-0.626536,0.626537,-0.626539,-6.457685,6.457685
0,611,12.220000,commanding,-0.012272,0.622796,-0.636602,0.627398,-0.627398,0.622796,-0.628932,-6.458059,6.458059,0.000000,0.626547,-0.626543,0.626540,-0.626536,0.626537,-0.626539,-6.457685,6.457685
0,612,12.240000,commanding,-0.012272,0.622796,-0.636602,0.627398,-0.627398,0.622796,-0.628932,-6.459593,6.458059,0.000000,0.626547,-0.626543,0.626540,-0.626536,0.626537,-0.626539,-6.457685,6.457685
0,613,12.260000,commanding,-0.012272,0.622796,-0.636602,0.627398,-0.627398,0.622796,-0.628932,-6.459593,6.458059,0.000000,0.626547,-0.626543,0.626540,-0.626536,0.626537,-0.626539,-6.457685,6.457685
0,614,12.280000,commanding,-0.012272,0.622796,-0.636602,0.627398,-0.627398,0.622796,-0.628932,-6.459593,6.459593,0.000000,0.626547,-0.626543,0.626540,-0.626536,0.626537,-0.626539,-6.457685,6.457685
0,615,12.300000,commanding,-0.012272,0.622796,-0.636602,0.627398,-0.627398,0.622796,-0.628932,-6.458059,6.458059,0.000000,0.626547,-0.626543,0.626540,-0.626536,0.626537,-0.626539,-6.457685,6.457685
0,616,12.320000,commanding,-0.012272,0.622796,-0.636602,0.627398,-0.627398,0.622796,-0.628932,-6.459593,6.458059,0.000000,0.626547,-0.626543,0.626540,-0.626536,0.626537,-0.626539,-6.457685,6.457685
0,617,12.340000,commanding,-0.012272,0.622796,-0.636602,0.627398,-0.627398,0.622796,-0.628932,-6.459593,6.459593,0.000000,0.626547,-0.626543,0.626540,-0.626536,0.626537,-0.626539,-6.457685,6.457685
0,618,12.360000,commanding,-0.012272,0.622796,-0.636602,0.627398,-0.627398,0.622796,-0.628932,-6.459593,6.458059,0.000000,0.626547,-0.626543,0.626540,-0.626536,0.626537,-0.626539,-6.457685,6.457685
0,619,12.380000,commanding,-0.012272,0.622796,-0.636602,0.627398,-0.627398,0.622796,-0.628932,-6.459593,6.459593,0.000000,0.626547,-0.626543,0.626540,-0.626536,0.626537,-0.626539,-6.457685,6.457685
0,620,12.400000,commanding,-0.012272,0.622796,-0.636602,0.627398,-0.627398,0.622796,-0.628932,-6.459593,6.458059,0.000000,0.626547,-0.626543,0.626540,-0.626536,0.626537,-0.626539,-6.457685,6.457685
0,621,12.420000,commanding,-0.012272,0.622796,-0.636602,0.627398,-0.627398,0.622796,-0.628932,-6.459593,6.459593,0.000000,0.626547,-0.626543,0.626540,-0.626536,0.626537,-0.626539,-6.457685,6.457685
0,622,12.440000,commanding,-0.012272,0.622796,-0.636602,0.627398,-0.627398,0.622796,-0.628932,-6.459593,6.458059,0.000000,0.626547,-0.626543,0.626540,-0.626536,0.626537,-0.626539,-6.457685,6.457685
0,623,12.460000,commanding,-0.012272,0.622796,-0.636602,0.627398,-0.627398,0.622796,-0.628932,-6.458059,6.458059,0.000000,0.626547,-0.626543,0.626540,-0.626536,0.626537,-0.626539,-6.457685,6.457685
0,624,12.480000,commanding,-0.012272,0.622796,-0.636602,0.627398,-0.627398,0.622796,-0.628932,-6.459593,6.459593,0.000000,0.626547,-0.626543,0.626540,-0.626536,0.626537,-0.626539,-6.457685,6.457685
0,625,12.500000,commanding,-0.012272,0.622796,-0.636602,0.627398,-0.627398,0.622796,-0.628932,-6.459593,6.458059,0.000000,0.626547,-0.626543,0.626540,-0.626536,0.626537,-0.626539,-6.457685,6.457685
0,626,12.520000,commanding,-0.012272,0.622796,-0.636602,0.627398,-0.627398,0.622796,-0.628932,-6.459593,6.459593,0.000000,0.626547,-0.626543,0.626540,-0.626536,0.626537,-0.626539,-6.457685,6.457685
0,627,12.540000,commanding,-0.012272,0.622796,-0.636602,0.627398,-0.627398,0.622796,-0.628932,-6.459593,6.459593,0.000000,0.626547,-0.626543,0.626540,-0.626536,0.626537,-0.626539,-6.457685,6.457685
0,628,12.560000,commanding,-0.012272,0.622796,-0.636602,0.627398,-0.627398,0.622796,-0.628932,-6.458059,6.459593,0.000000,0.626547,-0.626543,0.626540,-0.626536,0.626537,-0.626539,-6.457685,6.457685
0,629,12.580000,commanding,-0.012272,0.622796,-0.636602,0.627398,-0.627398,0.622796,-0.628932,-6.458059,6.458059,0.000000,0.626547,-0.626543,0.626540,-0.626536,0.626537,-0.626539,-6.457685,6.457685
0,630,12.600000,commanding,-0.012272,0.622796,-0.636602,0.627398,-0.627398,0.622796,-0.628932,-6.459593,6.459593,0.000000,0.626547,-0.626543,0.626540,-0.626536,0.626537,-0.626539,-6.457685,6.457685
0,631,12.620000,commanding,-0.012272,0.622796,-0.636602,0.627398,-0.627398,0.622796,-0.628932,-6.459593,6.459593,0.000000,0.626547,-0.626543,0.626540,-0.626536,0.626537,-0.626539,-6.457685,6.457685
0,632,12.640000,commanding,-0.012272,0.622796,-0.636602,0.627398,-0.627398,0.622796,-0.628932,-6.459593,6.459593,0.000000,0.626547,-0.626543,0.626540,-0.626536,0.626537,-0.626539,-6.457685,6.457685
0,633,12.660000,commanding,-0.012272,0.622796,-0.636602,0.627398,-0.627398,0.622796,-0.628932,-6.459593,6.459593,0.000000,0.626547,-0.626543,0.626540,-0.626536,0.626537,-0.626539,-6.457685,6.457685
0,634,12.680000,commanding,-0.012272,0.622796,-0.636602,0.627398,-0.627398,0.622796,-0.628932,-6.459593,6.459593,0.000000,0.626547,-0.626543,0.626540,-0.626536,0.626537,-0.626539,-6.457685,6.457685
0,635,12.700000,commanding,-0.012272,0.622796,-0.636602,0.627398,-0.627398,0.622796,-0.628932,-6.459593,6.458059,0.000000,0.626547,-0.626543,0.626540,-0.626536,0.626537,-0.626539,-6.457685,6.457685
0,636,12.720000,commanding,-0.012272,0.622796,-0.636602,0.627398,-0.627398,0.622796,-0.628932,-6.459593,6.459593,0.000000,0.626547,-0.626543,0.626540,-0.626536,0.626537,-0.626539,-6.457685,6.457685
0,637,12.740000,commanding,-0.012272,0.622796,-0.636602,0.627398,-0.627398,0.622796,-0.628932,-6.458059,6.458059,0.000000,0.626547,-0.626543,0.626540,-0.626536,0.626537,-0.626539,-6.457685,6.457685
0,638,12.760000,commanding,-0.012272,0.622796,-0.636602,0.627398,-0.627398,0.622796,-0.628932,-6.458059,6.459593,0.000000,0.626547,-0.626543,0.626540,-0.626536,0.626537,-0.626539,-6.457685,6.457685
0,639,12.780000,commanding,-0.012272,0.622796,-0.636602,0.627398,-0.627398,0.622796,-0.628932,-6.458059,6.459593,0.000000,0.626547,-0.626543,0.626540,-0.626536,0.626537,-0.626539,-6.457685,6.457685
0,640,12.800000,commanding,-0.012272,0.622796,-0.636602,0.627398,-0.627398,0.622796,-0.628932,-6.459593,6.458059,0.000000,0.626547,-0.626543,0.626540,-0.626536,0.626537,-0.626539,-6.457685,6.457685
0,641,12.820000,commanding,-0.012272,0.622796,-0.636602,0.627398,-0.627398,0.622796,-0.628932,-6.459593,6.459593,0.000000,0.626547,-0.626543,0.626540,-0.626536,0.626537,-0.626539,-6.457685,6.457685
0,642,12.840000,commanding,-0.012272,0.622796,-0.636602,0.627398,-0.627398,0.622796,-0.628932,-6.459593,6.458059,0.000000,0.626547,-0.626543,0.626540,-0.626536,0.626537,-0.626539,-6.457685,6.457685
0,643,12.860000,commanding,-0.012272,0.622796,-0.636602,0.627398,-0.627398,0.622796,-0.628932,-6.459593,6.459593,0.000000,0.626547,-0.626543,0.626540,-0.626536,0.626537,-0.626539,-6.457685,6.457685
0,644,12.880000,commanding,-0.012272,0.622796,-0.636602,0.627398,-0.627398,0.622796,-0.628932,-6.459593,6.459593,0.000000,0.626547,-0.626543,0.626540,-0.626536,0.626537,-0.626539,-6.457685,6.457685
0,645,12.900000,commanding,-0.012272,0.622796,-0.636602,0.627398,-0.627398,0.622796,-0.628932,-6.459593,6.459593,0.000000,0.626547,-0.626543,0.626540,-0.626536,0.626537,-0.626539,-6.457685,6.457685
0,646,12.920000,commanding,-0.012272,0.622796,-0.636602,0.627398,-0.627398,0.622796,-0.628932,-6.459593,6.459593,0.000000,0.626547,-0.626543,0.626540,-0.626536,0.626537,-0.626539,-6.457685,6.457685
0,647,12.940000,commanding,-0.012272,0.622796,-0.636602,0.627398,-0.627398,0.622796,-0.628932,-6.458059,6.458059,0.000000,0.626547,-0.626543,0.626540,-0.626536,0.626537,-0.626539,-6.457685,6.457685
0,648,12.960000,commanding,-0.012272,0.622796,-0.636602,0.627398,-0.627398,0.622796,-0.628932,-6.459593,6.459593,0.000000,0.626547,-0.626543,0.626540,-0.626536,0.626537,-0.626539,-6.457685,6.457685
0,649,12.980000,commanding,-0.012272,0.622796,-0.636602,0.627398,-0.627398,0.622796,-0.628932,-6.459593,6.458059,0.000000,0.626547,-0.626543,0.626540,-0.626536,0.626537,-0.626539,-6.457685,6.457685
0,650,13.000000,commanding,-0.012272,0.622796,-0.636602,0.627398,-0.627398,0.622796,-0.628932,-6.459593,6.458059,0.000000,0.626547,-0.626543,0.626540,-0.626536,0.626537,-0.626539,-6.457685,6.457685
0,651,13.020000,commanding,-0.012272,0.622796,-0.636602,0.627398,-0.627398,0.622796,-0.628932,-6.459593,6.459593,0.000000,0.626547,-0.626543,0.626540,-0.626536,0.626537,-0.626539,-6.457685,6.457685
0,652,13.040000,commanding,-0.012272,0.622796,-0.636602,0.627398,-0.627398,0.622796,-0.628932,-6.459593,6.459593,0.000000,0.626547,-0.626543,0.626540,-0.626536,0.626537,-0.626539,-6.457685,6.457685
0,653,13.060000,commanding,-0.012272,0.622796,-0.636602,0.627398,-0.627398,0.622796,-0.628932,-6.458059,6.459593,0.000000,0.626547,-0.626543,0.626540,-0.626536,0.626537,-0.626539,-6.457685,6.457685
0,654,13.080000,commanding,-0.012272,0.622796,-0.636602,0.627398,-0.627398,0.622796,-0.628932,-6.459593,6.459593,0.000000,0.626547,-0.626543,0.626540,-0.626536,0.626537,-0.626539,-6.457685,6.457685
0,655,13.100000,commanding,-0.012272,0.622796,-0.636602,0.627398,-0.627398,0.622796,-0.628932,-6.459593,6.459593,0.000000,0.626547,-0.626543,0.626540,-0.626536,0.626537,-0.626539,-6.457685,6.457685
0,656,13.120000,commanding,-0.012272,0.622796,-0.636602,0.627398,-0.627398,0.622796,-0.628932,-6.459593,6.458059,0.000000,0.626547,-0.626543,0.626540,-0.626536,0.626537,-0.626539,-6.457685,6.457685
0,657,13.140000,commanding,-0.012272,0.622796,-0.636602,0.627398,-0.627398,0.622796,-0.628932,-6.459593,6.459593,0.000000,0.626547,-0.626543,0.626540,-0.626536,0.626537,-0.626539,-6.457685,6.457685
0,658,13.160000,commanding,-0.012272,0.622796,-0.636602,0.627398,-0.627398,0.622796,-0.628932,-6.459593,6.458059,0.000000,0.626547,-0.626543,0.626540,-0.626536,0.626537,-0.626539,-6.457685,6.457685
0,659,13.180000,commanding,-0.012272,0.622796,-0.636602,0.627398,-0.627398,0.622796,-0.628932,-6.458059,6.458059,0.000000,0.626547,-0.626543,0.626540,-0.626536,0.626537,-0.626539,-6.457685,6.457685
0,660,13.200000,commanding,-0.012272,0.622796,-0.636602,0.627398,-0.627398,0.622796,-0.628932,-6.459593,6.458059,0.000000,0.626547,-0.626543,0.626540,-0.626536,0.626537,-0.626539,-6.457685,6.457685
0,661,13.220000,commanding,-0.012272,0.622796,-0.636602,0.627398,-0.627398,0.622796,-0.628932,-6.459593,6.459593,0.000000,0.626547,-0.626543,0.626540,-0.626536,0.626537,-0.626539,-6.457685,6.457685
0,662,13.240000,commanding,-0.012272,0.622796,-0.636602,0.627398,-0.627398,0.622796,-0.628932,-6.458059,6.459593,0.000000,0.626547,-0.626543,0.626540,-0.626536,0.626537,-0.626539,-6.457685,6.457685
0,663,13.260000,commanding,-0.012272,0.622796,-0.636602,0.627398,-0.627398,0.622796,-0.628932,-6.458059,6.459593,0.000000,0.626547,-0.626543,0.626540,-0.626536,0.626537,-0.626539,-6.457685,6.457685
0,664,13.280000,commanding,-0.012272,0.622796,-0.636602,0.627398,-0.627398,0.622796,-0.628932,-6.458059,6.459593,0.000000,0.626547,-0.626543,0.626540,-0.626536,0.626537,-0.626539,-6.457685,6.457685
0,665,13.300000,commanding,-0.012272,0.622796,-0.636602,0.627398,-0.625864,0.622796,-0.628932,-6.459593,6.459593,0.000000,0.626547,-0.626543,0.626540,-0.626536,0.626537,-0.626539,-6.457685,6.457685
0,666,13.320000,commanding,-0.012272,0.622796,-0.636602,0.627398,-0.625864,0.622796,-0.628932,-6.459593,6.459593,0.000000,0.626547,-0.626543,0.626540,-0.626536,0.626537,-0.626539,-6.457685,6.457685
0,667,13.340000,commanding,-0.012272,0.622796,-0.636602,0.627398,-0.625864,0.622796,-0.628932,-6.459593,6.459593,0.000000,0.626547,-0.626543,0.626540,-0.626536,0.626537,-0.626539,-6.457685,6.457685
0,668,13.360000,commanding,-0.012272,0.622796,-0.636602,0.627398,-0.625864,0.622796,-0.628932,-6.459593,6.459593,0.000000,0.626547,-0.626543,0.626540,-0.626536,0.626537,-0.626539,-6.457685,6.457685
0,669,13.380000,commanding,-0.012272,0.622796,-0.636602,0.627398,-0.625864,0.622796,-0.628932,-6.459593,6.458059,0.000000,0.626547,-0.626543,0.626540,-0.626536,0.626537,-0.626539,-6.457685,6.457685
0,670,13.400000,commanding,-0.012272,0.622796,-0.636602,0.627398,-0.625864,0.622796,-0.628932,-6.459593,6.459593,0.000000,0.626547,-0.626543,0.626540,-0.626536,0.626537,-0.626539,-6.457685,6.457685
0,671,13.420000,commanding,-0.012272,0.622796,-0.636602,0.627398,-0.625864,0.622796,-0.628932,-6.459593,6.458059,0.000000,0.626547,-0.626543,0.626540,-0.626536,0.626537,-0.626539,-6.457685,6.457685
0,672,13.440000,commanding,-0.012272,0.622796,-0.636602,0.627398,-0.625864,0.622796,-0.628932,-6.458059,6.458059,0.000000,0.626547,-0.626543,0.626540,-0.626536,0.626537,-0.626539,-6.457685,6.457685
0,673,13.460000,commanding,-0.012272,0.622796,-0.636602,0.627398,-0.625864,0.621262,-0.628932,-6.459593,6.459593,0.000000,0.626547,-0.626543,0.626540,-0.626536,0.626537,-0.626539,-6.457685,6.457685
0,674,13.480000,commanding,-0.012272,0.622796,-0.636602,0.627398,-0.625864,0.619728,-0.628932,-6.459593,6.459593,0.000000,0.626547,-0.626543,0.626540,-0.626536,0.626537,-0.626539,-6.457685,6.457685
0,675,13.500000,commanding,-0.012272,0.622796,-0.636602,0.627398,-0.625864,0.619728,-0.628932,-6.459593,6.459593,0.000000,0.626547,-0.626543,0.626540,-0.626536,0.626537,-0.626539,-6.457685,6.457685
0,676,13.520000,commanding,-0.012272,0.622796,-0.636602,0.627398,-0.625864,0.619728,-0.628932,-6.459593,6.459593,0.000000,0.626547,-0.626543,0.626540,-0.626536,0.626537,-0.626539,-6.457685,6.457685
0,677,13.540000,commanding,-0.012272,0.622796,-0.636602,0.627398,-0.625864,0.619728,-0.628932,-6.459593,6.459593,0.000000,0.626547,-0.626543,0.626540,-0.626536,0.626537,-0.626539,-6.457685,6.457685
0,678,13.560000,commanding,-0.012272,0.622796,-0.636602,0.627398,-0.625864,0.619728,-0.628932,-6.459593,6.459593,0.000000,0.626547,-0.626543,0.626540,-0.626536,0.626537,-0.626539,-6.457685,6.457685
0,679,13.580000,commanding,-0.012272,0.622796,-0.636602,0.627398,-0.625864,0.619728,-0.628932,-6.459593,6.459593,0.000000,0.626547,-0.626543,0.626540,-0.626536,0.626537,-0.626539,-6.457685,6.457685
0,680,13.600000,commanding,-0.012272,0.622796,-0.636602,0.627398,-0.625864,0.619728,-0.628932,-6.459593,6.459593,0.000000,0.626547,-0.626543,0.626540,-0.626536,0.626537,-0.626539,-6.457685,6.457685
0,681,13.620000,commanding,-0.012272,0.622796,-0.636602,0.627398,-0.625864,0.619728,-0.628932,-6.459593,6.459593,0.000000,0.626547,-0.626543,0.626540,-0.626536,0.626537,-0.626539,-6.457685,6.457685
0,682,13.640000,commanding,-0.012272,0.622796,-0.636602,0.627398,-0.625864,0.619728,-0.628932,-6.459593,6.459593,0.000000,0.626547,-0.626543,0.626540,-0.626536,0.626537,-0.626539,-6.457685,6.457685
0,683,13.660000,commanding,-0.012272,0.622796,-0.636602,0.627398,-0.625864,0.619728,-0.628932,-6.459593,6.458059,0.000000,0.626547,-0.626543,0.626540,-0.626536,0.626537,-0.626539,-6.457685,6.457685
0,684,13.680000,commanding,-0.012272,0.622796,-0.636602,0.627398,-0.625864,0.619728,-0.628932,-6.459593,6.459593,0.000000,0.626547,-0.626543,0.626540,-0.626536,0.626537,-0.626539,-6.457685,6.457685
0,685,13.700000,commanding,-0.012272,0.622796,-0.636602,0.627398,-0.625864,0.619728,-0.628932,-6.459593,6.458059,0.000000,0.626547,-0.626543,0.626540,-0.626536,0.626537,-0.626539,-6.457685,6.457685
0,686,13.720000,commanding,-0.012272,0.622796,-0.636602,0.627398,-0.625864,0.619728,-0.628932,-6.459593,6.458059,0.000000,0.626547,-0.626543,0.626540,-0.626536,0.626537,-0.626539,-6.457685,6.457685
0,687,13.740000,commanding,-0.012272,0.622796,-0.636602,0.627398,-0.625864,0.619728,-0.628932,-6.459593,6.459593,0.000000,0.626547,-0.626543,0.626540,-0.626536,0.626537,-0.626539,-6.457685,6.457685
0,688,13.760000,commanding,-0.012272,0.622796,-0.636602,0.627398,-0.625864,0.619728,-0.628932,-6.459593,6.459593,0.000000,0.626547,-0.626543,0.626540,-0.626536,0.626537,-0.626539,-6.457685,6.457685
0,689,13.780000,commanding,-0.012272,0.622796,-0.636602,0.627398,-0.625864,0.619728,-0.628932,-6.459593,6.458059,0.000000,0.626547,-0.626543,0.626540,-0.626536,0.626537,-0.626539,-6.457685,6.457685
0,690,13.800000,commanding,-0.012272,0.622796,-0.636602,0.627398,-0.625864,0.619728,-0.628932,-6.459593,6.458059,0.000000,0.626547,-0.626543,0.626540,-0.626536,0.626537,-0.626539,-6.457685,6.457685
0,691,13.820000,commanding,-0.012272,0.622796,-0.636602,0.627398,-0.625864,0.619728,-0.628932,-6.459593,6.458059,0.000000,0.626547,-0.626543,0.626540,-0.626536,0.626537,-0.626539,-6.457685,6.457685
0,692,13.840000,commanding,-0.012272,0.622796,-0.636602,0.627398,-0.625864,0.619728,-0.628932,-6.458059,6.459593,0.000000,0.626547,-0.626543,0.626540,-0.626536,0.626537,-0.626539,-6.457685,6.457685
0,693,13.860000,commanding,-0.012272,0.622796,-0.636602,0.627398,-0.625864,0.619728,-0.628932,-6.458059,6.458059,0.000000,0.626547,-0.626543,0.626540,-0.626536,0.626537,-0.626539,-6.457685,6.457685
0,694,13.880000,commanding,-0.012272,0.622796,-0.636602,0.627398,-0.625864,0.619728,-0.628932,-6.458059,6.459593,0.000000,0.626547,-0.626543,0.626540,-0.626536,0.626537,-0.626539,-6.457685,6.457685
0,695,13.900000,commanding,-0.012272,0.622796,-0.636602,0.627398,-0.625864,0.619728,-0.628932,-6.458059,6.459593,0.000000,0.626547,-0.626543,0.626540,-0.626536,0.626537,-0.626539,-6.457685,6.457685
0,696,13.920000,commanding,-0.012272,0.622796,-0.636602,0.627398,-0.625864,0.619728,-0.628932,-6.459593,6.458059,0.000000,0.626547,-0.626543,0.626540,-0.626536,0.626537,-0.626539,-6.457685,6.457685
0,697,13.940000,commanding,-0.012272,0.622796,-0.636602,0.627398,-0.625864,0.619728,-0.628932,-6.459593,6.458059,0.000000,0.626547,-0.626543,0.626540,-0.626536,0.626537,-0.626539,-6.457685,6.457685
0,698,13.960000,commanding,-0.012272,0.622796,-0.636602,0.627398,-0.625864,0.619728,-0.628932,-6.459593,6.458059,0.000000,0.626547,-0.626543,0.626540,-0.626536,0.626537,-0.626539,-6.457685,6.457685
0,699,13.980000,commanding,-0.012272,0.622796,-0.636602,0.627398,-0.625864,0.619728,-0.628932,-6.459593,6.459593,0.000000,0.626547,-0.626543,0.626540,-0.626536,0.626537,-0.626539,-6.457685,6.457685
0,700,14.000000,commanding,-0.012272,0.622796,-0.636602,0.627398,-0.625864,0.619728,-0.628932,-6.459593,6.458059,0.000000,0.626547,-0.626543,0.626540,-0.626536,0.626537,-0.626539,-6.457685,6.457685
0,701,14.020000,commanding,-0.012272,0.622796,-0.636602,0.627398,-0.625864,0.619728,-0.628932,-6.459593,6.458059,0.000000,0.626547,-0.626543,0.626540,-0.626536,0.626537,-0.626539,-6.457685,6.457685
0,702,14.040000,commanding,-0.012272,0.622796,-0.636602,0.627398,-0.625864,0.619728,-0.628932,-6.458059,6.459593,0.000000,0.626547,-0.626543,0.626540,-0.626536,0.626537,-0.626539,-6.457685,6.457685
0,703,14.060000,commanding,-0.012272,0.622796,-0.636602,0.627398,-0.625864,0.619728,-0.628932,-6.459593,6.459593,0.000000,0.626547,-0.626543,0.626540,-0.626536,0.626537,-0.626539,-6.457685,6.457685
0,704,14.080000,commanding,-0.012272,0.622796,-0.636602,0.627398,-0.625864,0.619728,-0.628932,-6.459593,6.459593,0.000000,0.626547,-0.626543,0.626540,-0.626536,0.626537,-0.626539,-6.457685,6.457685
0,705,14.100000,commanding,-0.012272,0.622796,-0.636602,0.627398,-0.625864,0.619728,-0.628932,-6.459593,6.459593,0.000000,0.626547,-0.626543,0.626540,-0.626536,0.626537,-0.626539,-6.457685,6.457685
0,706,14.120000,commanding,-0.012272,0.622796,-0.636602,0.627398,-0.625864,0.619728,-0.628932,-6.459593,6.458059,0.000000,0.626547,-0.626543,0.626540,-0.626536,0.626537,-0.626539,-6.457685,6.457685
0,707,14.140000,commanding,-0.012272,0.622796,-0.636602,0.627398,-0.625864,0.619728,-0.628932,-6.459593,6.458059,0.000000,0.626547,-0.626543,0.626540,-0.626536,0.626537,-0.626539,-6.457685,6.457685
0,708,14.160000,commanding,-0.012272,0.622796,-0.636602,0.627398,-0.625864,0.619728,-0.628932,-6.459593,6.458059,0.000000,0.626547,-0.626543,0.626540,-0.626536,0.626537,-0.626539,-6.457685,6.457685
0,709,14.180000,commanding,-0.012272,0.622796,-0.636602,0.627398,-0.625864,0.619728,-0.628932,-6.459593,6.458059,0.000000,0.626547,-0.626543,0.626540,-0.626536,0.626537,-0.626539,-6.457685,6.457685
0,710,14.200000,commanding,-0.012272,0.622796,-0.636602,0.627398,-0.625864,0.619728,-0.628932,-6.458059,6.459593,0.000000,0.626547,-0.626543,0.626540,-0.626536,0.626537,-0.626539,-6.457685,6.457685
0,711,14.220000,commanding,-0.012272,0.622796,-0.636602,0.627398,-0.625864,0.619728,-0.628932,-6.459593,6.459593,0.000000,0.626547,-0.626543,0.626540,-0.626536,0.626537,-0.626539,-6.457685,6.457685
0,712,14.240000,commanding,-0.012272,0.622796,-0.636602,0.627398,-0.625864,0.619728,-0.628932,-6.458059,6.459593,0.000000,0.626547,-0.626543,0.626540,-0.626536,0.626537,-0.626539,-6.457685,6.457685
0,713,14.260000,commanding,-0.012272,0.622796,-0.636602,0.627398,-0.625864,0.619728,-0.628932,-6.459593,6.459593,0.000000,0.626547,-0.626543,0.626540,-0.626536,0.626537,-0.626539,-6.457685,6.457685
0,714,14.280000,commanding,-0.012272,0.622796,-0.636602,0.627398,-0.625864,0.619728,-0.628932,-6.458059,6.458059,0.000000,0.626547,-0.626543,0.626540,-0.626536,0.626537,-0.626539,-6.457685,6.457685
0,715,14.300000,commanding,-0.012272,0.622796,-0.636602,0.627398,-0.625864,0.619728,-0.628932,-6.459593,6.458059,0.000000,0.626547,-0.626543,0.626540,-0.626536,0.626537,-0.626539,-6.457685,6.457685
0,716,14.320000,commanding,-0.012272,0.622796,-0.636602,0.627398,-0.625864,0.619728,-0.628932,-6.459593,6.459593,0.000000,0.626547,-0.626543,0.626540,-0.626536,0.626537,-0.626539,-6.457685,6.457685
0,717,14.340000,commanding,-0.012272,0.622796,-0.636602,0.627398,-0.625864,0.619728,-0.628932,-6.459593,6.459593,0.000000,0.626547,-0.626543,0.626540,-0.626536,0.626537,-0.626539,-6.457685,6.457685
0,718,14.360000,commanding,-0.012272,0.622796,-0.636602,0.627398,-0.625864,0.619728,-0.628932,-6.459593,6.458059,0.000000,0.626547,-0.626543,0.626540,-0.626536,0.626537,-0.626539,-6.457685,6.457685
0,719,14.380000,commanding,-0.012272,0.622796,-0.636602,0.627398,-0.625864,0.619728,-0.628932,-6.459593,6.459593,0.000000,0.626547,-0.626543,0.626540,-0.626536,0.626537,-0.626539,-6.457685,6.457685
0,720,14.400000,commanding,-0.012272,0.622796,-0.636602,0.627398,-0.625864,0.619728,-0.628932,-6.459593,6.458059,0.000000,0.626547,-0.626543,0.626540,-0.626536,0.626537,-0.626539,-6.457685,6.457685
0,721,14.420000,commanding,-0.012272,0.622796,-0.636602,0.627398,-0.625864,0.619728,-0.628932,-6.459593,6.458059,0.000000,0.626547,-0.626543,0.626540,-0.626536,0.626537,-0.626539,-6.457685,6.457685
0,722,14.440000,commanding,-0.012272,0.622796,-0.636602,0.627398,-0.625864,0.619728,-0.628932,-6.459593,6.458059,0.000000,0.626547,-0.626543,0.626540,-0.626536,0.626537,-0.626539,-6.457685,6.457685
0,723,14.460000,commanding,-0.012272,0.622796,-0.636602,0.627398,-0.625864,0.619728,-0.628932,-6.459593,6.459593,0.000000,0.626547,-0.626543,0.626540,-0.626536,0.626537,-0.626539,-6.457685,6.457685
0,724,14.480000,commanding,-0.012272,0.622796,-0.636602,0.627398,-0.625864,0.619728,-0.628932,-6.459593,6.459593,0.000000,0.626547,-0.626543,0.626540,-0.626536,0.626537,-0.626539,-6.457685,6.457685
0,725,14.500000,commanding,-0.012272,0.622796,-0.636602,0.627398,-0.625864,0.619728,-0.628932,-6.458059,6.458059,0.000000,0.626547,-0.626543,0.626540,-0.626536,0.626537,-0.626539,-6.457685,6.457685
0,726,14.520000,commanding,-0.012272,0.622796,-0.636602,0.627398,-0.625864,0.619728,-0.628932,-6.459593,6.459593,0.000000,0.626547,-0.626543,0.626540,-0.626536,0.626537,-0.626539,-6.457685,6.457685
0,727,14.540000,commanding,-0.012272,0.622796,-0.636602,0.627398,-0.625864,0.619728,-0.628932,-6.459593,6.458059,0.000000,0.626547,-0.626543,0.626540,-0.626536,0.626537,-0.626539,-6.457685,6.457685
0,728,14.560000,commanding,-0.012272,0.622796,-0.636602,0.627398,-0.625864,0.619728,-0.628932,-6.459593,6.458059,0.000000,0.626547,-0.626543,0.626540,-0.626536,0.626537,-0.626539,-6.457685,6.457685
0,729,14.580000,commanding,-0.012272,0.622796,-0.636602,0.627398,-0.625864,0.619728,-0.628932,-6.459593,6.458059,0.000000,0.626547,-0.626543,0.626540,-0.626536,0.626537,-0.626539,-6.457685,6.457685
0,730,14.600000,commanding,-0.012272,0.622796,-0.636602,0.627398,-0.625864,0.619728,-0.628932,-6.459593,6.458059,0.000000,0.626547,-0.626543,0.626540,-0.626536,0.626537,-0.626539,-6.457685,6.457685
0,731,14.620000,commanding,-0.012272,0.622796,-0.636602,0.625864,-0.625864,0.619728,-0.628932,-6.459593,6.458059,0.000000,0.626547,-0.626543,0.626540,-0.626536,0.626537,-0.626539,-6.457685,6.457685
0,732,14.640000,commanding,-0.012272,0.622796,-0.636602,0.625864,-0.625864,0.619728,-0.628932,-6.458059,6.458059,0.000000,0.626547,-0.626543,0.626540,-0.626536,0.626537,-0.626539,-6.457685,6.457685
0,733,14.660000,commanding,-0.012272,0.622796,-0.636602,0.625864,-0.625864,0.619728,-0.628932,-6.458059,6.458059,0.000000,0.626547,-0.626543,0.626540,-0.626536,0.626537,-0.626539,-6.457685,6.457685
0,734,14.680000,commanding,-0.012272,0.622796,-0.636602,0.625864,-0.625864,0.619728,-0.628932,-6.459593,6.459593,0.000000,0.626547,-0.626543,0.626540,-0.626536,0.626537,-0.626539,-6.457685,6.457685
0,735,14.700000,commanding,-0.012272,0.622796,-0.636602,0.625864,-0.625864,0.619728,-0.628932,-6.459593,6.459593,0.000000,0.626547,-0.626543,0.626540,-0.626536,0.626537,-0.626539,-6.457685,6.457685
0,736,14.720000,commanding,-0.012272,0.622796,-0.636602,0.625864,-0.625864,0.619728,-0.628932,-6.459593,6.459593,0.000000,0.626547,-0.626543,0.626540,-0.626536,0.626537,-0.626539,-6.457685,6.457685
0,737,14.740000,commanding,-0.012272,0.622796,-0.636602,0.625864,-0.625864,0.619728,-0.628932,-6.459593,6.458059,0.000000,0.626547,-0.626543,0.626540,-0.626536,0.626537,-0.626539,-6.457685,6.457685
0,738,14.760000,commanding,-0.012272,0.622796,-0.636602,0.625864,-0.625864,0.619728,-0.628932,-6.459593,6.459593,0.000000,0.626547,-0.626543,0.626540,-0.626536,0.626537,-0.626539,-6.457685,6.457685
0,739,14.780000,commanding,-0.012272,0.622796,-0.636602,0.625864,-0.625864,0.619728,-0.628932,-6.458059,6.458059,0.000000,0.626547,-0.626543,0.626540,-0.626536,0.626537,-0.626539,-6.457685,6.457685
0,740,14.800000,commanding,-0.012272,0.622796,-0.636602,0.625864,-0.625864,0.619728,-0.628932,-6.459593,6.459593,0.000000,0.626547,-0.626543,0.626540,-0.626536,0.626537,-0.626539,-6.457685,6.457685
0,741,14.820000,commanding,-0.012272,0.622796,-0.636602,0.625864,-0.625864,0.619728,-0.628932,-6.459593,6.459593,0.000000,0.626547,-0.626543,0.626540,-0.626536,0.626537,-0.626539,-6.457685,6.457685
0,742,14.840000,commanding,-0.012272,0.622796,-0.636602,0.625864,-0.625864,0.619728,-0.628932,-6.459593,6.459593,0.000000,0.626547,-0.626543,0.626540,-0.626536,0.626537,-0.626539,-6.457685,6.457685
0,743,14.860000,commanding,-0.012272,0.622796,-0.636602,0.625864,-0.625864,0.619728,-0.628932,-6.459593,6.459593,0.000000,0.626547,-0.626543,0.626540,-0.626536,0.626537,-0.626539,-6.457685,6.457685
0,744,14.880000,commanding,-0.012272,0.622796,-0.636602,0.625864,-0.625864,0.619728,-0.628932,-6.459593,6.459593,0.000000,0.626547,-0.626543,0.626540,-0.626536,0.626537,-0.626539,-6.457685,6.457685
0,745,14.900000,commanding,-0.012272,0.622796,-0.636602,0.625864,-0.625864,0.619728,-0.628932,-6.459593,6.459593,0.000000,0.626547,-0.626543,0.626540,-0.626536,0.626537,-0.626539,-6.457685,6.457685
0,746,14.920000,commanding,-0.012272,0.622796,-0.636602,0.625864,-0.625864,0.619728,-0.628932,-6.459593,6.458059,0.000000,0.626547,-0.626543,0.626540,-0.626536,0.626537,-0.626539,-6.457685,6.457685
0,747,14.940000,commanding,-0.012272,0.622796,-0.636602,0.625864,-0.625864,0.619728,-0.628932,-6.459593,6.459593,0.000000,0.626547,-0.626543,0.626540,-0.626536,0.626537,-0.626539,-6.457685,6.457685
0,748,14.960000,commanding,-0.012272,0.622796,-0.636602,0.625864,-0.625864,0.619728,-0.628932,-6.458059,6.458059,0.000000,0.626547,-0.626543,0.626540,-0.626536,0.626537,-0.626539,-6.457685,6.457685
0,749,14.980000,commanding,-0.012272,0.622796,-0.636602,0.625864,-0.625864,0.619728,-0.628932,-6.459593,6.459593,0.000000,0.626547,-0.626543,0.626540,-0.626536,0.626537,-0.626539,-6.457685,6.457685
0,750,15.000000,commanding,-0.012272,0.622796,-0.636602,0.625864,-0.625864,0.619728,-0.628932,-6.459593,6.458059,0.000000,0.626547,-0.626543,0.626540,-0.626536,0.626537,-0.626539,-6.457685,6.457685
0,751,15.020000,commanding,-0.012272,0.622796,-0.636602,0.625864,-0.625864,0.619728,-0.628932,-6.459593,6.458059,0.000000,0.626547,-0.626543,0.626540,-0.626536,0.626537,-0.626539,-6.457685,6.457685
0,752,15.040000,commanding,-0.012272,0.622796,-0.636602,0.625864,-0.625864,0.619728,-0.628932,-6.459593,6.459593,0.000000,0.626547,-0.626543,0.626540,-0.626536,0.626537,-0.626539,-6.457685,6.457685
0,753,15.060000,commanding,-0.012272,0.622796,-0.636602,0.625864,-0.625864,0.619728,-0.628932,-6.459593,6.459593,0.000000,0.626547,-0.626543,0.626540,-0.626536,0.626537,-0.626539,-6.457685,6.457685
0,754,15.080000,commanding,-0.012272,0.622796,-0.636602,0.625864,-0.625864,0.619728,-0.628932,-6.459593,6.459593,0.000000,0.626547,-0.626543,0.626540,-0.626536,0.626537,-0.626539,-6.457685,6.457685
0,755,15.100000,commanding,-0.012272,0.622796,-0.636602,0.625864,-0.625864,0.619728,-0.628932,-6.459593,6.459593,0.000000,0.626547,-0.626543,0.626540,-0.626536,0.626537,-0.626539,-6.457685,6.457685
0,756,15.120000,commanding,-0.012272,0.622796,-0.636602,0.625864,-0.625864,0.619728,-0.628932,-6.459593,6.459593,0.000000,0.626547,-0.626543,0.626540,-0.626536,0.626537,-0.626539,-6.457685,6.457685
0,757,15.140000,commanding,-0.012272,0.622796,-0.636602,0.625864,-0.625864,0.619728,-0.628932,-6.459593,6.458059,0.000000,0.626547,-0.626543,0.626540,-0.626536,0.626537,-0.626539,-6.457685,6.457685
0,758,15.160000,commanding,-0.012272,0.622796,-0.636602,0.625864,-0.625864,0.619728,-0.628932,-6.459593,6.459593,0.000000,0.626547,-0.626543,0.626540,-0.626536,0.626537,-0.626539,-6.457685,6.457685
0,759,15.180000,commanding,-0.012272,0.622796,-0.636602,0.625864,-0.625864,0.619728,-0.628932,-6.459593,6.459593,0.000000,0.626547,-0.626543,0.626540,-0.626536,0.626537,-0.626539,-6.457685,6.457685
0,760,15.200000,commanding,-0.012272,0.622796,-0.636602,0.625864,-0.625864,0.619728,-0.628932,-6.459593,6.459593,0.000000,0.626547,-0.626543,0.626540,-0.626536,0.626537,-0.626539,-6.457685,6.457685
0,761,15.220000,commanding,-0.012272,0.622796,-0.636602,0.625864,-0.625864,0.619728,-0.628932,-6.458059,6.458059,0.000000,0.626547,-0.626543,0.626540,-0.626536,0.626537,-0.626539,-6.457685,6.457685
0,762,15.240000,commanding,-0.012272,0.622796,-0.636602,0.625864,-0.625864,0.619728,-0.628932,-6.459593,6.459593,0.000000,0.626547,-0.626543,0.626540,-0.626536,0.626537,-0.626539,-6.457685,6.457685
0,763,15.260000,commanding,-0.012272,0.622796,-0.635068,0.625864,-0.625864,0.619728,-0.628932,-6.459593,6.458059,0.000000,0.626547,-0.626543,0.626540,-0.626536,0.626537,-0.626539,-6.457685,6.457685
0,764,15.280000,commanding,-0.012272,0.622796,-0.635068,0.625864,-0.625864,0.619728,-0.628932,-6.459593,6.459593,0.000000,0.626547,-0.626543,0.626540,-0.626536,0.626537,-0.626539,-6.457685,6.457685
0,765,15.300000,commanding,-0.012272,0.622796,-0.635068,0.625864,-0.625864,0.619728,-0.628932,-6.459593,6.459593,0.000000,0.626547,-0.626543,0.626540,-0.626536,0.626537,-0.626539,-6.457685,6.457685
0,766,15.320000,commanding,-0.012272,0.622796,-0.635068,0.625864,-0.625864,0.619728,-0.628932,-6.459593,6.458059,0.000000,0.626547,-0.626543,0.626540,-0.626536,0.626537,-0.626539,-6.457685,6.457685
0,767,15.340000,commanding,-0.012272,0.622796,-0.635068,0.625864,-0.625864,0.619728,-0.628932,-6.459593,6.458059,0.000000,0.626547,-0.626543,0.626540,-0.626536,0.626537,-0.626539,-6.457685,6.457685
0,768,15.360000,commanding,-0.012272,0.622796,-0.635068,0.625864,-0.625864,0.619728,-0.628932,-6.459593,6.459593,0.000000,0.626547,-0.626543,0.626540,-0.626536,0.626537,-0.626539,-6.457685,6.457685
0,769,15.380000,commanding,-0.012272,0.622796,-0.635068,0.625864,-0.625864,0.619728,-0.628932,-6.459593,6.459593,0.000000,0.626547,-0.626543,0.626540,-0.626536,0.626537,-0.626539,-6.457685,6.457685
0,770,15.400000,commanding,-0.012272,0.622796,-0.635068,0.625864,-0.625864,0.619728,-0.628932,-6.459593,6.459593,0.000000,0.626547,-0.626543,0.626540,-0.626536,0.626537,-0.626539,-6.457685,6.457685
0,771,15.420000,commanding,-0.012272,0.622796,-0.635068,0.625864,-0.625864,0.619728,-0.628932,-6.459593,6.458059,0.000000,0.626547,-0.626543,0.626540,-0.626536,0.626537,-0.626539,-6.457685,6.457685
0,772,15.440000,commanding,-0.012272,0.622796,-0.635068,0.625864,-0.625864,0.619728,-0.628932,-6.459593,6.459593,0.000000,0.626547,-0.626543,0.626540,-0.626536,0.626537,-0.626539,-6.457685,6.457685
0,773,15.460000,commanding,-0.012272,0.622796,-0.635068,0.625864,-0.625864,0.619728,-0.628932,-6.459593,6.459593,0.000000,0.626547,-0.626543,0.626540,-0.626536,0.626537,-0.626539,-6.457685,6.457685
0,774,15.480000,commanding,-0.012272,0.622796,-0.635068,0.625864,-0.625864,0.619728,-0.628932,-6.459593,6.458059,0.000000,0.626547,-0.626543,0.626540,-0.626536,0.626537,-0.626539,-6.457685,6.457685
0,775,15.500000,commanding,-0.012272,0.622796,-0.635068,0.625864,-0.625864,0.619728,-0.628932,-6.459593,6.458059,0.000000,0.626547,-0.626543,0.626540,-0.626536,0.626537,-0.626539,-6.457685,6.457685
0,776,15.520000,commanding,-0.012272,0.622796,-0.635068,0.625864,-0.625864,0.619728,-0.627398,-6.459593,6.459593,0.000000,0.626547,-0.626543,0.626540,-0.626536,0.626537,-0.626539,-6.457685,6.457685
0,777,15.540000,commanding,-0.012272,0.622796,-0.635068,0.625864,-0.625864,0.619728,-0.627398,-6.459593,6.458059,0.000000,0.626547,-0.626543,0.626540,-0.626536,0.626537,-0.626539,-6.457685,6.457685
0,778,15.560000,commanding,-0.012272,0.622796,-0.635068,0.625864,-0.625864,0.619728,-0.627398,-6.459593,6.458059,0.000000,0.626547,-0.626543,0.626540,-0.626536,0.626537,-0.626539,-6.457685,6.457685
0,779,15.580000,commanding,-0.012272,0.622796,-0.635068,0.625864,-0.625864,0.619728,-0.627398,-6.459593,6.458059,0.000000,0.626547,-0.626543,0.626540,-0.626536,0.626537,-0.626539,-6.457685,6.457685
0,780,15.600000,commanding,-0.012272,0.622796,-0.635068,0.625864,-0.625864,0.619728,-0.627398,-6.459593,6.459593,0.000000,0.626547,-0.626543,0.626540,-0.626536,0.626537,-0.626539,-6.457685,6.457685
0,781,15.620000,commanding,-0.012272,0.622796,-0.635068,0.625864,-0.625864,0.619728,-0.627398,-6.459593,6.459593,0.000000,0.626547,-0.626543,0.626540,-0.626536,0.626537,-0.626539,-6.457685,6.457685
0,782,15.640000,commanding,-0.012272,0.622796,-0.635068,0.625864,-0.625864,0.619728,-0.627398,-6.459593,6.459593,0.000000,0.626547,-0.626543,0.626540,-0.626536,0.626537,-0.626539,-6.457685,6.457685
0,783,15.660000,commanding,-0.012272,0.622796,-0.635068,0.625864,-0.625864,0.619728,-0.627398,-6.459593,6.459593,0.000000,0.626547,-0.626543,0.626540,-0.626536,0.626537,-0.626539,-6.457685,6.457685
0,784,15.680000,commanding,-0.012272,0.622796,-0.635068,0.625864,-0.625864,0.619728,-0.627398,-6.459593,6.459593,0.000000,0.626547,-0.626543,0.626540,-0.626536,0.626537,-0.626539,-6.457685,6.457685
