run,tick,t_s,phase,body_yaw_present_rad,leg1_present_rad,leg2_present_rad,leg3_present_rad,leg4_present_rad,leg5_present_rad,leg6_present_rad,antenna_right_present_rad,antenna_left_present_rad,body_yaw_goal_rad,leg1_goal_rad,leg2_goal_rad,leg3_goal_rad,leg4_goal_rad,leg5_goal_rad,leg6_goal_rad,antenna_right_goal_rad,antenna_left_goal_rad
0,0,0.000000,commanding,-0.001534,0.619728,-0.635068,0.641204,-0.648874,0.619728,-0.627398,-6.459593,6.454991,0.000000,0.626547,-0.626543,0.626540,-0.626536,0.626537,-0.626539,-6.457685,6.457685
0,1,0.020000,commanding,-0.001534,0.619728,-0.635068,0.641204,-0.648874,0.619728,-0.627398,-6.459593,6.464195,0.000000,0.626547,-0.626543,0.626540,-0.626536,0.626537,-0.626539,-6.457685,6.457685
0,2,0.040000,commanding,-0.001534,0.619728,-0.635068,0.641204,-0.647340,0.619728,-0.627398,-6.458059,6.462661,0.000000,0.626547,-0.626543,0.626540,-0.626536,0.626537,-0.626539,-6.457685,6.457685
0,3,0.060000,commanding,-0.001534,0.619728,-0.635068,0.641204,-0.647340,0.619728,-0.627398,-6.458059,6.454991,-0.000153,0.527856,-0.498742,0.552408,-0.556935,0.499047,-0.526526,-6.762794,6.762487
0,4,0.080000,commanding,-0.001534,0.619728,-0.635068,0.639670,-0.647340,0.619728,-0.627398,-6.459593,6.454991,-0.000307,0.435304,-0.370808,0.480768,-0.490664,0.371243,-0.432385,-7.067903,7.067289
0,5,0.100000,commanding,-0.001534,0.619728,-0.635068,0.639670,-0.644272,0.619728,-0.625864,-6.461127,6.464195,-0.000460,0.347162,-0.240005,0.410573,-0.426593,0.240242,-0.342336,-7.373012,7.372091
0,6,0.120000,commanding,-0.001534,0.618194,-0.633534,0.635068,-0.639670,0.618194,-0.621262,-6.465729,6.470331,-0.000614,0.263098,-0.105230,0.340986,-0.363583,0.105234,-0.256210,-7.678121,7.676893
0,7,0.140000,commanding,-0.001534,0.613592,-0.625864,0.625864,-0.630466,0.613592,-0.612058,-6.474933,6.470331,-0.000767,0.182728,0.034764,0.271417,-0.301024,-0.034786,-0.173729,-7.983229,7.981695
0,8,0.160000,commanding,-0.001534,0.602854,-0.613592,0.612058,-0.618194,0.604388,-0.599786,-6.487205,6.478001,-0.000920,0.105222,0.182665,0.201191,-0.238412,-0.182741,-0.093980,-8.288338,8.286497
0,9,0.180000,commanding,-0.001534,0.590583,-0.599786,0.601320,-0.605922,0.590583,-0.587515,-6.507147,6.496409,-0.001074,0.030170,0.341261,0.129577,-0.175107,-0.341619,-0.016522,-8.593447,8.591299
0,10,0.200000,commanding,-0.001534,0.570641,-0.581379,0.584447,-0.587515,0.572175,-0.570641,-6.527088,6.527088,-0.001227,-0.042523,0.513648,0.055782,-0.110402,-0.514706,0.058721,-8.898556,8.896101
0,11,0.220000,commanding,-0.001534,0.549165,-0.561437,0.566039,-0.569107,0.550699,-0.552233,-6.543962,6.537826,-0.001381,-0.113098,0.704036,-0.023729,-0.037324,-0.709303,0.148958,-9.203665,9.203343
0,12,0.240000,commanding,-0.001534,0.523087,-0.541495,0.541495,-0.549165,0.526155,-0.532291,-6.566972,6.545496,-0.001534,-0.181180,0.914336,-0.106636,0.038783,-0.929203,0.241987,-9.509759,9.507673
0,13,0.260000,commanding,-0.001534,0.495476,-0.520019,0.515418,-0.527689,0.500078,-0.509282,-6.599185,6.577710,-0.001534,-0.181889,0.914435,-0.107389,0.040349,-0.930386,0.248187,-9.510307,9.506544
0,14,0.280000,commanding,-0.001534,0.467864,-0.495476,0.486272,-0.500078,0.470932,-0.483204,-6.628331,6.620661,-0.001534,-0.183084,0.914439,-0.108127,0.041249,-0.930573,0.252574,-9.509906,9.507015
0,15,0.300000,commanding,-0.001534,0.443320,-0.472466,0.461728,-0.477068,0.446388,-0.458660,-6.646739,6.640603,-0.001534,-0.184629,0.914429,-0.108555,0.041383,-0.930811,0.256097,-9.509098,9.507239
0,16,0.320000,commanding,-0.001534,0.417243,-0.446388,0.435651,-0.450990,0.418777,-0.434117,-6.668214,6.649807,-0.001534,-0.187212,0.914430,-0.109953,0.041360,-0.931730,0.259672,-9.508773,9.506775
0,17,0.340000,commanding,-0.001534,0.392699,-0.421845,0.409573,-0.426447,0.394233,-0.408039,-6.697360,6.677418,-0.001534,-0.189668,0.914429,-0.111451,0.041696,-0.932096,0.261960,-9.508773,9.506297
0,18,0.360000,commanding,-0.001534,0.368155,-0.397301,0.385029,-0.400369,0.368155,-0.381961,-6.724972,6.717302,-0.001534,-0.192056,0.914423,-0.112376,0.042481,-0.932065,0.262397,-9.508773,9.506722
0,19,0.380000,commanding,-0.001534,0.343612,-0.372757,0.360485,-0.374291,0.343612,-0.357418,-6.746448,6.734176,-0.001534,-0.193367,0.914419,-0.112837,0.042961,-0.932068,0.262305,-9.508773,9.507163
0,20,0.400000,commanding,-0.001534,0.319068,-0.346680,0.334408,-0.348214,0.320602,-0.331340,-6.770991,6.743380,-0.001534,-0.193532,0.914410,-0.113614,0.042974,-0.932067,0.262280,-9.508773,9.507239
0,21,0.420000,commanding,-0.001534,0.294524,-0.322136,0.309864,-0.325204,0.296058,-0.308330,-6.797069,6.775593,-0.001534,-0.193479,0.914404,-0.114223,0.042912,-0.932066,0.262271,-9.508773,9.507239
0,22,0.440000,commanding,-0.001534,0.271515,-0.299126,0.286854,-0.300660,0.271515,-0.282252,-6.821613,6.820079,-0.001534,-0.193485,0.914413,-0.114374,0.042898,-0.932940,0.262296,-9.508773,9.507239
0,23,0.460000,commanding,-0.001534,0.245437,-0.273049,0.260777,-0.276117,0.246971,-0.257709,-6.846156,6.830816,-0.001534,-0.193498,0.914425,-0.114392,0.042896,-0.933585,0.262317,-9.508773,9.507239
0,24,0.480000,commanding,-0.001534,0.220893,-0.248505,0.237767,-0.253107,0.222427,-0.233165,-6.869166,6.836952,-0.001534,-0.193499,0.914429,-0.114396,0.042895,-0.933654,0.262321,-9.508773,9.507085
0,25,0.500000,commanding,-0.001534,0.196350,-0.223961,0.213223,-0.228563,0.197884,-0.208621,-6.895244,6.878370,-0.001534,-0.193499,0.914430,-0.114397,0.042895,-0.933642,0.262321,-9.508773,9.506384
0,26,0.520000,commanding,-0.001534,0.171806,-0.197884,0.188680,-0.200951,0.171806,-0.184078,-6.922855,6.910583,-0.001534,-0.193499,0.914430,-0.114397,0.042895,-0.933642,0.262321,-9.508773,9.506435
0,27,0.540000,commanding,-0.001534,0.148796,-0.176408,0.164136,-0.177942,0.148796,-0.159534,-6.944331,6.922855,-0.001534,-0.193499,0.914430,-0.114397,0.042895,-0.933642,0.262321,-9.508773,9.507030
0,28,0.560000,commanding,-0.001534,0.124252,-0.151864,0.138058,-0.151864,0.124252,-0.134990,-6.965807,6.944331,-0.001534,-0.193499,0.914430,-0.114397,0.042895,-0.933642,0.262321,-9.508773,9.506306
0,29,0.580000,commanding,-0.001534,0.099709,-0.128854,0.113515,-0.127320,0.098175,-0.111981,-6.991884,6.984215,-0.001534,-0.193499,0.914430,-0.114397,0.042895,-0.933642,0.262321,-9.508773,9.505734
0,30,0.600000,commanding,-0.001534,0.073631,-0.104311,0.088971,-0.102777,0.073631,-0.085903,-7.019496,7.005690,-0.001534,-0.193499,0.914430,-0.114397,0.042895,-0.933642,0.262321,-9.508773,9.505705
0,31,0.620000,commanding,-0.001534,0.049087,-0.078233,0.064427,-0.078233,0.047553,-0.059825,-7.044040,7.017962,-0.001534,-0.193499,0.914430,-0.114397,0.042895,-0.933642,0.262321,-9.508773,9.505705
0,32,0.640000,commanding,-0.001534,0.023010,-0.053689,0.039884,-0.052155,0.021476,-0.033748,-7.067049,7.053244,-0.001534,-0.193499,0.914430,-0.114397,0.042895,-0.933642,0.262321,-9.508773,9.505705
0,33,0.660000,commanding,-0.001534,-0.001534,-0.029146,0.016874,-0.030680,0.000000,-0.012272,-7.093127,7.077787,-0.001534,-0.193499,0.914430,-0.114397,0.042895,-0.933642,0.262321,-9.508773,9.505705
0,34,0.680000,commanding,-0.001534,-0.024544,-0.004602,-0.007670,-0.009204,-0.026078,0.012272,-7.117671,7.097729,-0.001534,-0.193499,0.914430,-0.114397,0.042895,-0.933642,0.262321,-9.508773,9.505705
0,35,0.700000,commanding,-0.001534,-0.049087,0.018408,-0.032214,0.007670,-0.049087,0.038350,-7.140681,7.122273,-0.001534,-0.193499,0.914430,-0.114397,0.042895,-0.933642,0.262321,-9.508773,9.505705
0,36,0.720000,commanding,-0.001534,-0.073631,0.044485,-0.055223,0.021476,-0.073631,0.061359,-7.166758,7.149884,-0.001534,-0.193499,0.914430,-0.114397,0.042895,-0.933642,0.262321,-9.508773,9.505705
0,37,0.740000,commanding,-0.001534,-0.098175,0.069029,-0.073631,0.030680,-0.098175,0.085903,-7.189768,7.174428,-0.001534,-0.193499,0.914430,-0.114397,0.042895,-0.933642,0.262321,-9.508773,9.505705
0,38,0.760000,commanding,-0.001534,-0.124252,0.095107,-0.092039,0.033748,-0.122718,0.113515,-7.215846,7.197438,-0.001534,-0.193499,0.914430,-0.114397,0.042895,-0.933642,0.262321,-9.508773,9.505974
0,39,0.780000,commanding,-0.001534,-0.145728,0.118117,-0.101243,0.035282,-0.147262,0.136524,-7.238855,7.220448,-0.001534,-0.193499,0.914430,-0.114397,0.042895,-0.933642,0.262321,-9.508773,9.511500
0,40,0.800000,commanding,-0.001534,-0.165670,0.144194,-0.108913,0.033748,-0.170272,0.159534,-7.264933,7.244991,-0.000548,-0.193502,0.914430,-0.114397,0.042895,-0.933643,0.262325,-9.508773,9.525601
0,41,0.820000,commanding,-0.001534,-0.181010,0.167204,-0.115049,0.033748,-0.194816,0.185612,-7.287943,7.269535,0.001877,-0.193483,0.914429,-0.114395,0.042894,-0.933643,0.262303,-9.508773,9.534598
0,42,0.840000,commanding,-0.001534,-0.190214,0.191748,-0.116583,0.035282,-0.219359,0.208621,-7.314020,7.294079,0.000675,-0.191977,0.914158,-0.114144,0.044123,-0.934009,0.263558,-9.508773,9.510556
0,43,0.860000,commanding,-0.001534,-0.196350,0.217825,-0.115049,0.035282,-0.243903,0.228563,-7.338564,7.317088,-0.001191,-0.191895,0.914137,-0.114710,0.044200,-0.934015,0.263646,-9.508773,9.471792
0,44,0.880000,commanding,-0.001534,-0.202485,0.242369,-0.115049,0.036816,-0.271515,0.246971,-7.361574,7.344700,-0.001534,-0.193075,0.914341,-0.115616,0.043240,-0.933709,0.262667,-9.508773,9.435124
0,45,0.900000,commanding,-0.001534,-0.205553,0.266913,-0.113515,0.036816,-0.294524,0.259243,-7.386117,7.370778,-0.001534,-0.193499,0.914415,-0.115902,0.042893,-0.933599,0.262314,-9.508773,9.400987
0,46,0.920000,commanding,-0.001534,-0.205553,0.292990,-0.111981,0.035282,-0.317534,0.266913,-7.412195,7.393787,-0.001534,-0.193499,0.914415,-0.115902,0.042893,-0.933599,0.262314,-9.508773,9.372860
0,47,0.940000,commanding,-0.001534,-0.204019,0.320602,-0.111981,0.035282,-0.343612,0.271515,-7.436739,7.418331,-0.001534,-0.193499,0.914415,-0.115902,0.042893,-0.933599,0.262314,-9.508773,9.354251
0,48,0.960000,commanding,-0.001534,-0.204019,0.345146,-0.113515,0.035282,-0.369689,0.273049,-7.461283,7.439807,-0.001534,-0.193499,0.914415,-0.115902,0.042893,-0.933599,0.262314,-9.508773,9.345187
0,49,0.980000,commanding,-0.001534,-0.204019,0.369689,-0.113515,0.035282,-0.394233,0.271515,-7.485826,7.464351,-0.001534,-0.193499,0.914415,-0.115902,0.042893,-0.933599,0.262314,-9.508773,9.339628
0,50,1.000000,commanding,-0.001534,-0.204019,0.397301,-0.113515,0.033748,-0.421845,0.271515,-7.511904,7.491962,-0.001534,-0.193499,0.914415,-0.115902,0.042893,-0.933599,0.262314,-9.508773,9.331806
0,51,1.020000,commanding,-0.001534,-0.204019,0.421845,-0.113515,0.035282,-0.446388,0.271515,-7.534914,7.511904,-0.001534,-0.193499,0.914415,-0.115902,0.042893,-0.933599,0.262314,-9.508773,9.318134
0,52,1.040000,commanding,-0.001534,-0.204019,0.446388,-0.111981,0.035282,-0.470932,0.271515,-7.559457,7.534914,-0.001534,-0.193499,0.914415,-0.115902,0.042893,-0.933599,0.262314,-9.508773,9.291699
0,53,1.060000,commanding,-0.001534,-0.204019,0.470932,-0.108913,0.033748,-0.497010,0.273049,-7.584001,7.562525,-0.001534,-0.193499,0.914415,-0.115902,0.042893,-0.933599,0.262314,-9.508773,9.261483
0,54,1.080000,commanding,-0.001534,-0.204019,0.498544,-0.105845,0.033748,-0.521553,0.273049,-7.607011,7.588603,-0.001534,-0.193499,0.914415,-0.115902,0.042893,-0.933599,0.262314,-9.508773,9.234032
0,55,1.100000,commanding,-0.001534,-0.204019,0.523087,-0.104311,0.030680,-0.546097,0.273049,-7.633088,7.613147,-0.001534,-0.193499,0.914415,-0.115902,0.042893,-0.933599,0.262314,-9.508773,9.218249
0,56,1.120000,commanding,-0.001534,-0.204019,0.552233,-0.104311,0.026078,-0.570641,0.273049,-7.657632,7.639224,-0.001534,-0.193499,0.914415,-0.115902,0.042893,-0.933599,0.262314,-9.508773,9.218169
0,57,1.140000,commanding,-0.001534,-0.204019,0.575243,-0.105845,0.026078,-0.593651,0.273049,-7.679108,7.662234,-0.000642,-0.194352,0.914575,-0.115562,0.042199,-0.933391,0.261585,-9.508773,9.230976
0,58,1.160000,commanding,-0.001534,-0.204019,0.602854,-0.105845,0.029146,-0.616660,0.273049,-7.706719,7.683710,0.001561,-0.195680,0.914805,-0.116886,0.041088,-0.933030,0.260440,-9.508773,9.250262
0,59,1.180000,commanding,-0.001534,-0.204019,0.625864,-0.105845,0.032214,-0.642738,0.271515,-7.729729,7.709787,0.003634,-0.196180,0.914885,-0.117944,0.040660,-0.932883,0.260010,-9.508773,9.276843
0,60,1.200000,commanding,-0.001534,-0.202485,0.650408,-0.108913,0.033748,-0.665748,0.269981,-7.754273,7.732797,0.005216,-0.196013,0.914855,-0.117906,0.040799,-0.932927,0.260156,-9.508773,9.308207
0,61,1.220000,commanding,-0.001534,-0.202485,0.673418,-0.115049,0.035282,-0.691825,0.269981,-7.781885,7.757341,0.006706,-0.195728,0.914806,-0.117658,0.041036,-0.933004,0.260399,-9.508773,9.340376
0,62,1.240000,commanding,0.000000,-0.202485,0.702563,-0.121184,0.036816,-0.716369,0.269981,-7.807962,7.784952,0.008195,-0.195441,0.914757,-0.117410,0.041273,-0.933080,0.260639,-9.508773,9.372545
0,63,1.260000,commanding,0.000000,-0.202485,0.725573,-0.122718,0.035282,-0.739379,0.269981,-7.830972,7.806428,0.009684,-0.195150,0.914708,-0.117161,0.041509,-0.933156,0.260876,-9.508773,9.404714
0,64,1.280000,commanding,0.000000,-0.200951,0.751651,-0.122718,0.030680,-0.762388,0.268447,-7.852448,7.829438,0.010552,-0.194034,0.914517,-0.116322,0.042428,-0.933452,0.261971,-9.508773,9.427071
0,65,1.300000,commanding,0.000000,-0.200951,0.777728,-0.121184,0.030680,-0.786932,0.263845,-7.878525,7.853982,0.010738,-0.193487,0.914433,-0.115921,0.042898,-0.933613,0.263193,-9.508773,9.447606
0,66,1.320000,commanding,0.000000,-0.200951,0.802272,-0.121184,0.035282,-0.811476,0.260777,-7.904603,7.880059,0.010738,-0.193480,0.914426,-0.115924,0.042891,-0.933603,0.262888,-9.508773,9.462193
0,67,1.340000,commanding,0.000000,-0.200951,0.825282,-0.122718,0.041417,-0.834486,0.263845,-7.927613,7.904603,0.010738,-0.193474,0.914412,-0.115916,0.042887,-0.933593,0.262325,-9.508773,9.466583
0,68,1.360000,commanding,0.000000,-0.199418,0.848291,-0.124252,0.047553,-0.860563,0.263845,-7.953690,7.929147,0.010738,-0.193492,0.914428,-0.115926,0.042897,-0.933609,0.263095,-9.508773,9.468709
0,69,1.380000,commanding,0.000000,-0.196350,0.868233,-0.118117,0.046019,-0.883573,0.265379,-7.978234,7.953690,0.010738,-0.193480,0.914424,-0.115925,0.042891,-0.933601,0.262837,-9.508773,9.470149
0,70,1.400000,commanding,0.003068,-0.197884,0.885107,-0.118117,0.041417,-0.903515,0.269981,-7.998176,7.979768,0.010738,-0.193474,0.914411,-0.115916,0.042887,-0.933592,0.262296,-9.508773,9.464838
0,71,1.420000,commanding,0.007670,-0.200951,0.898913,-0.122718,0.036816,-0.914253,0.268447,-8.025787,7.995108,0.010131,-0.192897,0.914306,-0.115482,0.043370,-0.933746,0.262735,-9.508773,9.445253
0,72,1.440000,commanding,0.006136,-0.200951,0.909651,-0.124252,0.041417,-0.923456,0.268447,-8.048797,8.019652,0.007701,-0.190988,0.913976,-0.114067,0.044957,-0.934259,0.264866,-9.508773,9.405610
0,73,1.460000,commanding,0.006136,-0.199418,0.917321,-0.122718,0.046019,-0.931126,0.268447,-8.076409,8.047263,0.003322,-0.189451,0.913706,-0.112921,0.046776,-0.934666,0.267022,-9.508773,9.339181
0,74,1.480000,commanding,0.007670,-0.199418,0.921922,-0.122718,0.046019,-0.935728,0.268447,-8.102487,8.077943,0.001061,-0.191503,0.914071,-0.114442,0.045877,-0.934135,0.264981,-9.508773,9.277691
0,75,1.500000,commanding,0.007670,-0.199418,0.924990,-0.122718,0.046019,-0.938796,0.268447,-8.123962,8.100953,0.001271,-0.193767,0.914472,-0.116119,0.044236,-0.934058,0.262773,-9.508773,9.246522
0,76,1.520000,commanding,0.006136,-0.199418,0.924990,-0.122718,0.046019,-0.943398,0.269981,-8.148506,8.120894,0.001534,-0.193770,0.914462,-0.116119,0.044614,-0.934909,0.263376,-9.508773,9.240372
0,77,1.540000,commanding,0.006136,-0.199418,0.923456,-0.124252,0.047553,-0.944932,0.269981,-8.176118,8.145438,0.001534,-0.193483,0.914405,-0.115908,0.045747,-0.935304,0.263864,-9.508773,9.244420
0,78,1.560000,commanding,0.006136,-0.199418,0.924990,-0.122718,0.047553,-0.944932,0.269981,-8.200661,8.168448,0.004454,-0.195589,0.914794,-0.117478,0.043499,-0.933868,0.262060,-9.508773,9.272746
0,79,1.580000,commanding,0.004602,-0.199418,0.923456,-0.124252,0.046019,-0.944932,0.269981,-8.222137,8.194525,0.007281,-0.194642,0.914625,-0.116786,0.044646,-0.934479,0.262833,-9.508773,9.299076
0,80,1.600000,commanding,0.004602,-0.200951,0.924990,-0.124252,0.047553,-0.944932,0.269981,-8.248215,8.217535,0.008834,-0.193470,0.914418,-0.115918,0.045998,-0.935172,0.263815,-9.508773,9.316644
0,81,1.620000,commanding,0.004602,-0.202485,0.923456,-0.124252,0.047553,-0.943398,0.269981,-8.274292,8.240545,0.010115,-0.193490,0.914423,-0.115922,0.045946,-0.935121,0.263836,-9.508773,9.320428
0,82,1.640000,commanding,0.006136,-0.205553,0.924990,-0.124252,0.047553,-0.941864,0.269981,-8.297302,8.269690,0.009332,-0.193600,0.914315,-0.115447,0.046494,-0.935311,0.264390,-9.508773,9.295299
0,83,1.660000,commanding,0.006136,-0.205553,0.923456,-0.124252,0.047553,-0.941864,0.269981,-8.320312,8.292700,0.006542,-0.192910,0.914069,-0.114429,0.047626,-0.934855,0.265556,-9.508773,9.254748
0,84,1.680000,commanding,0.006136,-0.205553,0.924990,-0.124252,0.047553,-0.941864,0.269981,-8.347923,8.314176,0.004876,-0.193428,0.914135,-0.114732,0.047279,-0.934059,0.265196,-9.508773,9.230353
0,85,1.700000,commanding,0.006136,-0.204019,0.924990,-0.124252,0.047553,-0.941864,0.269981,-8.372467,8.340254,0.005178,-0.194815,0.914367,-0.115708,0.046193,-0.933613,0.264072,-9.508773,9.229147
0,86,1.720000,commanding,0.006136,-0.204019,0.923456,-0.124252,0.047553,-0.941864,0.269981,-8.398545,8.363263,0.006545,-0.195648,0.914476,-0.116152,0.045705,-0.933461,0.263572,-9.508773,9.242316
0,87,1.740000,commanding,0.006136,-0.204019,0.924990,-0.124252,0.047553,-0.941864,0.269981,-8.418487,8.384739,0.008174,-0.196192,0.914526,-0.116347,0.045497,-0.933378,0.263362,-9.508773,9.259421
0,88,1.760000,commanding,0.006136,-0.204019,0.924990,-0.124252,0.047553,-0.941864,0.269981,-8.443030,8.410817,0.009803,-0.196734,0.914576,-0.116542,0.045288,-0.933295,0.263150,-9.508773,9.276525
0,89,1.780000,commanding,0.006136,-0.204019,0.924990,-0.124252,0.047553,-0.940330,0.271515,-8.467574,8.436894,0.011432,-0.197275,0.914625,-0.116736,0.045079,-0.933212,0.262936,-9.508773,9.293630
0,90,1.800000,commanding,0.006136,-0.204019,0.924990,-0.124252,0.047553,-0.940330,0.271515,-8.492118,8.458370,0.013061,-0.197813,0.914675,-0.116929,0.044869,-0.933129,0.262720,-9.508773,9.310735
0,91,1.820000,commanding,0.006136,-0.204019,0.924990,-0.124252,0.047553,-0.940330,0.269981,-8.515127,8.482914,0.012762,-0.196117,0.914345,-0.116687,0.046325,-0.934767,0.264194,-9.508773,9.307106
0,92,1.840000,commanding,0.006136,-0.204019,0.924990,-0.124252,0.047553,-0.941864,0.269981,-8.544273,8.512059,0.011656,-0.195667,0.914268,-0.116896,0.046697,-0.935555,0.265248,-9.508773,9.280124
0,93,1.860000,commanding,0.006136,-0.204019,0.923456,-0.124252,0.047553,-0.941864,0.269981,-8.567283,8.533535,0.010341,-0.196363,0.914388,-0.117328,0.046135,-0.934637,0.265398,-9.508773,9.247363
0,94,1.880000,commanding,0.007670,-0.204019,0.923456,-0.124252,0.047553,-0.940330,0.271515,-8.590292,8.558079,0.009417,-0.196564,0.914411,-0.117445,0.046055,-0.933796,0.265380,-9.508773,9.231261
0,95,1.900000,commanding,0.007670,-0.204019,0.923456,-0.124252,0.047553,-0.940330,0.271515,-8.613302,8.582623,0.009204,-0.196560,0.914420,-0.117451,0.046678,-0.934306,0.265361,-9.508773,9.231630
0,96,1.920000,commanding,0.006136,-0.204019,0.924990,-0.124252,0.047553,-0.940330,0.273049,-8.637846,8.605632,0.010049,-0.196546,0.914427,-0.117456,0.046848,-0.935040,0.265357,-9.508773,9.242441
0,97,1.940000,commanding,0.007670,-0.204019,0.923456,-0.124252,0.047553,-0.940330,0.273049,-8.662390,8.628642,0.013222,-0.198042,0.914678,-0.118570,0.044890,-0.934750,0.264062,-9.508773,9.272941
0,98,1.960000,commanding,0.007670,-0.204019,0.923456,-0.124252,0.047553,-0.941864,0.273049,-8.690001,8.654720,0.016689,-0.198550,0.914765,-0.118933,0.044787,-0.934668,0.263665,-9.508773,9.312632
0,99,1.980000,commanding,0.007670,-0.204019,0.923456,-0.124252,0.047553,-0.940330,0.273049,-8.711477,8.679263,0.018585,-0.197217,0.914541,-0.117935,0.046721,-0.934643,0.264835,-9.508773,9.338135
0,100,2.000000,commanding,0.007670,-0.204019,0.924990,-0.124252,0.047553,-0.941864,0.271515,-8.732953,8.703807,0.019289,-0.196575,0.914435,-0.117460,0.047510,-0.934255,0.265386,-9.508773,9.346199
0,101,2.020000,commanding,0.007670,-0.204019,0.924990,-0.124252,0.047553,-0.940330,0.271515,-8.755962,8.726817,0.018774,-0.196567,0.914429,-0.117458,0.047508,-0.934813,0.264785,-9.508773,9.332917
0,102,2.040000,commanding,0.007670,-0.204019,0.923456,-0.124252,0.047553,-0.940330,0.273049,-8.780506,8.749826,0.018309,-0.196557,0.914422,-0.117452,0.047506,-0.935164,0.264069,-9.508773,9.315037
0,103,2.060000,commanding,0.007670,-0.204019,0.924990,-0.124252,0.047553,-0.940330,0.273049,-8.806584,8.774370,0.017064,-0.196556,0.914412,-0.117445,0.047503,-0.935136,0.264923,-9.508773,9.289167
0,104,2.080000,commanding,0.007670,-0.204019,0.923456,-0.124252,0.047553,-0.940330,0.273049,-8.831127,8.800448,0.014734,-0.196543,0.914409,-0.117445,0.047495,-0.935131,0.265433,-9.508773,9.256387
0,105,2.100000,commanding,0.009204,-0.204019,0.923456,-0.124252,0.047553,-0.940330,0.271515,-8.855671,8.823457,0.013806,-0.196535,0.914409,-0.117447,0.047491,-0.935128,0.265387,-9.508773,9.239377
0,106,2.120000,commanding,0.007670,-0.204019,0.923456,-0.124252,0.047553,-0.940330,0.273049,-8.880215,8.846467,0.013806,-0.196535,0.914409,-0.117447,0.047491,-0.935128,0.265387,-9.508773,9.240211
0,107,2.140000,commanding,0.009204,-0.204019,0.923456,-0.124252,0.047553,-0.940330,0.273049,-8.904758,8.869477,0.014017,-0.196671,0.914433,-0.117547,0.047380,-0.935093,0.265273,-9.508773,9.248545
0,108,2.160000,commanding,0.009204,-0.204019,0.923456,-0.124252,0.047553,-0.940330,0.273049,-8.927768,8.895555,0.016247,-0.198107,0.914683,-0.118605,0.046204,-0.934721,0.264076,-9.508773,9.278099
0,109,2.180000,commanding,0.009204,-0.204019,0.923456,-0.124252,0.047553,-0.940330,0.273049,-8.950778,8.921632,0.018055,-0.197618,0.914595,-0.118236,0.046617,-0.934853,0.264507,-9.508773,9.300406
0,110,2.200000,commanding,0.009204,-0.204019,0.924990,-0.124252,0.047553,-0.940330,0.273049,-8.976856,8.947710,0.020098,-0.196685,0.914443,-0.117549,0.047396,-0.934180,0.265268,-9.508773,9.319961
0,111,2.220000,commanding,0.009204,-0.204019,0.923456,-0.124252,0.047553,-0.940330,0.273049,-9.002933,8.970720,0.020924,-0.196552,0.914430,-0.117456,0.047510,-0.933700,0.265359,-9.508773,9.324886
0,112,2.240000,commanding,0.007670,-0.204019,0.923456,-0.124252,0.047553,-0.940330,0.273049,-9.027477,8.992195,0.020394,-0.196552,0.914432,-0.117458,0.047510,-0.933873,0.265360,-9.508773,9.315780
0,113,2.260000,commanding,0.007670,-0.204019,0.923456,-0.124252,0.047553,-0.940330,0.273049,-9.053555,9.013671,0.019670,-0.196552,0.914434,-0.117460,0.047509,-0.934145,0.265363,-9.508773,9.304667
0,114,2.280000,commanding,0.009204,-0.204019,0.923456,-0.124252,0.047553,-0.940330,0.273049,-9.076564,9.038215,0.018945,-0.196552,0.914436,-0.117462,0.047507,-0.934417,0.265365,-9.508773,9.293555
0,115,2.300000,commanding,0.009204,-0.204019,0.923456,-0.124252,0.047553,-0.940330,0.273049,-9.101108,9.065826,0.018220,-0.196551,0.914438,-0.117464,0.047506,-0.934689,0.265367,-9.508773,9.282443
0,116,2.320000,commanding,0.009204,-0.204019,0.923456,-0.124252,0.047553,-0.940330,0.273049,-9.127186,9.096506,0.017495,-0.196550,0.914440,-0.117466,0.047504,-0.934961,0.265368,-9.508773,9.271331
0,117,2.340000,commanding,0.009204,-0.204019,0.923456,-0.124252,0.047553,-0.940330,0.273049,-9.148661,9.114914,0.016018,-0.195606,0.914274,-0.116764,0.048283,-0.935392,0.266170,-9.508773,9.257874
0,118,2.360000,commanding,0.009204,-0.204019,0.923456,-0.124252,0.047553,-0.940330,0.273049,-9.171671,9.127186,0.015378,-0.196073,0.914356,-0.117105,0.047908,-0.935323,0.265798,-9.508773,9.255896
0,119,2.380000,commanding,0.009204,-0.204019,0.923456,-0.124252,0.047553,-0.940330,0.273049,-9.196215,9.150195,0.016157,-0.197352,0.914580,-0.118051,0.046857,-0.934991,0.264726,-9.508773,9.264555
0,120,2.400000,commanding,0.009204,-0.204019,0.923456,-0.124252,0.047553,-0.940330,0.273049,-9.219225,9.183943,0.019378,-0.199596,0.914973,-0.119721,0.044993,-0.934399,0.262804,-9.508773,9.297017
0,121,2.420000,commanding,0.009204,-0.204019,0.923456,-0.124252,0.047553,-0.940330,0.273049,-9.243768,9.211555,0.021282,-0.198415,0.914767,-0.118846,0.045969,-0.934710,0.263799,-9.508773,9.316560
0,122,2.440000,commanding,0.009204,-0.204019,0.923456,-0.124252,0.047553,-0.940330,0.271515,-9.272914,9.225360,0.022462,-0.196792,0.914481,-0.117634,0.047321,-0.935138,0.265193,-9.508773,9.333344
0,123,2.460000,commanding,0.009204,-0.204019,0.923456,-0.124252,0.047553,-0.940330,0.269981,-9.297458,9.242234,0.023010,-0.196567,0.914437,-0.117462,0.047510,-0.934456,0.265381,-9.508773,9.340255
0,124,2.480000,commanding,0.009204,-0.204019,0.923456,-0.124252,0.047553,-0.940330,0.268447,-9.320467,9.266778,0.022541,-0.196564,0.914432,-0.117458,0.047511,-0.934242,0.265374,-9.508773,9.334643
0,125,2.500000,commanding,0.009204,-0.204019,0.923456,-0.124252,0.047553,-0.940330,0.266913,-9.340409,9.289788,0.020580,-0.196566,0.914435,-0.117462,0.047507,-0.934929,0.265380,-9.508773,9.314270
0,126,2.520000,commanding,0.009204,-0.204019,0.923456,-0.124252,0.047553,-0.940330,0.266913,-9.363419,9.305127,0.017743,-0.196569,0.914440,-0.117468,0.047505,-0.935215,0.265388,-9.508773,9.284734
0,127,2.540000,commanding,0.009204,-0.204019,0.923456,-0.124252,0.047553,-0.940330,0.268447,-9.387962,9.314331,0.015823,-0.196569,0.914442,-0.117469,0.047505,-0.935195,0.265390,-9.508773,9.263122
0,128,2.560000,commanding,0.009204,-0.204019,0.923456,-0.124252,0.047553,-0.940330,0.269981,-9.415574,9.322001,0.014965,-0.196563,0.914442,-0.117469,0.047504,-0.935195,0.265385,-9.508773,9.244246
0,129,2.580000,commanding,0.007670,-0.204019,0.923456,-0.124252,0.047553,-0.940330,0.271515,-9.440118,9.328137,0.014145,-0.196551,0.914442,-0.117469,0.047502,-0.935194,0.265372,-9.508773,9.236313
0,130,2.600000,commanding,0.009204,-0.204019,0.923456,-0.124252,0.047553,-0.940330,0.271515,-9.460060,9.334273,0.014014,-0.196546,0.914442,-0.117468,0.047501,-0.935193,0.265367,-9.508773,9.240096
0,131,2.620000,commanding,0.009204,-0.204019,0.923456,-0.124252,0.047553,-0.940330,0.273049,-9.475399,9.335807,0.016221,-0.196553,0.914442,-0.117468,0.047503,-0.935195,0.265372,-9.508773,9.257504
0,132,2.640000,commanding,0.009204,-0.204019,0.923456,-0.124252,0.047553,-0.940330,0.273049,-9.486137,9.334273,0.019357,-0.196729,0.914469,-0.117585,0.047376,-0.935156,0.265257,-9.508773,9.289548
0,133,2.660000,commanding,0.009204,-0.204019,0.923456,-0.124252,0.047553,-0.941864,0.273049,-9.495341,9.325069,0.021768,-0.197444,0.914595,-0.118117,0.046784,-0.934968,0.264646,-9.508773,9.325050
0,134,2.680000,commanding,0.009204,-0.204019,0.923456,-0.124252,0.047553,-0.940330,0.273049,-9.503011,9.315865,0.022827,-0.197236,0.914555,-0.117962,0.046953,-0.934187,0.264803,-9.508773,9.346021
0,135,2.700000,commanding,0.009204,-0.204019,0.923456,-0.124252,0.047553,-0.940330,0.273049,-9.507613,9.305127,0.023010,-0.196700,0.914455,-0.117556,0.047401,-0.934531,0.265269,-9.508773,9.346312
0,136,2.720000,commanding,0.009204,-0.204019,0.923456,-0.124252,0.047553,-0.940330,0.273049,-9.509147,9.302059,0.022426,-0.196010,0.914334,-0.117043,0.047973,-0.934622,0.265855,-9.508773,9.333616
0,137,2.740000,commanding,0.009204,-0.204019,0.923456,-0.124252,0.047553,-0.940330,0.273049,-9.507613,9.303593,0.021611,-0.195308,0.914213,-0.116524,0.048551,-0.934163,0.266438,-9.508773,9.320314
0,138,2.760000,commanding,0.009204,-0.204019,0.921922,-0.124252,0.047553,-0.940330,0.273049,-9.507613,9.297458,0.021141,-0.195093,0.914175,-0.116365,0.048727,-0.934247,0.266618,-9.508773,9.312526
0,139,2.780000,commanding,0.009204,-0.202485,0.923456,-0.124252,0.047553,-0.940330,0.273049,-9.507613,9.297458,0.020834,-0.195093,0.914174,-0.116365,0.048725,-0.934622,0.266620,-9.508773,9.307004
0,140,2.800000,commanding,0.009204,-0.204019,0.923456,-0.124252,0.047553,-0.940330,0.273049,-9.507613,9.306661,0.020527,-0.195094,0.914172,-0.116365,0.048723,-0.934997,0.266622,-9.508773,9.301482
0,141,2.820000,commanding,0.009204,-0.204019,0.921922,-0.124252,0.047553,-0.940330,0.273049,-9.507613,9.311263,0.020220,-0.195095,0.914171,-0.116365,0.048720,-0.935372,0.266624,-9.508773,9.295959
0,142,2.840000,commanding,0.009204,-0.204019,0.921922,-0.124252,0.047553,-0.940330,0.273049,-9.507613,9.309729,0.019115,-0.195947,0.914327,-0.117003,0.048018,-0.935340,0.265910,-9.508773,9.275179
0,143,2.860000,commanding,0.009204,-0.202485,0.923456,-0.124252,0.047553,-0.940330,0.273049,-9.507613,9.305127,0.019903,-0.197681,0.914636,-0.118293,0.046589,-0.934911,0.264448,-9.508773,9.280965
0,144,2.880000,commanding,0.009204,-0.204019,0.921922,-0.124252,0.047553,-0.940330,0.273049,-9.507613,9.300526,0.022166,-0.199117,0.914886,-0.119351,0.045410,-0.934533,0.263249,-9.508773,9.304409
0,145,2.900000,commanding,0.009204,-0.204019,0.923456,-0.124252,0.047553,-0.940330,0.271515,-9.507613,9.291322,0.023867,-0.197882,0.914669,-0.118432,0.046436,-0.934859,0.264303,-9.508773,9.331279
0,146,2.920000,commanding,0.009204,-0.204019,0.923456,-0.124252,0.047553,-0.940330,0.271515,-9.507613,9.277516,0.024472,-0.196720,0.914465,-0.117569,0.047395,-0.935163,0.265284,-9.508773,9.359251
0,147,2.940000,commanding,0.009204,-0.204019,0.923456,-0.124252,0.047553,-0.940330,0.271515,-9.507613,9.279050,0.024544,-0.196582,0.914441,-0.117467,0.047509,-0.935198,0.265400,-9.508773,9.366348
0,148,2.960000,commanding,0.009204,-0.204019,0.921922,-0.124252,0.047553,-0.940330,0.273049,-9.507613,9.285186,0.024512,-0.196552,0.914435,-0.117445,0.047534,-0.935206,0.265426,-9.508773,9.363322
0,149,2.980000,commanding,0.009204,-0.204019,0.923456,-0.124252,0.047553,-0.940330,0.273049,-9.507613,9.283652,0.023859,-0.195926,0.914325,-0.116979,0.048051,-0.935370,0.265958,-9.508773,9.354821
0,150,3.000000,commanding,0.009204,-0.204019,0.923456,-0.124252,0.047553,-0.940330,0.273049,-9.507613,9.282118,0.023187,-0.195673,0.914280,-0.116793,0.048257,-0.935435,0.266168,-9.508773,9.345939
0,151,3.020000,commanding,0.009204,-0.204019,0.923456,-0.124252,0.047553,-0.940330,0.273049,-9.507613,9.289788,0.023010,-0.196268,0.914387,-0.117239,0.047761,-0.935278,0.265652,-9.508773,9.342209
0,152,3.040000,commanding,0.009204,-0.204019,0.923456,-0.124252,0.047553,-0.941864,0.273049,-9.507613,9.302059,0.023010,-0.196572,0.914441,-0.117467,0.047507,-0.935197,0.265389,-9.508773,9.341569
0,153,3.060000,commanding,0.009204,-0.204019,0.921922,-0.124252,0.047553,-0.940330,0.273049,-9.507613,9.312797,0.023010,-0.196572,0.914441,-0.117467,0.047507,-0.935197,0.265389,-9.508773,9.342426
0,154,3.080000,commanding,0.009204,-0.204019,0.921922,-0.124252,0.047553,-0.940330,0.273049,-9.507613,9.326603,0.023010,-0.196572,0.914441,-0.117467,0.047507,-0.935197,0.265389,-9.508773,9.344017
0,155,3.100000,commanding,0.009204,-0.204019,0.921922,-0.124252,0.047553,-0.940330,0.273049,-9.507613,9.335807,0.023010,-0.196572,0.914441,-0.117467,0.047507,-0.935197,0.265389,-9.508773,9.344893
0,156,3.120000,commanding,0.009204,-0.204019,0.923456,-0.124252,0.047553,-0.940330,0.273049,-9.507613,9.338875,0.023010,-0.196572,0.914441,-0.117467,0.047507,-0.935197,0.265389,-9.508773,9.345765
0,157,3.140000,commanding,0.009204,-0.204019,0.923456,-0.124252,0.047553,-0.940330,0.273049,-9.507613,9.341943,0.023010,-0.196572,0.914441,-0.117467,0.047507,-0.935197,0.265389,-9.508773,9.347157
0,158,3.160000,commanding,0.009204,-0.204019,0.921922,-0.124252,0.047553,-0.940330,0.273049,-9.507613,9.343477,0.023010,-0.196572,0.914441,-0.117467,0.047507,-0.935197,0.265389,-9.508773,9.347705
0,159,3.180000,commanding,0.009204,-0.204019,0.923456,-0.124252,0.047553,-0.940330,0.273049,-9.507613,9.346545,0.023010,-0.196572,0.914441,-0.117467,0.047507,-0.935197,0.265389,-9.508773,9.347705
0,160,3.200000,commanding,0.009204,-0.204019,0.921922,-0.124252,0.047553,-0.940330,0.273049,-9.507613,9.346545,0.023010,-0.196572,0.914441,-0.117467,0.047507,-0.935197,0.265389,-9.508773,9.347705
0,161,3.220000,commanding,0.009204,-0.204019,0.923456,-0.124252,0.047553,-0.940330,0.273049,-9.507613,9.348079,0.023010,-0.196572,0.914441,-0.117467,0.047507,-0.935197,0.265389,-9.508773,9.347705
0,162,3.240000,commanding,0.009204,-0.204019,0.923456,-0.124252,0.047553,-0.940330,0.273049,-9.507613,9.348079,0.023010,-0.196571,0.914441,-0.117467,0.047508,-0.935169,0.265389,-9.508773,9.347705
0,163,3.260000,commanding,0.009204,-0.204019,0.921922,-0.124252,0.047553,-0.940330,0.273049,-9.507613,9.348079,0.023010,-0.196570,0.914439,-0.117465,0.047508,-0.934963,0.265387,-9.508773,9.347705
0,164,3.280000,commanding,0.009204,-0.204019,0.923456,-0.124252,0.047553,-0.940330,0.273049,-9.507613,9.348079,0.023010,-0.196568,0.914438,-0.117463,0.047510,-0.934667,0.265383,-9.508773,9.347705
0,165,3.300000,commanding,0.009204,-0.204019,0.923456,-0.124252,0.047553,-0.940330,0.273049,-9.507613,9.348079,0.023010,-0.196567,0.914436,-0.117461,0.047511,-0.934371,0.265379,-9.508773,9.347705
0,166,3.320000,commanding,0.009204,-0.204019,0.921922,-0.124252,0.047553,-0.940330,0.273049,-9.507613,9.348079,0.023010,-0.196565,0.914434,-0.117459,0.047512,-0.934075,0.265376,-9.508773,9.347705
0,167,3.340000,commanding,0.009204,-0.204019,0.923456,-0.124252,0.047553,-0.940330,0.273049,-9.507613,9.348079,0.023010,-0.196563,0.914433,-0.117457,0.047513,-0.933779,0.265372,-9.508773,9.347705
0,168,3.360000,commanding,0.009204,-0.204019,0.923456,-0.124252,0.047553,-0.940330,0.273049,-9.507613,9.348079,0.023010,-0.196565,0.914434,-0.117460,0.047512,-0.934096,0.265376,-9.508773,9.347212
0,169,3.380000,commanding,0.009204,-0.204019,0.921922,-0.124252,0.047553,-0.940330,0.273049,-9.507613,9.348079,0.023010,-0.196570,0.914439,-0.117465,0.047509,-0.934888,0.265386,-9.508773,9.346445
0,170,3.400000,commanding,0.009204,-0.204019,0.923456,-0.124252,0.047553,-0.940330,0.273049,-9.507613,9.348079,0.022920,-0.196485,0.914423,-0.117402,0.047478,-0.935215,0.265461,-9.508773,9.346171
0,171,3.420000,commanding,0.009204,-0.204019,0.923456,-0.124252,0.047553,-0.940330,0.273049,-9.507613,9.348079,0.021974,-0.195567,0.914239,-0.116713,0.047172,-0.935402,0.266214,-9.508773,9.346171
0,172,3.440000,commanding,0.009204,-0.204019,0.923456,-0.124252,0.047553,-0.940330,0.273049,-9.507613,9.348079,0.022372,-0.195954,0.914315,-0.117004,0.047286,-0.935398,0.265901,-9.508773,9.346171
0,173,3.460000,commanding,0.009204,-0.204019,0.921922,-0.124252,0.047553,-0.941864,0.273049,-9.507613,9.348079,0.022960,-0.196525,0.914430,-0.117431,0.047478,-0.935270,0.265432,-9.508773,9.346171
0,174,3.480000,commanding,0.009204,-0.204019,0.921922,-0.124252,0.047553,-0.940330,0.273049,-9.507613,9.348079,0.023010,-0.196573,0.914440,-0.117466,0.047503,-0.935211,0.265389,-9.508773,9.346171
0,175,3.500000,commanding,0.009204,-0.204019,0.923456,-0.124252,0.047553,-0.940330,0.273049,-9.507613,9.348079,0.023010,-0.196573,0.914440,-0.117466,0.047506,-0.935200,0.265389,-9.508773,9.346171
0,176,3.520000,commanding,0.009204,-0.204019,0.923456,-0.124252,0.047553,-0.940330,0.273049,-9.507613,9.348079,0.023010,-0.196573,0.914440,-0.117466,0.047506,-0.935200,0.265389,-9.508773,9.346171
0,177,3.540000,commanding,0.009204,-0.204019,0.921922,-0.124252,0.047553,-0.940330,0.271515,-9.507613,9.348079,0.023010,-0.196573,0.914440,-0.117466,0.047506,-0.935200,0.265389,-9.508773,9.346171
0,178,3.560000,commanding,0.009204,-0.204019,0.923456,-0.124252,0.047553,-0.940330,0.273049,-9.507613,9.348079,0.023010,-0.196573,0.914440,-0.117466,0.047506,-0.935200,0.265389,-9.508773,9.346171
0,179,3.580000,commanding,0.009204,-0.204019,0.921922,-0.124252,0.047553,-0.940330,0.271515,-9.507613,9.348079,0.023010,-0.196570,0.914438,-0.117463,0.047508,-0.934791,0.265384,-9.508773,9.346171
0,180,3.600000,commanding,0.009204,-0.204019,0.923456,-0.124252,0.047553,-0.940330,0.273049,-9.507613,9.348079,0.023010,-0.196565,0.914433,-0.117458,0.047512,-0.934008,0.265375,-9.508773,9.346171
0,181,3.620000,commanding,0.009204,-0.204019,0.923456,-0.124252,0.047553,-0.940330,0.271515,-9.507613,9.348079,0.023010,-0.196570,0.914434,-0.117461,0.047509,-0.934702,0.265383,-9.508773,9.346171
0,182,3.640000,commanding,0.009204,-0.204019,0.921922,-0.124252,0.047553,-0.940330,0.273049,-9.507613,9.348079,0.023010,-0.196964,0.914439,-0.117465,0.047508,-0.935211,0.265384,-9.508773,9.346171
0,183,3.660000,commanding,0.009204,-0.204019,0.921922,-0.124252,0.047553,-0.940330,0.271515,-9.507613,9.348079,0.023010,-0.197484,0.914433,-0.117461,0.047505,-0.935159,0.265370,-9.508773,9.345860
0,184,3.680000,commanding,0.009204,-0.204019,0.921922,-0.124252,0.047553,-0.940330,0.273049,-9.507613,9.348079,0.023010,-0.196852,0.914413,-0.117450,0.047492,-0.935129,0.265359,-9.508773,9.345012
0,185,3.700000,commanding,0.009204,-0.204019,0.921922,-0.124252,0.047553,-0.940330,0.271515,-9.507613,9.348079,0.023010,-0.196486,0.914409,-0.117446,0.047495,-0.934859,0.265363,-9.508773,9.344637
0,186,3.720000,commanding,0.009204,-0.204019,0.921922,-0.124252,0.047553,-0.940330,0.271515,-9.507613,9.346545,0.023010,-0.196555,0.914424,-0.117453,0.047507,-0.934392,0.265373,-9.508773,9.344637
0,187,3.740000,commanding,0.009204,-0.204019,0.921922,-0.124252,0.047553,-0.940330,0.273049,-9.507613,9.346545,0.023010,-0.196572,0.914433,-0.117460,0.047508,-0.934906,0.265385,-9.508773,9.344637
0,188,3.760000,commanding,0.009204,-0.204019,0.921922,-0.124252,0.047553,-0.940330,0.271515,-9.507613,9.346545,0.023010,-0.196573,0.914438,-0.117465,0.047507,-0.935234,0.265390,-9.508773,9.344637
0,189,3.780000,commanding,0.009204,-0.204019,0.923456,-0.124252,0.047553,-0.940330,0.273049,-9.507613,9.346545,0.023010,-0.196572,0.914441,-0.117467,0.047507,-0.935199,0.265389,-9.508773,9.344637
0,190,3.800000,commanding,0.009204,-0.204019,0.923456,-0.124252,0.047553,-0.940330,0.271515,-9.507613,9.346545,0.023010,-0.196572,0.914441,-0.117467,0.047507,-0.935197,0.265389,-9.508773,9.344769
0,191,3.820000,commanding,0.009204,-0.204019,0.923456,-0.124252,0.047553,-0.940330,0.273049,-9.507613,9.346545,0.023010,-0.196572,0.914441,-0.117467,0.047507,-0.935197,0.265389,-9.508773,9.345019
0,192,3.840000,commanding,0.009204,-0.204019,0.921922,-0.124252,0.047553,-0.940330,0.273049,-9.507613,9.346545,0.023010,-0.196572,0.914441,-0.117467,0.047507,-0.935197,0.265389,-9.508773,9.345293
0,193,3.860000,commanding,0.009204,-0.204019,0.923456,-0.124252,0.047553,-0.940330,0.271515,-9.507613,9.346545,0.023010,-0.196572,0.914441,-0.117467,0.047507,-0.935197,0.265389,-9.508773,9.345567
0,194,3.880000,commanding,0.009204,-0.204019,0.921922,-0.124252,0.047553,-0.940330,0.273049,-9.507613,9.346545,0.023010,-0.196572,0.914441,-0.117467,0.047507,-0.935197,0.265389,-9.508773,9.345841
0,195,3.900000,commanding,0.009204,-0.204019,0.923456,-0.124252,0.047553,-0.940330,0.273049,-9.507613,9.346545,0.023010,-0.196572,0.914441,-0.117467,0.047507,-0.935197,0.265389,-9.508773,9.346088
0,196,3.920000,commanding,0.009204,-0.202485,0.921922,-0.124252,0.047553,-0.940330,0.271515,-9.507613,9.346545,0.023010,-0.196572,0.914441,-0.117467,0.047507,-0.935197,0.265389,-9.508773,9.347157
0,197,3.940000,commanding,0.009204,-0.204019,0.923456,-0.124252,0.047553,-0.940330,0.271515,-9.507613,9.346545,0.023010,-0.196572,0.914441,-0.117467,0.047507,-0.935197,0.265389,-9.508773,9.346860
0,198,3.960000,commanding,0.009204,-0.204019,0.921922,-0.124252,0.047553,-0.940330,0.273049,-9.507613,9.348079,0.023010,-0.196572,0.914441,-0.117467,0.047507,-0.935197,0.265389,-9.508773,9.343574
0,199,3.980000,commanding,0.009204,-0.204019,0.921922,-0.124252,0.047553,-0.940330,0.271515,-9.507613,9.348079,0.021788,-0.196567,0.914441,-0.117467,0.047507,-0.935197,0.265386,-9.508773,9.323945
0,200,4.000000,commanding,0.009204,-0.204019,0.921922,-0.124252,0.047553,-0.940330,0.271515,-9.507613,9.346545,0.020319,-0.196577,0.914441,-0.117468,0.047507,-0.935197,0.265397,-9.508773,9.297180
0,201,4.020000,commanding,0.009204,-0.204019,0.921922,-0.124252,0.047553,-0.940330,0.271515,-9.507613,9.341943,0.019092,-0.196576,0.914441,-0.117469,0.047507,-0.935197,0.265396,-9.508773,9.268167
0,202,4.040000,commanding,0.009204,-0.204019,0.923456,-0.124252,0.047553,-0.940330,0.273049,-9.507613,9.331205,0.018496,-0.196569,0.914441,-0.117468,0.047506,-0.935196,0.265389,-9.508773,9.245057
0,203,4.060000,commanding,0.009204,-0.204019,0.921922,-0.124252,0.047553,-0.940330,0.271515,-9.507613,9.318933,0.018408,-0.196568,0.914441,-0.117468,0.047506,-0.935196,0.265387,-9.508773,9.231224
0,204,4.080000,commanding,0.009204,-0.204019,0.921922,-0.124252,0.047553,-0.940330,0.273049,-9.507613,9.306661,0.018408,-0.196568,0.914441,-0.117468,0.047506,-0.935196,0.265387,-9.508773,9.227780
0,205,4.100000,commanding,0.009204,-0.204019,0.923456,-0.124252,0.047553,-0.940330,0.273049,-9.507613,9.285186,0.019394,-0.196579,0.914441,-0.117469,0.047507,-0.935197,0.265399,-9.508773,9.231997
0,206,4.120000,commanding,0.009204,-0.204019,0.921922,-0.124252,0.047553,-0.940330,0.271515,-9.507613,9.257574,0.021174,-0.197165,0.914545,-0.117907,0.047019,-0.935043,0.264893,-9.508773,9.244047
0,207,4.140000,commanding,0.009204,-0.204019,0.921922,-0.124252,0.047553,-0.940330,0.271515,-9.507613,9.249904,0.023256,-0.197841,0.914665,-0.118413,0.046455,-0.934864,0.264306,-9.508773,9.259387
0,208,4.160000,commanding,0.009204,-0.204019,0.921922,-0.124252,0.047553,-0.940330,0.271515,-9.507613,9.249904,0.024361,-0.197440,0.914593,-0.118110,0.046793,-0.934972,0.264658,-9.508773,9.269365
0,209,4.180000,commanding,0.009204,-0.204019,0.923456,-0.124252,0.047553,-0.940330,0.271515,-9.507613,9.237632,0.024544,-0.196770,0.914474,-0.117608,0.047352,-0.935149,0.265238,-9.508773,9.274979
0,210,4.200000,commanding,0.009204,-0.204019,0.923456,-0.124252,0.047553,-0.940330,0.269981,-9.507613,9.217691,0.024544,-0.196582,0.914441,-0.117467,0.047509,-0.935198,0.265400,-9.508773,9.279791
0,211,4.220000,commanding,0.009204,-0.204019,0.923456,-0.124252,0.047553,-0.940330,0.271515,-9.507613,9.219225,0.024544,-0.196582,0.914441,-0.117467,0.047509,-0.935198,0.265400,-9.508773,9.297384
0,212,4.240000,commanding,0.009204,-0.204019,0.921922,-0.124252,0.047553,-0.940330,0.271515,-9.507613,9.228428,0.024544,-0.196582,0.914441,-0.117467,0.047509,-0.935198,0.265400,-9.508773,9.320164
0,213,4.260000,commanding,0.009204,-0.204019,0.923456,-0.124252,0.047553,-0.940330,0.271515,-9.507613,9.225360,0.024544,-0.196582,0.914441,-0.117467,0.047509,-0.935198,0.265400,-9.508773,9.339478
0,214,4.280000,commanding,0.009204,-0.204019,0.923456,-0.124252,0.047553,-0.940330,0.271515,-9.507613,9.226894,0.024544,-0.196582,0.914441,-0.117467,0.047509,-0.935198,0.265400,-9.508773,9.347062
0,215,4.300000,commanding,0.009204,-0.204019,0.923456,-0.124252,0.047553,-0.940330,0.271515,-9.507613,9.243768,0.023738,-0.195810,0.914304,-0.116893,0.048147,-0.935400,0.266057,-9.508773,9.321093
0,216,4.320000,commanding,0.009204,-0.202485,0.923456,-0.124252,0.047553,-0.940330,0.271515,-9.507613,9.257574,0.023251,-0.195344,0.914222,-0.116545,0.048532,-0.935521,0.266453,-9.508773,9.298965
0,217,4.340000,commanding,0.009204,-0.204019,0.923456,-0.124252,0.047553,-0.940330,0.273049,-9.507613,9.265244,0.023405,-0.195492,0.914248,-0.116656,0.048410,-0.935483,0.266327,-9.508773,9.293132
0,218,4.360000,commanding,0.009204,-0.204019,0.923456,-0.124252,0.047553,-0.940330,0.273049,-9.507613,9.279050,0.023679,-0.195754,0.914294,-0.116851,0.048193,-0.935415,0.266104,-9.508773,9.290393
0,219,4.380000,commanding,0.009204,-0.202485,0.923456,-0.124252,0.047553,-0.940330,0.273049,-9.507613,9.294390,0.023953,-0.196016,0.914341,-0.117046,0.047976,-0.935346,0.265881,-9.508773,9.287654
0,220,4.400000,commanding,0.009204,-0.204019,0.923456,-0.124252,0.047553,-0.940330,0.273049,-9.507613,9.300526,0.024227,-0.196278,0.914387,-0.117242,0.047760,-0.935278,0.265658,-9.508773,9.284915
0,221,4.420000,commanding,0.009204,-0.204019,0.923456,-0.124252,0.047553,-0.940330,0.271515,-9.507613,9.302059,0.024466,-0.196507,0.914427,-0.117412,0.047571,-0.935218,0.265464,-9.508773,9.282528
0,222,4.440000,commanding,0.009204,-0.204019,0.921922,-0.124252,0.047553,-0.940330,0.273049,-9.507613,9.302059,0.025530,-0.196561,0.914440,-0.117466,0.047507,-0.935197,0.265377,-9.508773,9.301785
0,223,4.460000,commanding,0.009204,-0.202485,0.923456,-0.124252,0.049087,-0.940330,0.271515,-9.507613,9.300526,0.026078,-0.196549,0.914439,-0.117465,0.047506,-0.935197,0.265365,-9.508773,9.323448
0,224,4.480000,commanding,0.009204,-0.204019,0.921922,-0.124252,0.049087,-0.938796,0.273049,-9.507613,9.292856,0.026078,-0.196549,0.914439,-0.117465,0.047506,-0.935197,0.265365,-9.508773,9.326932
0,225,4.500000,commanding,0.009204,-0.204019,0.923456,-0.124252,0.049087,-0.938796,0.273049,-9.507613,9.292856,0.025984,-0.196550,0.914440,-0.117465,0.047506,-0.935197,0.265366,-9.508773,9.317186
0,226,4.520000,commanding,0.009204,-0.204019,0.921922,-0.124252,0.049087,-0.938796,0.271515,-9.507613,9.298992,0.024054,-0.196564,0.914440,-0.117466,0.047507,-0.935197,0.265381,-9.508773,9.293723
0,227,4.540000,commanding,0.009204,-0.204019,0.921922,-0.124252,0.049087,-0.938796,0.271515,-9.507613,9.302059,0.022024,-0.196563,0.914441,-0.117467,0.047506,-0.935197,0.265381,-9.508773,9.266522
0,228,4.560000,commanding,0.009204,-0.204019,0.923456,-0.124252,0.049087,-0.938796,0.271515,-9.507613,9.308195,0.021476,-0.196559,0.914441,-0.117467,0.047506,-0.935196,0.265376,-9.508773,9.249723
0,229,4.580000,commanding,0.009204,-0.204019,0.923456,-0.124252,0.049087,-0.938796,0.271515,-9.507613,9.314331,0.021476,-0.196559,0.914441,-0.117467,0.047506,-0.935196,0.265376,-9.508773,9.243184
0,230,4.600000,commanding,0.009204,-0.204019,0.923456,-0.124252,0.049087,-0.938796,0.273049,-9.507613,9.309729,0.023655,-0.197266,0.914563,-0.117984,0.046932,-0.935015,0.264797,-9.508773,9.259291
0,231,4.620000,commanding,0.009204,-0.202485,0.921922,-0.124252,0.049087,-0.938796,0.273049,-9.507613,9.300526,0.026236,-0.197899,0.914674,-0.118455,0.046407,-0.934849,0.264254,-9.508773,9.287041
0,232,4.640000,commanding,0.009204,-0.204019,0.923456,-0.124252,0.049087,-0.938796,0.271515,-9.507613,9.292856,0.027393,-0.197241,0.914560,-0.117973,0.046942,-0.935019,0.264794,-9.508773,9.315647
0,233,4.660000,commanding,0.009204,-0.202485,0.921922,-0.124252,0.049087,-0.938796,0.271515,-9.507613,9.286720,0.027612,-0.196643,0.914456,-0.117530,0.047434,-0.935174,0.265297,-9.508773,9.329474
0,234,4.680000,commanding,0.009204,-0.204019,0.923456,-0.124252,0.049087,-0.938796,0.271515,-9.507613,9.277516,0.027612,-0.196556,0.914440,-0.117465,0.047506,-0.935197,0.265371,-9.508773,9.327934
0,235,4.700000,commanding,0.009204,-0.202485,0.923456,-0.124252,0.049087,-0.938796,0.271515,-9.507613,9.279050,0.026537,-0.195527,0.914258,-0.116699,0.048357,-0.935465,0.266247,-9.508773,9.313152
0,236,4.720000,commanding,0.009204,-0.202485,0.923456,-0.124252,0.049087,-0.938796,0.271515,-9.507613,9.283652,0.024566,-0.195016,0.914166,-0.116314,0.048785,-0.935600,0.266694,-9.508773,9.287365
0,237,4.740000,commanding,0.009204,-0.204019,0.923456,-0.124252,0.049087,-0.938796,0.273049,-9.507613,9.280584,0.023047,-0.195792,0.914303,-0.116888,0.048150,-0.935400,0.266048,-9.508773,9.260826
0,238,4.760000,commanding,0.009204,-0.202485,0.923456,-0.124252,0.049087,-0.938796,0.273049,-9.507613,9.283652,0.021887,-0.195871,0.914318,-0.116948,0.048084,-0.935379,0.265979,-9.508773,9.237539
0,239,4.780000,commanding,0.009204,-0.202485,0.923456,-0.124252,0.049087,-0.938796,0.271515,-9.507613,9.289788,0.021476,-0.196247,0.914385,-0.117232,0.047767,-0.935279,0.265647,-9.508773,9.223371
0,240,4.800000,commanding,0.009204,-0.202485,0.923456,-0.124252,0.049087,-0.938796,0.271515,-9.507613,9.283652,0.021562,-0.196560,0.914441,-0.117467,0.047506,-0.935196,0.265377,-9.508773,9.219658
0,241,4.820000,commanding,0.009204,-0.202485,0.923456,-0.124252,0.049087,-0.938796,0.271515,-9.507613,9.272914,0.022466,-0.196567,0.914441,-0.117467,0.047507,-0.935197,0.265385,-9.508773,9.223803
0,242,4.840000,commanding,0.009204,-0.202485,0.923456,-0.124252,0.049087,-0.938796,0.273049,-9.507613,9.262176,0.023506,-0.196903,0.914499,-0.117714,0.047232,-0.934914,0.265107,-9.508773,9.230736
0,243,4.860000,commanding,0.009204,-0.202485,0.921922,-0.124252,0.049087,-0.938796,0.273049,-9.507613,9.254506,0.024367,-0.197436,0.914593,-0.118112,0.046789,-0.934457,0.264654,-9.508773,9.237830
0,244,4.880000,commanding,0.009204,-0.202485,0.923456,-0.124252,0.049087,-0.938796,0.273049,-9.507613,9.242234,0.025219,-0.197978,0.914688,-0.118517,0.046337,-0.933993,0.264192,-9.508773,9.244932
0,245,4.900000,commanding,0.009204,-0.202485,0.923456,-0.124252,0.049087,-0.938796,0.273049,-9.507613,9.225360,0.026072,-0.198521,0.914784,-0.118921,0.045886,-0.933528,0.263731,-9.508773,9.252034
0,246,4.920000,commanding,0.009204,-0.202485,0.921922,-0.124252,0.049087,-0.938796,0.271515,-9.507613,9.223826,0.026924,-0.199064,0.914879,-0.119325,0.045434,-0.933064,0.263270,-9.508773,9.259136
0,247,4.940000,commanding,0.009204,-0.202485,0.923456,-0.124252,0.049087,-0.938796,0.269981,-9.507613,9.229962,0.028198,-0.198030,0.914698,-0.118557,0.046291,-0.933945,0.264140,-9.508773,9.292640
0,248,4.960000,commanding,0.009204,-0.202485,0.921922,-0.124252,0.049087,-0.938796,0.269981,-9.507613,9.222292,0.029000,-0.196841,0.914490,-0.117674,0.047275,-0.934958,0.265140,-9.508773,9.310524
0,249,4.980000,commanding,0.009204,-0.202485,0.923456,-0.124252,0.049087,-0.938796,0.269981,-9.507613,9.214623,0.027544,-0.196563,0.914440,-0.117466,0.047507,-0.935198,0.265379,-9.508773,9.287973
0,250,5.000000,commanding,0.009204,-0.202485,0.923456,-0.124252,0.049087,-0.938796,0.271515,-9.507613,9.222292,0.025298,-0.196576,0.914441,-0.117467,0.047508,-0.935198,0.265393,-9.508773,9.258001
0,251,5.020000,commanding,0.009204,-0.202485,0.923456,-0.124252,0.049087,-0.938796,0.271515,-9.507613,9.236098,0.024544,-0.196582,0.914441,-0.117467,0.047509,-0.935198,0.265400,-9.508773,9.240262
0,252,5.040000,commanding,0.009204,-0.202485,0.921922,-0.124252,0.049087,-0.938796,0.271515,-9.507613,9.240700,0.024544,-0.196582,0.914441,-0.117467,0.047509,-0.935198,0.265400,-9.508773,9.228182
0,253,5.060000,commanding,0.009204,-0.202485,0.923456,-0.124252,0.049087,-0.938796,0.271515,-9.507613,9.249904,0.024544,-0.196582,0.914441,-0.117467,0.047509,-0.935198,0.265400,-9.508773,9.225614
0,254,5.080000,commanding,0.009204,-0.202485,0.923456,-0.124252,0.049087,-0.938796,0.271515,-9.507613,9.260642,0.025574,-0.196574,0.914440,-0.117469,0.047504,-0.934133,0.265397,-9.508773,9.233151
0,255,5.100000,commanding,0.009204,-0.202485,0.921922,-0.124252,0.049087,-0.938796,0.271515,-9.507613,9.259108,0.027044,-0.196564,0.914433,-0.117463,0.047504,-0.934635,0.265381,-9.508773,9.251177
0,256,5.120000,commanding,0.009204,-0.202485,0.923456,-0.124252,0.049087,-0.938796,0.271515,-9.507613,9.246836,0.029216,-0.196562,0.914435,-0.117462,0.047507,-0.935229,0.265376,-9.508773,9.292439
0,257,5.140000,commanding,0.009204,-0.202485,0.923456,-0.124252,0.049087,-0.938796,0.271515,-9.507613,9.242234,0.030489,-0.196562,0.914439,-0.117465,0.047507,-0.935206,0.265378,-9.508773,9.318877
0,258,5.160000,commanding,0.009204,-0.202485,0.921922,-0.124252,0.049087,-0.938796,0.273049,-9.507613,9.240700,0.030680,-0.196562,0.914440,-0.117465,0.047507,-0.935197,0.265378,-9.508773,9.330381
0,259,5.180000,commanding,0.009204,-0.202485,0.923456,-0.124252,0.049087,-0.938796,0.271515,-9.507613,9.231496,0.029835,-0.195753,0.914297,-0.116863,0.048176,-0.935408,0.266066,-9.508773,9.325745
0,260,5.200000,commanding,0.009204,-0.202485,0.921922,-0.124252,0.049087,-0.938796,0.271515,-9.507613,9.229962,0.029224,-0.196058,0.914351,-0.117091,0.047922,-0.935329,0.265804,-9.508773,9.319421
0,261,5.220000,commanding,0.009204,-0.202485,0.921922,-0.124252,0.049087,-0.937262,0.271515,-9.507613,9.239166,0.027648,-0.195812,0.914308,-0.116910,0.048124,-0.935392,0.266008,-9.508773,9.289345
0,262,5.240000,commanding,0.009204,-0.202485,0.923456,-0.124252,0.049087,-0.938796,0.271515,-9.507613,9.243768,0.025479,-0.195210,0.914202,-0.116465,0.048616,-0.935547,0.266510,-9.508773,9.249205
0,263,5.260000,commanding,0.009204,-0.202485,0.921922,-0.124252,0.049087,-0.938796,0.273049,-9.507613,9.252972,0.025419,-0.196643,0.914453,-0.117522,0.047445,-0.935178,0.265320,-9.508773,9.227370
0,264,5.280000,commanding,0.009204,-0.202485,0.921922,-0.124252,0.049087,-0.938796,0.273049,-9.507613,9.265244,0.025978,-0.197166,0.914544,-0.117908,0.047016,-0.934230,0.264894,-9.508773,9.222616
0,265,5.300000,commanding,0.009204,-0.202485,0.923456,-0.124252,0.049087,-0.937262,0.273049,-9.507613,9.269846,0.026078,-0.196710,0.914462,-0.117573,0.047385,-0.934169,0.265266,-9.508773,9.226008
0,266,5.320000,commanding,0.009204,-0.202485,0.923456,-0.124252,0.049087,-0.937262,0.273049,-9.507613,9.265244,0.026386,-0.196851,0.914486,-0.117681,0.047261,-0.934878,0.265121,-9.508773,9.234651
0,267,5.340000,commanding,0.009204,-0.202485,0.921922,-0.124252,0.049087,-0.937262,0.271515,-9.507613,9.266778,0.027869,-0.197964,0.914685,-0.118512,0.046338,-0.934860,0.264168,-9.508773,9.253194
0,268,5.360000,commanding,0.009204,-0.202485,0.923456,-0.124252,0.049087,-0.938796,0.273049,-9.507613,9.265244,0.029899,-0.199112,0.914888,-0.119363,0.045392,-0.934528,0.263200,-9.508773,9.275099
0,269,5.380000,commanding,0.009204,-0.202485,0.921922,-0.124252,0.049087,-0.938796,0.273049,-9.507613,9.252972,0.029893,-0.198931,0.914855,-0.119227,0.045543,-0.934592,0.263356,-9.508773,9.275409
0,270,5.400000,commanding,0.009204,-0.202485,0.921922,-0.124252,0.049087,-0.937262,0.271515,-9.507613,9.251438,0.028757,-0.198113,0.914711,-0.118620,0.046218,-0.934830,0.264048,-9.508773,9.264046
0,271,5.420000,commanding,0.009204,-0.202485,0.923456,-0.124252,0.049087,-0.937262,0.269981,-9.507613,9.259108,0.027620,-0.197296,0.914565,-0.118012,0.046893,-0.935069,0.264739,-9.508773,9.252683
0,272,5.440000,commanding,0.009204,-0.200951,0.923456,-0.124252,0.049087,-0.937262,0.269981,-9.507613,9.257574,0.026484,-0.196479,0.914420,-0.117404,0.047568,-0.935306,0.265432,-9.508773,9.241320
0,273,5.460000,commanding,0.009204,-0.202485,0.923456,-0.124252,0.049087,-0.937262,0.269981,-9.507613,9.252972,0.025348,-0.195663,0.914274,-0.116795,0.048242,-0.935543,0.266124,-9.508773,9.229957
0,274,5.480000,commanding,0.009204,-0.200951,0.923456,-0.124252,0.049087,-0.937262,0.271515,-9.507613,9.256040,0.024317,-0.195195,0.914191,-0.116443,0.048635,-0.935650,0.266536,-9.508773,9.218905
0,275,5.500000,commanding,0.009204,-0.200951,0.923456,-0.124252,0.049087,-0.937262,0.271515,-9.507613,9.256040,0.023353,-0.195732,0.914290,-0.116840,0.048201,-0.935446,0.266102,-9.508773,9.204995
0,276,5.520000,commanding,0.009204,-0.200951,0.921922,-0.124252,0.049087,-0.937262,0.271515,-9.507613,9.239166,0.023010,-0.196398,0.914410,-0.117337,0.047652,-0.935243,0.265539,-9.508773,9.198616
0,277,5.540000,commanding,0.009204,-0.200951,0.923456,-0.124252,0.049087,-0.937262,0.273049,-9.507613,9.220759,0.023306,-0.196855,0.914491,-0.117678,0.047273,-0.935123,0.265149,-9.508773,9.199827
0,278,5.560000,commanding,0.009204,-0.200951,0.921922,-0.124252,0.049087,-0.937262,0.271515,-9.507613,9.211555,0.024723,-0.197946,0.914682,-0.118486,0.046374,-0.934839,0.264227,-9.508773,9.206326
0,279,5.580000,commanding,0.009204,-0.200951,0.923456,-0.124252,0.049087,-0.937262,0.273049,-9.507613,9.213089,0.027194,-0.198789,0.914829,-0.119111,0.045677,-0.934618,0.263512,-9.508773,9.221944
0,280,5.600000,commanding,0.009204,-0.200951,0.921922,-0.124252,0.049087,-0.937262,0.271515,-9.507613,9.203885,0.028888,-0.198280,0.914742,-0.118741,0.046087,-0.934748,0.263921,-9.508773,9.239346
0,281,5.620000,commanding,0.009204,-0.200951,0.921922,-0.124252,0.049087,-0.937262,0.271515,-9.507613,9.188545,0.029861,-0.197344,0.914578,-0.118048,0.046859,-0.934992,0.264709,-9.508773,9.252691
0,282,5.640000,commanding,0.009204,-0.200951,0.923456,-0.124252,0.049087,-0.937262,0.269981,-9.507613,9.191613,0.030010,-0.196417,0.914415,-0.117358,0.047627,-0.935235,0.265500,-9.508773,9.256102
0,283,5.660000,commanding,0.009204,-0.200951,0.921922,-0.124252,0.049087,-0.937262,0.269981,-9.507613,9.202351,0.027942,-0.194814,0.914130,-0.116164,0.048951,-0.935653,0.266864,-9.508773,9.235953
0,284,5.680000,commanding,0.009204,-0.200951,0.921922,-0.122718,0.049087,-0.937262,0.271515,-9.507613,9.203885,0.026273,-0.193799,0.913949,-0.115406,0.049788,-0.935917,0.267726,-9.508773,9.219388
0,285,5.700000,commanding,0.009204,-0.200951,0.923456,-0.124252,0.049087,-0.937262,0.271515,-9.507613,9.208487,0.024378,-0.193619,0.913918,-0.115276,0.049932,-0.935962,0.267869,-9.508773,9.202869
0,286,5.720000,commanding,0.009204,-0.200951,0.921922,-0.124252,0.049087,-0.937262,0.273049,-9.507613,9.220759,0.023749,-0.195240,0.914206,-0.116483,0.048597,-0.935541,0.266498,-9.508773,9.196110
0,287,5.740000,commanding,0.009204,-0.200951,0.923456,-0.124252,0.050621,-0.937262,0.273049,-9.507613,9.225360,0.024966,-0.197368,0.914580,-0.118057,0.046851,-0.934990,0.264717,-9.508773,9.206261
0,288,5.760000,commanding,0.009204,-0.200951,0.923456,-0.124252,0.052155,-0.937262,0.273049,-9.507613,9.219225,0.026009,-0.198050,0.914699,-0.118559,0.046293,-0.934814,0.264151,-9.508773,9.216822
0,289,5.780000,commanding,0.009204,-0.200951,0.921922,-0.124252,0.050621,-0.937262,0.271515,-9.507613,9.219225,0.028530,-0.198041,0.914699,-0.118558,0.046293,-0.934814,0.264141,-9.508773,9.250004
0,290,5.800000,commanding,0.009204,-0.200951,0.921922,-0.124252,0.050621,-0.937262,0.271515,-9.507613,9.219225,0.030364,-0.197246,0.914560,-0.117973,0.046943,-0.935019,0.264800,-9.508773,9.287600
0,291,5.820000,commanding,0.009204,-0.200951,0.923456,-0.124252,0.050621,-0.937262,0.269981,-9.507613,9.216157,0.030680,-0.196649,0.914455,-0.117531,0.047435,-0.935175,0.265304,-9.508773,9.305779
0,292,5.840000,commanding,0.009204,-0.200951,0.923456,-0.124252,0.050621,-0.937262,0.269981,-9.507613,9.211555,0.030680,-0.196562,0.914440,-0.117465,0.047507,-0.935197,0.265378,-9.508773,9.310878
0,293,5.860000,commanding,0.009204,-0.200951,0.921922,-0.124252,0.050621,-0.937262,0.271515,-9.507613,9.217691,0.030680,-0.196562,0.914440,-0.117465,0.047507,-0.935197,0.265378,-9.508773,9.309772
0,294,5.880000,commanding,0.009204,-0.200951,0.921922,-0.124252,0.050621,-0.937262,0.271515,-9.507613,9.226894,0.030579,-0.196465,0.914423,-0.117393,0.047588,-0.935223,0.265460,-9.508773,9.306854
0,295,5.900000,commanding,0.009204,-0.200951,0.921922,-0.122718,0.050621,-0.937262,0.271515,-9.507613,9.231496,0.030338,-0.196234,0.914382,-0.117222,0.047778,-0.935283,0.265656,-9.508773,9.305261
0,296,5.920000,commanding,0.009204,-0.200951,0.921922,-0.124252,0.050621,-0.937262,0.271515,-9.507613,9.245302,0.030051,-0.195960,0.914334,-0.117017,0.048005,-0.935355,0.265890,-9.508773,9.304401
0,297,5.940000,commanding,0.009204,-0.200951,0.921922,-0.122718,0.050621,-0.937262,0.271515,-9.507613,9.265244,0.029765,-0.195685,0.914285,-0.116813,0.048232,-0.935426,0.266123,-9.508773,9.303541
0,298,5.960000,commanding,0.009204,-0.200951,0.923456,-0.122718,0.050621,-0.937262,0.271515,-9.507613,9.279050,0.029478,-0.195411,0.914236,-0.116609,0.048458,-0.935498,0.266357,-9.508773,9.302681
0,299,5.980000,commanding,0.009204,-0.200951,0.923456,-0.124252,0.050621,-0.937262,0.271515,-9.507613,9.289788,0.029228,-0.195549,0.914261,-0.116711,0.048344,-0.935462,0.266239,-9.508773,9.301143
0,300,6.000000,commanding,0.009204,-0.200951,0.921922,-0.124252,0.050621,-0.937262,0.271515,-9.507613,9.294390,0.029146,-0.196245,0.914384,-0.117231,0.047767,-0.935280,0.265644,-9.508773,9.299275
0,301,6.020000,commanding,0.009204,-0.200951,0.921922,-0.124252,0.050621,-0.935728,0.273049,-9.507613,9.297458,0.029146,-0.196560,0.914440,-0.117465,0.047507,-0.935198,0.265376,-9.508773,9.299822
0,302,6.040000,commanding,0.009204,-0.200951,0.921922,-0.124252,0.052155,-0.935728,0.273049,-9.507613,9.298992,0.029146,-0.196560,0.914440,-0.117465,0.047507,-0.935198,0.265376,-9.508773,9.301653
0,303,6.060000,commanding,0.009204,-0.200951,0.921922,-0.122718,0.050621,-0.935728,0.273049,-9.507613,9.298992,0.029146,-0.196560,0.914440,-0.117465,0.047507,-0.935198,0.265376,-9.508773,9.302890
0,304,6.080000,commanding,0.009204,-0.200951,0.921922,-0.122718,0.050621,-0.935728,0.271515,-9.507613,9.300526,0.029146,-0.196560,0.914440,-0.117465,0.047507,-0.935198,0.265376,-9.508773,9.303219
0,305,6.100000,commanding,0.009204,-0.200951,0.921922,-0.122718,0.050621,-0.937262,0.271515,-9.507613,9.300526,0.029146,-0.196560,0.914440,-0.117465,0.047507,-0.935198,0.265376,-9.508773,9.303515
0,306,6.120000,commanding,0.009204,-0.200951,0.921922,-0.122718,0.050621,-0.935728,0.273049,-9.507613,9.302059,0.029146,-0.196560,0.914440,-0.117465,0.047507,-0.935198,0.265376,-9.508773,9.304369
0,307,6.140000,commanding,0.009204,-0.200951,0.921922,-0.122718,0.050621,-0.935728,0.273049,-9.507613,9.303593,0.029146,-0.196560,0.914440,-0.117465,0.047507,-0.935198,0.265376,-9.508773,9.304985
0,308,6.160000,commanding,0.009204,-0.200951,0.921922,-0.122718,0.050621,-0.935728,0.271515,-9.507613,9.305127,0.029146,-0.196560,0.914440,-0.117465,0.047507,-0.935198,0.265376,-9.508773,9.305694
0,309,6.180000,commanding,0.009204,-0.200951,0.921922,-0.124252,0.052155,-0.935728,0.273049,-9.507613,9.305127,0.029146,-0.196560,0.914440,-0.117465,0.047507,-0.935198,0.265376,-9.508773,9.306191
0,310,6.200000,commanding,0.009204,-0.200951,0.921922,-0.124252,0.050621,-0.935728,0.271515,-9.507613,9.305127,0.029146,-0.196560,0.914440,-0.117465,0.047507,-0.935198,0.265376,-9.508773,9.306287
0,311,6.220000,commanding,0.009204,-0.200951,0.921922,-0.122718,0.050621,-0.935728,0.273049,-9.507613,9.306661,0.029146,-0.196560,0.914440,-0.117465,0.047507,-0.935198,0.265376,-9.508773,9.306287
0,312,6.240000,commanding,0.009204,-0.200951,0.921922,-0.122718,0.050621,-0.935728,0.271515,-9.507613,9.306661,0.029146,-0.196560,0.914440,-0.117465,0.047507,-0.935198,0.265376,-9.508773,9.306287
0,313,6.260000,commanding,0.009204,-0.200951,0.921922,-0.122718,0.050621,-0.935728,0.273049,-9.507613,9.306661,0.029146,-0.196560,0.914440,-0.117465,0.047507,-0.935198,0.265376,-9.508773,9.306287
0,314,6.280000,commanding,0.009204,-0.200951,0.921922,-0.124252,0.050621,-0.935728,0.271515,-9.507613,9.306661,0.029146,-0.196560,0.914440,-0.117465,0.047507,-0.935198,0.265376,-9.508773,9.306287
0,315,6.300000,commanding,0.009204,-0.200951,0.921922,-0.122718,0.050621,-0.935728,0.273049,-9.507613,9.306661,0.029146,-0.196560,0.914440,-0.117465,0.047507,-0.935198,0.265376,-9.508773,9.306287
0,316,6.320000,commanding,0.009204,-0.200951,0.921922,-0.124252,0.050621,-0.935728,0.271515,-9.507613,9.306661,0.029146,-0.196560,0.914440,-0.117465,0.047507,-0.935198,0.265376,-9.508773,9.306287
0,317,6.340000,commanding,0.009204,-0.200951,0.921922,-0.122718,0.050621,-0.935728,0.271515,-9.507613,9.306661,0.029146,-0.196560,0.914440,-0.117465,0.047507,-0.935198,0.265376,-9.508773,9.306287
0,318,6.360000,commanding,0.009204,-0.200951,0.921922,-0.122718,0.050621,-0.935728,0.271515,-9.507613,9.306661,0.029146,-0.196560,0.914440,-0.117465,0.047507,-0.935198,0.265376,-9.508773,9.306287
0,319,6.380000,commanding,0.009204,-0.200951,0.921922,-0.122718,0.050621,-0.935728,0.273049,-9.507613,9.306661,0.029146,-0.196560,0.914440,-0.117465,0.047507,-0.935198,0.265376,-9.508773,9.306287
0,320,6.400000,commanding,0.009204,-0.200951,0.921922,-0.122718,0.050621,-0.935728,0.273049,-9.507613,9.306661,0.029146,-0.196560,0.914440,-0.117465,0.047507,-0.935198,0.265376,-9.508773,9.306287
0,321,6.420000,commanding,0.009204,-0.200951,0.921922,-0.122718,0.050621,-0.935728,0.273049,-9.507613,9.306661,0.029146,-0.196560,0.914440,-0.117465,0.047507,-0.935198,0.265376,-9.508773,9.306287
0,322,6.440000,commanding,0.009204,-0.200951,0.921922,-0.124252,0.050621,-0.935728,0.271515,-9.507613,9.306661,0.029146,-0.196560,0.914440,-0.117465,0.047507,-0.935198,0.265376,-9.508773,9.306287
0,323,6.460000,commanding,0.009204,-0.200951,0.923456,-0.122718,0.050621,-0.935728,0.273049,-9.507613,9.306661,0.029146,-0.196560,0.914440,-0.117465,0.047507,-0.935198,0.265376,-9.508773,9.306287
0,324,6.480000,commanding,0.009204,-0.200951,0.921922,-0.122718,0.050621,-0.935728,0.273049,-9.507613,9.306661,0.029146,-0.196560,0.914440,-0.117465,0.047507,-0.935198,0.265376,-9.508773,9.306287
0,325,6.500000,commanding,0.009204,-0.200951,0.921922,-0.122718,0.050621,-0.935728,0.271515,-9.507613,9.306661,0.029146,-0.196560,0.914440,-0.117465,0.047507,-0.935198,0.265376,-9.508773,9.306287
0,326,6.520000,commanding,0.009204,-0.200951,0.921922,-0.122718,0.050621,-0.935728,0.271515,-9.507613,9.306661,0.029146,-0.196560,0.914440,-0.117465,0.047507,-0.935198,0.265376,-9.508773,9.307273
0,327,6.540000,commanding,0.009204,-0.200951,0.921922,-0.122718,0.050621,-0.935728,0.271515,-9.507613,9.306661,0.029146,-0.196562,0.914440,-0.117465,0.047507,-0.935048,0.265378,-9.508773,9.307821
0,328,6.560000,commanding,0.009204,-0.200951,0.921922,-0.124252,0.050621,-0.935728,0.271515,-9.507613,9.306661,0.029146,-0.196575,0.914440,-0.117468,0.047504,-0.933996,0.265397,-9.508773,9.307821
0,329,6.580000,commanding,0.009204,-0.200951,0.921922,-0.122718,0.050621,-0.935728,0.273049,-9.507613,9.308195,0.029146,-0.196576,0.914440,-0.117469,0.047504,-0.933887,0.265399,-9.508773,9.307821
0,330,6.600000,commanding,0.009204,-0.200951,0.921922,-0.122718,0.050621,-0.935728,0.271515,-9.507613,9.308195,0.029146,-0.196567,0.914440,-0.117467,0.047506,-0.934628,0.265386,-9.508773,9.307821
0,331,6.620000,commanding,0.009204,-0.200951,0.921922,-0.124252,0.050621,-0.935728,0.271515,-9.507613,9.308195,0.029146,-0.196575,0.914440,-0.117468,0.047504,-0.933975,0.265397,-9.508773,9.307821
0,332,6.640000,commanding,0.009204,-0.200951,0.921922,-0.122718,0.050621,-0.935728,0.273049,-9.507613,9.308195,0.029146,-0.196576,0.914440,-0.117469,0.047504,-0.933904,0.265399,-9.508773,9.307821
0,333,6.660000,commanding,0.009204,-0.200951,0.921922,-0.124252,0.050621,-0.935728,0.271515,-9.507613,9.308195,0.029146,-0.196567,0.914440,-0.117467,0.047506,-0.934600,0.265386,-9.508773,9.307821
0,334,6.680000,commanding,0.009204,-0.200951,0.923456,-0.122718,0.050621,-0.935728,0.273049,-9.507613,9.308195,0.029146,-0.196561,0.914440,-0.117465,0.047507,-0.935073,0.265378,-9.508773,9.307821
0,335,6.700000,commanding,0.009204,-0.200951,0.921922,-0.122718,0.050621,-0.935728,0.273049,-9.507613,9.308195,0.029146,-0.196560,0.914440,-0.117465,0.047507,-0.935198,0.265376,-9.508773,9.307821
0,336,6.720000,commanding,0.009204,-0.200951,0.923456,-0.122718,0.050621,-0.935728,0.273049,-9.507613,9.308195,0.029146,-0.196560,0.914440,-0.117465,0.047507,-0.935198,0.265376,-9.508773,9.307821
0,337,6.740000,commanding,0.009204,-0.200951,0.921922,-0.122718,0.050621,-0.935728,0.273049,-9.507613,9.308195,0.029146,-0.196571,0.914440,-0.117468,0.047504,-0.934088,0.265392,-9.508773,9.307821
0,338,6.760000,commanding,0.009204,-0.200951,0.921922,-0.122718,0.050621,-0.935728,0.271515,-9.507613,9.308195,0.029146,-0.196560,0.914436,-0.117465,0.047501,-0.933528,0.265380,-9.508773,9.307821
0,339,6.780000,commanding,0.009204,-0.200951,0.921922,-0.124252,0.050621,-0.935728,0.273049,-9.507613,9.308195,0.029832,-0.197212,0.914550,-0.117951,0.046961,-0.934180,0.264813,-9.508773,9.308507
0,340,6.800000,commanding,0.009204,-0.200951,0.921922,-0.122718,0.050621,-0.935728,0.271515,-9.507613,9.306661,0.029712,-0.196336,0.914398,-0.117297,0.047693,-0.935125,0.265567,-9.508773,9.309188
0,341,6.820000,commanding,0.009204,-0.200951,0.921922,-0.122718,0.050621,-0.935728,0.271515,-9.507613,9.308195,0.029757,-0.195776,0.914302,-0.116881,0.048157,-0.935409,0.266046,-9.508773,9.309355
0,342,6.840000,commanding,0.009204,-0.200951,0.921922,-0.122718,0.050621,-0.935728,0.271515,-9.507613,9.308195,0.030414,-0.196307,0.914396,-0.117277,0.047718,-0.935262,0.265594,-9.508773,9.309355
0,343,6.860000,commanding,0.009204,-0.200951,0.921922,-0.122718,0.052155,-0.935728,0.273049,-9.507613,9.308195,0.030680,-0.196562,0.914441,-0.117466,0.047508,-0.935196,0.265378,-9.508773,9.309355
0,344,6.880000,commanding,0.009204,-0.200951,0.921922,-0.122718,0.052155,-0.935728,0.271515,-9.507613,9.308195,0.030680,-0.196562,0.914441,-0.117466,0.047508,-0.935196,0.265378,-9.508773,9.309355
0,345,6.900000,commanding,0.009204,-0.200951,0.921922,-0.122718,0.050621,-0.935728,0.273049,-9.507613,9.308195,0.030680,-0.196562,0.914441,-0.117466,0.047508,-0.935196,0.265378,-9.508773,9.309355
0,346,6.920000,commanding,0.009204,-0.200951,0.921922,-0.122718,0.050621,-0.935728,0.273049,-9.507613,9.308195,0.030680,-0.196562,0.914441,-0.117466,0.047508,-0.935185,0.265378,-9.508773,9.309355
0,347,6.940000,commanding,0.009204,-0.200951,0.921922,-0.122718,0.050621,-0.935728,0.271515,-9.507613,9.308195,0.030680,-0.196564,0.914441,-0.117466,0.047507,-0.934971,0.265382,-9.508773,9.309355
0,348,6.960000,commanding,0.009204,-0.200951,0.921922,-0.122718,0.050621,-0.935728,0.271515,-9.507613,9.308195,0.030680,-0.196568,0.914441,-0.117467,0.047506,-0.934646,0.265388,-9.508773,9.309355
0,349,6.980000,commanding,0.009204,-0.200951,0.921922,-0.122718,0.050621,-0.935728,0.273049,-9.507613,9.308195,0.030680,-0.196573,0.914440,-0.117468,0.047506,-0.934321,0.265393,-9.508773,9.309355
0,350,7.000000,commanding,0.009204,-0.200951,0.921922,-0.122718,0.050621,-0.935728,0.273049,-9.507613,9.308195,0.030680,-0.196577,0.914440,-0.117468,0.047505,-0.933996,0.265399,-9.508773,9.309355
0,351,7.020000,commanding,0.009204,-0.200951,0.921922,-0.122718,0.050621,-0.935728,0.271515,-9.507613,9.308195,0.030680,-0.196581,0.914440,-0.117469,0.047504,-0.933671,0.265404,-9.508773,9.309355
0,352,7.040000,commanding,0.009204,-0.200951,0.921922,-0.122718,0.050621,-0.935728,0.271515,-9.507613,9.308195,0.030680,-0.196569,0.914440,-0.117467,0.047506,-0.934610,0.265388,-9.508773,9.308370
0,353,7.060000,commanding,0.009204,-0.200951,0.921922,-0.122718,0.050621,-0.935728,0.271515,-9.507613,9.308195,0.030680,-0.196562,0.914440,-0.117465,0.047507,-0.935197,0.265378,-9.508773,9.301959
0,354,7.080000,commanding,0.009204,-0.200951,0.921922,-0.122718,0.050621,-0.935728,0.271515,-9.507613,9.308195,0.030236,-0.196561,0.914440,-0.117465,0.047507,-0.935197,0.265377,-9.508773,9.289825
0,355,7.100000,commanding,0.009204,-0.200951,0.921922,-0.122718,0.050621,-0.935728,0.273049,-9.507613,9.305127,0.028893,-0.196567,0.914440,-0.117467,0.047505,-0.934568,0.265386,-9.508773,9.271718
0,356,7.120000,commanding,0.009204,-0.200951,0.921922,-0.122718,0.050621,-0.935728,0.273049,-9.507613,9.298992,0.027852,-0.196569,0.914436,-0.117465,0.047504,-0.934380,0.265388,-9.508773,9.256116
0,357,7.140000,commanding,0.009204,-0.200951,0.921922,-0.122718,0.050621,-0.935728,0.273049,-9.507613,9.286720,0.027612,-0.196562,0.914434,-0.117462,0.047505,-0.934993,0.265377,-9.508773,9.248912
0,358,7.160000,commanding,0.009204,-0.200951,0.921922,-0.122718,0.050621,-0.935728,0.271515,-9.507613,9.269846,0.027612,-0.196557,0.914438,-0.117464,0.047506,-0.935228,0.265371,-9.508773,9.246821
0,359,7.180000,commanding,0.009204,-0.200951,0.921922,-0.122718,0.050621,-0.935728,0.273049,-9.507613,9.259108,0.027847,-0.196557,0.914440,-0.117465,0.047507,-0.935197,0.265372,-9.508773,9.247870
0,360,7.200000,commanding,0.009204,-0.200951,0.921922,-0.122718,0.050621,-0.935728,0.271515,-9.507613,9.256040,0.028892,-0.196561,0.914440,-0.117466,0.047506,-0.935011,0.265378,-9.508773,9.254474
0,361,7.220000,commanding,0.009204,-0.200951,0.921922,-0.122718,0.050621,-0.935728,0.271515,-9.507613,9.249904,0.030223,-0.196576,0.914440,-0.117468,0.047505,-0.933976,0.265399,-9.508773,9.264283
0,362,7.240000,commanding,0.009204,-0.200951,0.921922,-0.122718,0.050621,-0.935728,0.271515,-9.507613,9.240700,0.032088,-0.196572,0.914435,-0.117464,0.047505,-0.934642,0.265388,-9.508773,9.297648
0,363,7.260000,commanding,0.009204,-0.200951,0.923456,-0.122718,0.050621,-0.935728,0.273049,-9.507613,9.243768,0.034280,-0.196560,0.914437,-0.117463,0.047506,-0.935240,0.265374,-9.508773,9.340930
0,364,7.280000,commanding,0.009204,-0.200951,0.921922,-0.122718,0.050621,-0.935728,0.273049,-9.507613,9.251438,0.034612,-0.195990,0.914340,-0.117044,0.047974,-0.935348,0.265853,-9.508773,9.356123
0,365,7.300000,commanding,0.009204,-0.200951,0.921922,-0.122718,0.050621,-0.935728,0.273049,-9.507613,9.249904,0.033310,-0.195299,0.914217,-0.116528,0.048547,-0.935525,0.266443,-9.508773,9.340262
0,366,7.320000,commanding,0.010738,-0.200951,0.923456,-0.122718,0.050621,-0.935728,0.271515,-9.507613,9.260642,0.031270,-0.195631,0.914276,-0.116773,0.048275,-0.935440,0.266167,-9.508773,9.307781
0,367,7.340000,commanding,0.010738,-0.200951,0.921922,-0.122718,0.050621,-0.935728,0.271515,-9.507613,9.279050,0.029616,-0.196336,0.914400,-0.117298,0.047693,-0.935256,0.265568,-9.508773,9.276393
0,368,7.360000,commanding,0.010738,-0.200951,0.921922,-0.122718,0.050621,-0.935728,0.273049,-9.507613,9.286720,0.029146,-0.196560,0.914440,-0.117465,0.047507,-0.935198,0.265376,-9.508773,9.251149
0,369,7.380000,commanding,0.010738,-0.200951,0.923456,-0.122718,0.050621,-0.935728,0.273049,-9.507613,9.295924,0.028160,-0.195955,0.914333,-0.117016,0.048006,-0.935355,0.265888,-9.508773,9.222391
0,370,7.400000,commanding,0.010738,-0.200951,0.921922,-0.122718,0.050621,-0.935728,0.271515,-9.507613,9.303593,0.027960,-0.196443,0.914420,-0.117380,0.047601,-0.935227,0.265470,-9.508773,9.210905
0,371,7.420000,commanding,0.010738,-0.200951,0.921922,-0.122718,0.050621,-0.935728,0.273049,-9.507613,9.300526,0.029893,-0.198015,0.914696,-0.118547,0.046302,-0.934816,0.264137,-9.508773,9.219517
0,372,7.440000,commanding,0.010738,-0.200951,0.923456,-0.122718,0.050621,-0.935728,0.273049,-9.507613,9.302059,0.031812,-0.199152,0.914894,-0.119388,0.045363,-0.934522,0.263177,-9.508773,9.229803
0,373,7.460000,commanding,0.010738,-0.200951,0.921922,-0.122718,0.050621,-0.935728,0.271515,-9.507613,9.303593,0.032667,-0.199286,0.914915,-0.119485,0.045255,-0.934503,0.263067,-9.508773,9.237233
0,374,7.480000,commanding,0.009204,-0.200951,0.921922,-0.122718,0.050621,-0.935728,0.269981,-9.507613,9.291322,0.033174,-0.199044,0.914872,-0.119304,0.045456,-0.934589,0.263274,-9.508773,9.244079
0,375,7.500000,commanding,0.010738,-0.200951,0.921922,-0.122718,0.050621,-0.935728,0.268447,-9.507613,9.272914,0.033681,-0.198802,0.914828,-0.119123,0.045657,-0.934674,0.263480,-9.508773,9.250924
0,376,7.520000,commanding,0.009204,-0.200951,0.921922,-0.122718,0.050621,-0.935728,0.268447,-9.507613,9.262176,0.034188,-0.198559,0.914784,-0.118942,0.045858,-0.934760,0.263686,-9.508773,9.257770
0,377,7.540000,commanding,0.010738,-0.200951,0.921922,-0.122718,0.050621,-0.935728,0.269981,-9.507613,9.257574,0.034695,-0.198316,0.914740,-0.118760,0.046059,-0.934845,0.263891,-9.508773,9.264616
0,378,7.560000,commanding,0.010738,-0.200951,0.921922,-0.122718,0.050621,-0.935728,0.269981,-9.507613,9.246836,0.034699,-0.197689,0.914630,-0.118294,0.046580,-0.934496,0.264435,-9.508773,9.268830
0,379,7.580000,commanding,0.010738,-0.200951,0.921922,-0.122718,0.050621,-0.935728,0.269981,-9.507613,9.228428,0.031653,-0.194983,0.914153,-0.116277,0.048823,-0.934505,0.266754,-9.508773,9.249067
0,380,7.600000,commanding,0.010738,-0.200951,0.921922,-0.122718,0.050621,-0.935728,0.269981,-9.507613,9.222292,0.028470,-0.193776,0.913936,-0.115378,0.049816,-0.935442,0.267766,-9.508773,9.226840
0,381,7.620000,commanding,0.010738,-0.200951,0.921922,-0.122718,0.050621,-0.935728,0.269981,-9.507613,9.226894,0.027612,-0.195252,0.914205,-0.116482,0.048597,-0.934637,0.266515,-9.508773,9.214325
0,382,7.640000,commanding,0.010738,-0.200951,0.921922,-0.122718,0.050621,-0.935728,0.269981,-9.507613,9.220759,0.027741,-0.196371,0.914401,-0.117318,0.047666,-0.934821,0.265547,-9.508773,9.210784
0,383,7.660000,commanding,0.010738,-0.200951,0.921922,-0.121184,0.050621,-0.935728,0.271515,-9.507613,9.206953,0.028669,-0.196560,0.914437,-0.117463,0.047506,-0.935239,0.265375,-9.508773,9.215990
0,384,7.680000,commanding,0.010738,-0.200951,0.921922,-0.121184,0.050621,-0.935728,0.271515,-9.507613,9.210021,0.030226,-0.196561,0.914440,-0.117465,0.047507,-0.935198,0.265377,-9.508773,9.228472
0,385,7.700000,commanding,0.010738,-0.200951,0.921922,-0.121184,0.050621,-0.935728,0.269981,-9.507613,9.216157,0.032704,-0.196560,0.914440,-0.117465,0.047507,-0.935198,0.265377,-9.508773,9.248845
0,386,7.720000,commanding,0.010738,-0.200951,0.921922,-0.121184,0.050621,-0.935728,0.271515,-9.507613,9.208487,0.034428,-0.196567,0.914439,-0.117467,0.047506,-0.934427,0.265387,-9.508773,9.270796
0,387,7.740000,commanding,0.010738,-0.200951,0.921922,-0.121184,0.050621,-0.935728,0.271515,-9.507613,9.208487,0.035112,-0.196576,0.914437,-0.117467,0.047504,-0.933684,0.265398,-9.508773,9.284894
0,388,7.760000,commanding,0.010738,-0.200951,0.921922,-0.121184,0.052155,-0.935728,0.271515,-9.507613,9.222292,0.035282,-0.196580,0.914435,-0.117465,0.047504,-0.933556,0.265400,-9.508773,9.286634
0,389,7.780000,commanding,0.010738,-0.200951,0.921922,-0.121184,0.050621,-0.935728,0.271515,-9.507613,9.237632,0.034448,-0.196572,0.914433,-0.117463,0.047504,-0.933581,0.265391,-9.508773,9.275306
0,390,7.800000,commanding,0.010738,-0.200951,0.921922,-0.121184,0.050621,-0.935728,0.271515,-9.507613,9.249904,0.032573,-0.196554,0.914433,-0.117462,0.047501,-0.933580,0.265372,-9.508773,9.257522
0,391,7.820000,commanding,0.010738,-0.200951,0.921922,-0.121184,0.050621,-0.935728,0.271515,-9.507613,9.263710,0.030713,-0.196550,0.914434,-0.117462,0.047502,-0.933992,0.265367,-9.508773,9.234321
0,392,7.840000,commanding,0.010738,-0.200951,0.921922,-0.121184,0.050621,-0.935728,0.271515,-9.507613,9.274448,0.029492,-0.196562,0.914436,-0.117463,0.047506,-0.934627,0.265378,-9.508773,9.213956
0,393,7.860000,commanding,0.010738,-0.200951,0.921922,-0.121184,0.050621,-0.935728,0.271515,-9.507613,9.271380,0.029146,-0.196574,0.914442,-0.117469,0.047506,-0.934101,0.265395,-9.508773,9.204650
0,394,7.880000,commanding,0.010738,-0.200951,0.921922,-0.121184,0.050621,-0.935728,0.271515,-9.507613,9.275982,0.029146,-0.196572,0.914437,-0.117465,0.047506,-0.934453,0.265390,-9.508773,9.206826
0,395,7.900000,commanding,0.010738,-0.200951,0.921922,-0.121184,0.050621,-0.935728,0.271515,-9.507613,9.282118,0.029146,-0.196563,0.914437,-0.117464,0.047506,-0.935085,0.265379,-9.508773,9.210398
0,396,7.920000,commanding,0.010738,-0.200951,0.921922,-0.121184,0.050621,-0.935728,0.271515,-9.507613,9.275982,0.032066,-0.197961,0.914686,-0.118505,0.046351,-0.934832,0.264190,-9.508773,9.236735
0,397,7.940000,commanding,0.010738,-0.200951,0.921922,-0.121184,0.050621,-0.935728,0.271515,-9.507613,9.262176,0.034713,-0.197338,0.914577,-0.118044,0.046863,-0.934914,0.264715,-9.508773,9.261514
0,398,7.960000,commanding,0.010738,-0.200951,0.921922,-0.121184,0.050621,-0.935728,0.269981,-9.507613,9.249904,0.035282,-0.196567,0.914439,-0.117467,0.047505,-0.934274,0.265387,-9.508773,9.283583
0,399,7.980000,commanding,0.010738,-0.200951,0.921922,-0.121184,0.050621,-0.935728,0.271515,-9.507613,9.248370,0.035282,-0.196574,0.914439,-0.117468,0.047504,-0.933737,0.265396,-9.508773,9.296804
0,400,8.000000,commanding,0.010738,-0.200951,0.921922,-0.121184,0.050621,-0.935728,0.271515,-9.507613,9.243768,0.035282,-0.196572,0.914439,-0.117468,0.047504,-0.933894,0.265393,-9.508773,9.298227
0,401,8.020000,commanding,0.010738,-0.200951,0.921922,-0.121184,0.050621,-0.935728,0.269981,-9.507613,9.226894,0.035282,-0.196568,0.914439,-0.117467,0.047505,-0.934219,0.265388,-9.508773,9.296793
0,402,8.040000,commanding,0.010738,-0.200951,0.921922,-0.121184,0.050621,-0.935728,0.271515,-9.507613,9.229962,0.035282,-0.196564,0.914440,-0.117466,0.047505,-0.934544,0.265382,-9.508773,9.295359
0,403,8.060000,commanding,0.010738,-0.200951,0.921922,-0.121184,0.050621,-0.935728,0.271515,-9.507613,9.239166,0.035282,-0.196559,0.914440,-0.117466,0.047506,-0.934869,0.265377,-9.508773,9.293926
0,404,8.080000,commanding,0.010738,-0.200951,0.921922,-0.121184,0.050621,-0.935728,0.271515,-9.507613,9.239166,0.030970,-0.196558,0.914440,-0.117465,0.047506,-0.935121,0.265374,-9.508773,9.234169
0,405,8.100000,commanding,0.010738,-0.200951,0.921922,-0.121184,0.050621,-0.935728,0.271515,-9.507613,9.246836,0.028940,-0.196983,0.914515,-0.117781,0.047156,-0.935086,0.265013,-9.508773,9.190959
0,406,8.120000,commanding,0.010738,-0.200951,0.921922,-0.121184,0.050621,-0.935728,0.271515,-9.507613,9.260642,0.029146,-0.196796,0.914482,-0.117641,0.047311,-0.935136,0.265174,-9.508773,9.186144
0,407,8.140000,commanding,0.010738,-0.200951,0.921922,-0.121184,0.050621,-0.935728,0.271515,-9.507613,9.263710,0.029935,-0.196561,0.914440,-0.117465,0.047507,-0.935198,0.265377,-9.508773,9.192157
0,408,8.160000,commanding,0.010738,-0.200951,0.921922,-0.121184,0.050621,-0.935728,0.271515,-9.507613,9.257574,0.031494,-0.196562,0.914440,-0.117466,0.047507,-0.935197,0.265378,-9.508773,9.204924
0,409,8.180000,commanding,0.010738,-0.200951,0.921922,-0.121184,0.050621,-0.935728,0.271515,-9.507613,9.257574,0.033740,-0.196559,0.914440,-0.117465,0.047507,-0.935197,0.265375,-9.508773,9.223357
0,410,8.200000,commanding,0.010738,-0.200951,0.921922,-0.121184,0.050621,-0.935728,0.271515,-9.507613,9.257574,0.035054,-0.196556,0.914440,-0.117465,0.047506,-0.935197,0.265372,-9.508773,9.253117
0,411,8.220000,commanding,0.010738,-0.200951,0.921922,-0.121184,0.050621,-0.935728,0.271515,-9.507613,9.246836,0.035282,-0.196555,0.914440,-0.117465,0.047506,-0.935197,0.265371,-9.508773,9.275103
0,412,8.240000,commanding,0.010738,-0.200951,0.921922,-0.121184,0.050621,-0.935728,0.271515,-9.507613,9.226894,0.035282,-0.196555,0.914440,-0.117465,0.047506,-0.935197,0.265371,-9.508773,9.282337
0,413,8.260000,commanding,0.010738,-0.200951,0.921922,-0.121184,0.050621,-0.935728,0.271515,-9.507613,9.223826,0.034888,-0.196178,0.914373,-0.117184,0.047818,-0.935296,0.265692,-9.508773,9.277025
0,414,8.280000,commanding,0.010738,-0.200951,0.921922,-0.121184,0.050621,-0.935728,0.271515,-9.507613,9.233030,0.033727,-0.195739,0.914295,-0.116856,0.048183,-0.935411,0.266069,-9.508773,9.261709
0,415,8.300000,commanding,0.010738,-0.200951,0.921922,-0.121184,0.050621,-0.935728,0.271515,-9.507613,9.231496,0.032568,-0.196222,0.914380,-0.117214,0.047787,-0.935286,0.265664,-9.508773,9.245633
0,416,8.320000,commanding,0.010738,-0.200951,0.921922,-0.121184,0.050621,-0.935728,0.271515,-9.507613,9.219225,0.032214,-0.196562,0.914440,-0.117466,0.047507,-0.935197,0.265377,-9.508773,9.231755
0,417,8.340000,commanding,0.010738,-0.200951,0.921922,-0.121184,0.050621,-0.935728,0.269981,-9.507613,9.223826,0.032214,-0.196562,0.914440,-0.117466,0.047507,-0.935197,0.265377,-9.508773,9.214649
0,418,8.360000,commanding,0.010738,-0.200951,0.921922,-0.121184,0.050621,-0.935728,0.271515,-9.507613,9.240700,0.032214,-0.196562,0.914440,-0.117466,0.047507,-0.935197,0.265377,-9.508773,9.206377
0,419,8.380000,commanding,0.010738,-0.200951,0.921922,-0.121184,0.050621,-0.935728,0.271515,-9.507613,9.239166,0.032214,-0.196562,0.914440,-0.117466,0.047507,-0.935197,0.265377,-9.508773,9.205241
0,420,8.400000,commanding,0.010738,-0.200951,0.921922,-0.121184,0.050621,-0.935728,0.271515,-9.507613,9.226894,0.032214,-0.196574,0.914440,-0.117468,0.047505,-0.934228,0.265394,-9.508773,9.217858
0,421,8.420000,commanding,0.010738,-0.200951,0.921922,-0.121184,0.050621,-0.935728,0.271515,-9.507613,9.228428,0.033359,-0.197673,0.914629,-0.118280,0.046599,-0.933953,0.264465,-9.508773,9.234970
0,422,8.440000,commanding,0.010738,-0.200951,0.921922,-0.121184,0.052155,-0.935728,0.271515,-9.507613,9.229962,0.035253,-0.198653,0.914800,-0.119011,0.045781,-0.934466,0.263611,-9.508773,9.251486
0,423,8.460000,commanding,0.010738,-0.200951,0.921922,-0.121184,0.050621,-0.935728,0.269981,-9.507613,9.216157,0.036508,-0.197850,0.914665,-0.118425,0.046437,-0.934885,0.264273,-9.508773,9.270151
0,424,8.480000,commanding,0.010738,-0.200951,0.921922,-0.121184,0.050621,-0.935728,0.271515,-9.507613,9.206953,0.036816,-0.196819,0.914486,-0.117661,0.047288,-0.934690,0.265150,-9.508773,9.284599
0,425,8.500000,commanding,0.010738,-0.200951,0.921922,-0.121184,0.050621,-0.935728,0.269981,-9.507613,9.216157,0.036278,-0.196046,0.914345,-0.117081,0.047929,-0.934625,0.265814,-9.508773,9.288459
0,426,8.520000,commanding,0.010738,-0.200951,0.921922,-0.121184,0.050621,-0.935728,0.271515,-9.507613,9.226894,0.035244,-0.195464,0.914239,-0.116647,0.048407,-0.935145,0.266299,-9.508773,9.277159
0,427,8.540000,commanding,0.010738,-0.200951,0.921922,-0.121184,0.050621,-0.935728,0.271515,-9.507613,9.222292,0.034452,-0.195482,0.914242,-0.116661,0.048389,-0.935134,0.266277,-9.508773,9.259096
0,428,8.560000,commanding,0.010738,-0.200951,0.921922,-0.121184,0.050621,-0.935728,0.271515,-9.507613,9.231496,0.033857,-0.195766,0.914293,-0.116874,0.048153,-0.934720,0.266035,-9.508773,9.240628
0,429,8.580000,commanding,0.010738,-0.200951,0.921922,-0.121184,0.050621,-0.935728,0.271515,-9.507613,9.252972,0.033261,-0.196050,0.914344,-0.117087,0.047916,-0.934306,0.265792,-9.508773,9.222161
0,430,8.600000,commanding,0.010738,-0.199418,0.921922,-0.121184,0.050621,-0.935728,0.271515,-9.507613,9.257574,0.032665,-0.196333,0.914395,-0.117300,0.047680,-0.933893,0.265548,-9.508773,9.203694
0,431,8.620000,commanding,0.010738,-0.199418,0.921922,-0.121184,0.050621,-0.935728,0.271515,-9.507613,9.251438,0.032299,-0.196506,0.914426,-0.117431,0.047534,-0.933639,0.265399,-9.508773,9.192346
0,432,8.640000,commanding,0.010738,-0.199418,0.921922,-0.121184,0.050621,-0.935728,0.271515,-9.507613,9.254506,0.032214,-0.196546,0.914433,-0.117462,0.047500,-0.933580,0.265364,-9.508773,9.192498
0,433,8.660000,commanding,0.010738,-0.200951,0.921922,-0.121184,0.050621,-0.935728,0.271515,-9.507613,9.259108,0.032214,-0.196557,0.914434,-0.117462,0.047505,-0.934592,0.265372,-9.508773,9.204026
0,434,8.680000,commanding,0.010738,-0.200951,0.921922,-0.121184,0.050621,-0.935728,0.271515,-9.507613,9.246836,0.034337,-0.196562,0.914439,-0.117465,0.047507,-0.935181,0.265377,-9.508773,9.227590
0,435,8.700000,commanding,0.010738,-0.199418,0.921922,-0.121184,0.050621,-0.935728,0.271515,-9.507613,9.226894,0.036276,-0.196577,0.914442,-0.117468,0.047509,-0.935196,0.265395,-9.508773,9.253534
0,436,8.720000,commanding,0.010738,-0.199418,0.921922,-0.121184,0.050621,-0.935728,0.271515,-9.507613,9.214623,0.036774,-0.196588,0.914442,-0.117469,0.047510,-0.935197,0.265407,-9.508773,9.280036
0,437,8.740000,commanding,0.010738,-0.200951,0.921922,-0.121184,0.050621,-0.935728,0.271515,-9.507613,9.216157,0.036740,-0.196588,0.914442,-0.117469,0.047510,-0.935197,0.265407,-9.508773,9.290935
0,438,8.760000,commanding,0.010738,-0.199418,0.921922,-0.121184,0.050621,-0.935728,0.271515,-9.507613,9.219225,0.035940,-0.196570,0.914442,-0.117467,0.047508,-0.935196,0.265387,-9.508773,9.275616
0,439,8.780000,commanding,0.010738,-0.199418,0.921922,-0.121184,0.050621,-0.935728,0.271515,-9.507613,9.206953,0.034052,-0.196561,0.914441,-0.117467,0.047507,-0.935195,0.265376,-9.508773,9.249118
0,440,8.800000,commanding,0.010738,-0.199418,0.921922,-0.121184,0.052155,-0.935728,0.271515,-9.507613,9.203885,0.032580,-0.196561,0.914441,-0.117466,0.047508,-0.935196,0.265377,-9.508773,9.232075
0,441,8.820000,commanding,0.010738,-0.199418,0.921922,-0.121184,0.050621,-0.935728,0.271515,-9.507613,9.213089,0.032214,-0.196562,0.914441,-0.117466,0.047508,-0.935196,0.265377,-9.508773,9.216321
0,442,8.840000,commanding,0.010738,-0.199418,0.921922,-0.121184,0.052155,-0.935728,0.271515,-9.507613,9.222292,0.032214,-0.196562,0.914441,-0.117466,0.047508,-0.935196,0.265377,-9.508773,9.198059
0,443,8.860000,commanding,0.010738,-0.200951,0.921922,-0.121184,0.050621,-0.935728,0.271515,-9.507613,9.220759,0.032214,-0.196562,0.914441,-0.117466,0.047508,-0.935196,0.265377,-9.508773,9.190358
0,444,8.880000,commanding,0.010738,-0.200951,0.921922,-0.121184,0.050621,-0.935728,0.271515,-9.507613,9.226894,0.032214,-0.196562,0.914441,-0.117466,0.047508,-0.935196,0.265377,-9.508773,9.193345
0,445,8.900000,commanding,0.010738,-0.199418,0.921922,-0.121184,0.050621,-0.935728,0.271515,-9.507613,9.233030,0.032799,-0.197122,0.914540,-0.117883,0.047044,-0.935049,0.264901,-9.508773,9.205621
0,446,8.920000,commanding,0.010738,-0.199418,0.921922,-0.121184,0.050621,-0.935728,0.271515,-9.507613,9.226894,0.033631,-0.197818,0.914662,-0.118400,0.046469,-0.934867,0.264311,-9.508773,9.220983
0,447,8.940000,commanding,0.010738,-0.200951,0.921922,-0.121184,0.050621,-0.935728,0.271515,-9.507613,9.211555,0.034616,-0.198030,0.914699,-0.118558,0.046292,-0.934811,0.264129,-9.508773,9.245365
0,448,8.960000,commanding,0.010738,-0.200951,0.921922,-0.121184,0.050621,-0.935728,0.269981,-9.507613,9.202351,0.035184,-0.197082,0.914534,-0.117857,0.047073,-0.935058,0.264927,-9.508773,9.260726
0,449,8.980000,commanding,0.010738,-0.199418,0.921922,-0.121184,0.050621,-0.935728,0.269981,-9.507613,9.205419,0.035282,-0.196555,0.914441,-0.117466,0.047507,-0.935195,0.265370,-9.508773,9.264069
0,450,9.000000,commanding,0.010738,-0.199418,0.921922,-0.121184,0.050621,-0.935728,0.269981,-9.507613,9.210021,0.034037,-0.195373,0.914229,-0.116580,0.048490,-0.934800,0.266396,-9.508773,9.252891
0,451,9.020000,commanding,0.010738,-0.199418,0.921922,-0.121184,0.050621,-0.935728,0.271515,-9.507613,9.205419,0.032061,-0.194555,0.914078,-0.115962,0.049171,-0.934889,0.267104,-9.508773,9.226192
0,452,9.040000,commanding,0.010738,-0.199418,0.921922,-0.121184,0.050621,-0.935728,0.271515,-9.507613,9.206953,0.031021,-0.195069,0.914166,-0.116344,0.048746,-0.935420,0.266658,-9.508773,9.204426
0,453,9.060000,commanding,0.010738,-0.199418,0.921922,-0.121184,0.050621,-0.935728,0.271515,-9.507613,9.217691,0.031045,-0.195796,0.914297,-0.116888,0.048142,-0.935498,0.266032,-9.508773,9.198179
0,454,9.080000,commanding,0.010738,-0.199418,0.921922,-0.121184,0.050621,-0.935728,0.271515,-9.507613,9.226894,0.031365,-0.196407,0.914407,-0.117345,0.047637,-0.935311,0.265512,-9.508773,9.197540
0,455,9.100000,commanding,0.010738,-0.199418,0.921922,-0.121184,0.052155,-0.935728,0.271515,-9.507613,9.223826,0.031684,-0.197018,0.914517,-0.117801,0.047131,-0.935124,0.264992,-9.508773,9.196901
0,456,9.120000,commanding,0.010738,-0.199418,0.921922,-0.121184,0.050621,-0.935728,0.271515,-9.507613,9.216157,0.032004,-0.197630,0.914626,-0.118257,0.046625,-0.934936,0.264472,-9.508773,9.196262
0,457,9.140000,commanding,0.010738,-0.199418,0.921922,-0.121184,0.050621,-0.935728,0.271515,-9.507613,9.219225,0.032574,-0.198155,0.914720,-0.118648,0.046190,-0.934784,0.264026,-9.508773,9.199655
0,458,9.160000,commanding,0.010738,-0.199418,0.921922,-0.121184,0.050621,-0.935728,0.269981,-9.507613,9.216157,0.034708,-0.198791,0.914831,-0.119120,0.045664,-0.934614,0.263486,-9.508773,9.222414
0,459,9.180000,commanding,0.010738,-0.199418,0.921922,-0.121184,0.050621,-0.935728,0.269981,-9.507613,9.200817,0.036436,-0.197957,0.914686,-0.118506,0.046348,-0.934831,0.264182,-9.508773,9.255955
0,460,9.200000,commanding,0.010738,-0.200951,0.921922,-0.121184,0.050621,-0.935728,0.269981,-9.507613,9.188545,0.036816,-0.196835,0.914490,-0.117677,0.047270,-0.935122,0.265124,-9.508773,9.280672
0,461,9.220000,commanding,0.010738,-0.200951,0.921922,-0.121184,0.050621,-0.935728,0.271515,-9.507613,9.193147,0.036584,-0.196327,0.914401,-0.117300,0.047689,-0.935254,0.265553,-9.508773,9.291495
0,462,9.240000,commanding,0.010738,-0.200951,0.921922,-0.121184,0.050621,-0.935728,0.271515,-9.507613,9.199283,0.035701,-0.195747,0.914298,-0.116868,0.048169,-0.935406,0.266048,-9.508773,9.292349
0,463,9.260000,commanding,0.010738,-0.200951,0.921922,-0.121184,0.050621,-0.935728,0.271515,-9.507613,9.196215,0.035172,-0.196125,0.914364,-0.117145,0.047862,-0.935247,0.265736,-9.508773,9.289820
0,464,9.280000,commanding,0.010738,-0.199418,0.921922,-0.121184,0.052155,-0.935728,0.271515,-9.507613,9.200817,0.034016,-0.195961,0.914333,-0.117016,0.048006,-0.934637,0.265900,-9.508773,9.284985
0,465,9.300000,commanding,0.010738,-0.200951,0.921922,-0.121184,0.050621,-0.935728,0.271515,-9.507613,9.216157,0.032640,-0.195314,0.914216,-0.116526,0.048549,-0.934027,0.266474,-9.508773,9.280169
0,466,9.320000,commanding,0.010738,-0.199418,0.921922,-0.121184,0.050621,-0.935728,0.271515,-9.507613,9.234564,0.032214,-0.195778,0.914299,-0.116876,0.048162,-0.934463,0.266068,-9.508773,9.268116
0,467,9.340000,commanding,0.010738,-0.200951,0.921922,-0.121184,0.050621,-0.935728,0.271515,-9.507613,9.240700,0.032214,-0.196414,0.914413,-0.117354,0.047631,-0.935019,0.265508,-9.508773,9.258016
0,468,9.360000,commanding,0.010738,-0.199418,0.921922,-0.121184,0.050621,-0.935728,0.271515,-9.507613,9.256040,0.032214,-0.196554,0.914436,-0.117463,0.047504,-0.934336,0.265370,-9.508773,9.255666
0,469,9.380000,commanding,0.010738,-0.199418,0.921922,-0.121184,0.050621,-0.935728,0.271515,-9.507613,9.272914,0.032214,-0.196547,0.914433,-0.117462,0.047501,-0.933691,0.265365,-9.508773,9.255666
0,470,9.400000,commanding,0.010738,-0.199418,0.921922,-0.121184,0.050621,-0.935728,0.271515,-9.507613,9.274448,0.032214,-0.196546,0.914433,-0.117462,0.047500,-0.933580,0.265364,-9.508773,9.255995
0,471,9.420000,commanding,0.010738,-0.199418,0.921922,-0.121184,0.050621,-0.935728,0.271515,-9.507613,9.269846,0.032214,-0.196551,0.914435,-0.117463,0.047503,-0.934059,0.265368,-9.508773,9.256835
0,472,9.440000,commanding,0.010738,-0.199418,0.921922,-0.121184,0.050621,-0.935728,0.271515,-9.507613,9.271380,0.032214,-0.196559,0.914439,-0.117465,0.047506,-0.934885,0.265375,-9.508773,9.257428
0,473,9.460000,commanding,0.010738,-0.200951,0.921922,-0.121184,0.050621,-0.935728,0.271515,-9.507613,9.272914,0.032214,-0.196562,0.914441,-0.117466,0.047508,-0.935196,0.265377,-9.508773,9.258313
0,474,9.480000,commanding,0.010738,-0.199418,0.921922,-0.121184,0.050621,-0.935728,0.271515,-9.507613,9.265244,0.032214,-0.196568,0.914439,-0.117467,0.047505,-0.934104,0.265388,-9.508773,9.258734
0,475,9.500000,commanding,0.010738,-0.199418,0.921922,-0.121184,0.050621,-0.935728,0.271515,-9.507613,9.254506,0.032214,-0.196557,0.914435,-0.117463,0.047502,-0.933684,0.265376,-9.508773,9.258853
0,476,9.520000,commanding,0.010738,-0.199418,0.921922,-0.121184,0.050621,-0.935728,0.271515,-9.507613,9.256040,0.032214,-0.196558,0.914434,-0.117462,0.047506,-0.934684,0.265373,-9.508773,9.259707
0,477,9.540000,commanding,0.010738,-0.199418,0.921922,-0.121184,0.050621,-0.935728,0.271515,-9.507613,9.260642,0.032214,-0.196562,0.914439,-0.117465,0.047508,-0.935191,0.265377,-9.508773,9.260224
0,478,9.560000,commanding,0.010738,-0.199418,0.921922,-0.121184,0.050621,-0.935728,0.271515,-9.507613,9.257574,0.032214,-0.196562,0.914441,-0.117466,0.047508,-0.935196,0.265377,-9.508773,9.260268
0,479,9.580000,commanding,0.010738,-0.199418,0.921922,-0.121184,0.050621,-0.935728,0.271515,-9.507613,9.257574,0.032214,-0.196562,0.914441,-0.117466,0.047508,-0.935196,0.265377,-9.508773,9.260268
0,480,9.600000,commanding,0.010738,-0.199418,0.921922,-0.121184,0.050621,-0.935728,0.271515,-9.507613,9.260642,0.032214,-0.196562,0.914441,-0.117466,0.047508,-0.935196,0.265377,-9.508773,9.260268
0,481,9.620000,commanding,0.010738,-0.199418,0.921922,-0.121184,0.052155,-0.935728,0.271515,-9.507613,9.260642,0.032214,-0.196562,0.914441,-0.117466,0.047508,-0.935196,0.265377,-9.508773,9.260268
0,482,9.640000,commanding,0.010738,-0.199418,0.921922,-0.121184,0.050621,-0.935728,0.271515,-9.507613,9.257574,0.032214,-0.196562,0.914441,-0.117466,0.047508,-0.935196,0.265377,-9.508773,9.260268
0,483,9.660000,commanding,0.010738,-0.200951,0.921922,-0.121184,0.050621,-0.935728,0.271515,-9.507613,9.259108,0.032214,-0.196562,0.914440,-0.117466,0.047507,-0.935197,0.265377,-9.508773,9.260268
0,484,9.680000,commanding,0.010738,-0.199418,0.921922,-0.121184,0.050621,-0.935728,0.271515,-9.507613,9.262176,0.032214,-0.196562,0.914440,-0.117466,0.047507,-0.935197,0.265377,-9.508773,9.260268
0,485,9.700000,commanding,0.010738,-0.199418,0.921922,-0.121184,0.050621,-0.935728,0.271515,-9.507613,9.257574,0.032214,-0.196562,0.914440,-0.117466,0.047507,-0.935197,0.265377,-9.508773,9.261254
0,486,9.720000,commanding,0.010738,-0.199418,0.921922,-0.121184,0.050621,-0.935728,0.271515,-9.506079,9.259108,0.032214,-0.196562,0.914440,-0.117466,0.047507,-0.935197,0.265377,-9.508773,9.261802
0,487,9.740000,commanding,0.010738,-0.199418,0.921922,-0.121184,0.050621,-0.935728,0.271515,-9.507613,9.262176,0.032214,-0.196562,0.914440,-0.117466,0.047507,-0.935197,0.265377,-9.508773,9.262295
0,488,9.760000,commanding,0.010738,-0.199418,0.921922,-0.121184,0.050621,-0.935728,0.271515,-9.506079,9.260642,0.032214,-0.196562,0.914440,-0.117466,0.047507,-0.935197,0.265377,-9.508773,9.263062
0,489,9.780000,commanding,0.010738,-0.199418,0.921922,-0.121184,0.050621,-0.935728,0.271515,-9.507613,9.260642,0.032214,-0.196562,0.914440,-0.117466,0.047507,-0.935197,0.265377,-9.508773,9.263336
0,490,9.800000,commanding,0.010738,-0.199418,0.921922,-0.121184,0.050621,-0.935728,0.271515,-9.506079,9.262176,0.032400,-0.196741,0.914471,-0.117598,0.047360,-0.935151,0.265226,-9.508773,9.263336
0,491,9.820000,commanding,0.010738,-0.199418,0.921922,-0.121184,0.050621,-0.935728,0.271515,-9.507613,9.263710,0.033037,-0.197350,0.914579,-0.118052,0.046855,-0.934991,0.264708,-9.508773,9.263336
0,492,9.840000,commanding,0.010738,-0.199418,0.921922,-0.121184,0.050621,-0.935728,0.271515,-9.507613,9.263710,0.033417,-0.197542,0.914612,-0.118193,0.046698,-0.934735,0.264551,-9.508773,9.263336
0,493,9.860000,commanding,0.010738,-0.199418,0.921922,-0.121184,0.050621,-0.935728,0.271515,-9.506079,9.263710,0.032734,-0.196102,0.914356,-0.117115,0.047896,-0.934170,0.265799,-9.508773,9.263336
0,494,9.880000,commanding,0.010738,-0.199418,0.921922,-0.121184,0.050621,-0.935728,0.269981,-9.507613,9.263710,0.032255,-0.195921,0.914319,-0.116978,0.048044,-0.934614,0.265945,-9.508773,9.263336
0,495,9.900000,commanding,0.010738,-0.200951,0.921922,-0.121184,0.050621,-0.935728,0.269981,-9.507613,9.263710,0.033200,-0.197398,0.914577,-0.118077,0.046820,-0.934966,0.264675,-9.508773,9.263336
0,496,9.920000,commanding,0.010738,-0.199418,0.921922,-0.121184,0.050621,-0.935728,0.271515,-9.507613,9.263710,0.033748,-0.197246,0.914556,-0.117970,0.046942,-0.935080,0.264797,-9.508773,9.264158
0,497,9.940000,commanding,0.010738,-0.200951,0.921922,-0.121184,0.052155,-0.935728,0.271515,-9.507613,9.263710,0.033748,-0.196648,0.914455,-0.117530,0.047434,-0.935182,0.265301,-9.508773,9.264779
0,498,9.960000,commanding,0.010738,-0.200951,0.921922,-0.121184,0.050621,-0.935728,0.271515,-9.506079,9.263710,0.033748,-0.196562,0.914435,-0.117462,0.047506,-0.935264,0.265376,-9.508773,9.264090
0,499,9.980000,commanding,0.010738,-0.200951,0.921922,-0.121184,0.052155,-0.935728,0.271515,-9.507613,9.265244,0.033748,-0.196570,0.914437,-0.117465,0.047506,-0.934563,0.265388,-9.508773,9.264067
0,500,10.000000,commanding,0.010738,-0.199418,0.921922,-0.121184,0.050621,-0.935728,0.271515,-9.506079,9.265244,0.033748,-0.196560,0.914437,-0.117465,0.047504,-0.933766,0.265379,-9.508773,9.264665
0,501,10.020000,commanding,0.010738,-0.200951,0.921922,-0.121184,0.050621,-0.935728,0.271515,-9.507613,9.262176,0.033748,-0.196555,0.914435,-0.117463,0.047504,-0.934300,0.265371,-9.508773,9.264870
0,502,10.040000,commanding,0.010738,-0.199418,0.921922,-0.121184,0.050621,-0.935728,0.271515,-9.506079,9.263710,0.033748,-0.196559,0.914437,-0.117463,0.047507,-0.935065,0.265374,-9.508773,9.264870
0,503,10.060000,commanding,0.010738,-0.199418,0.921922,-0.121184,0.050621,-0.935728,0.271515,-9.506079,9.265244,0.033748,-0.196560,0.914440,-0.117465,0.047508,-0.935218,0.265375,-9.508773,9.264870
0,504,10.080000,commanding,0.010738,-0.199418,0.921922,-0.121184,0.050621,-0.935728,0.271515,-9.506079,9.265244,0.033748,-0.196559,0.914441,-0.117466,0.047507,-0.935196,0.265375,-9.508773,9.264978
0,505,10.100000,commanding,0.010738,-0.200951,0.921922,-0.121184,0.050621,-0.935728,0.271515,-9.507613,9.263710,0.033748,-0.196559,0.914441,-0.117466,0.047507,-0.935196,0.265375,-9.508773,9.265217
0,506,10.120000,commanding,0.010738,-0.199418,0.921922,-0.121184,0.050621,-0.935728,0.271515,-9.507613,9.265244,0.033748,-0.196559,0.914441,-0.117466,0.047507,-0.935196,0.265375,-9.508773,9.265496
0,507,10.140000,commanding,0.010738,-0.199418,0.921922,-0.121184,0.050621,-0.935728,0.271515,-9.507613,9.265244,0.033748,-0.196559,0.914441,-0.117466,0.047507,-0.935196,0.265375,-9.508773,9.265775
0,508,10.160000,commanding,0.010738,-0.199418,0.921922,-0.121184,0.050621,-0.935728,0.271515,-9.506079,9.265244,0.033748,-0.196559,0.914441,-0.117466,0.047507,-0.935196,0.265375,-9.508773,9.266054
0,509,10.180000,commanding,0.010738,-0.199418,0.921922,-0.121184,0.050621,-0.935728,0.271515,-9.506079,9.265244,0.033748,-0.196559,0.914441,-0.117466,0.047507,-0.935196,0.265375,-9.508773,9.266315
0,510,10.200000,commanding,0.010738,-0.199418,0.921922,-0.121184,0.050621,-0.935728,0.271515,-9.507613,9.265244,0.033748,-0.196559,0.914441,-0.117466,0.047507,-0.935196,0.265375,-9.508773,9.266404
0,511,10.220000,commanding,0.010738,-0.200951,0.921922,-0.121184,0.050621,-0.935728,0.271515,-9.506079,9.266778,0.033748,-0.196559,0.914441,-0.117466,0.047507,-0.935196,0.265375,-9.508773,9.266404
0,512,10.240000,commanding,0.010738,-0.200951,0.921922,-0.121184,0.050621,-0.935728,0.271515,-9.506079,9.266778,0.033748,-0.196559,0.914441,-0.117466,0.047507,-0.935196,0.265375,-9.508773,9.266404
0,513,10.260000,commanding,0.010738,-0.200951,0.921922,-0.121184,0.050621,-0.935728,0.271515,-9.507613,9.266778,0.033748,-0.196559,0.914441,-0.117466,0.047507,-0.935196,0.265375,-9.508773,9.266404
0,514,10.280000,commanding,0.010738,-0.199418,0.921922,-0.121184,0.050621,-0.935728,0.271515,-9.506079,9.265244,0.033748,-0.196568,0.914440,-0.117467,0.047506,-0.934525,0.265387,-9.508773,9.266404
0,515,10.300000,commanding,0.010738,-0.199418,0.921922,-0.121184,0.050621,-0.935728,0.271515,-9.507613,9.266778,0.033748,-0.196578,0.914440,-0.117468,0.047504,-0.933706,0.265401,-9.508773,9.265191
0,516,10.320000,commanding,0.010738,-0.199418,0.921922,-0.121184,0.050621,-0.935728,0.271515,-9.507613,9.266778,0.033748,-0.196575,0.914438,-0.117466,0.047505,-0.934122,0.265395,-9.508773,9.261568
0,517,10.340000,commanding,0.010738,-0.200951,0.921922,-0.121184,0.050621,-0.935728,0.271515,-9.506079,9.265244,0.033748,-0.196565,0.914437,-0.117464,0.047507,-0.935003,0.265380,-9.508773,9.257649
0,518,10.360000,commanding,0.010738,-0.199418,0.921922,-0.121184,0.050621,-0.935728,0.271515,-9.506079,9.260642,0.033748,-0.196560,0.914439,-0.117465,0.047508,-0.935234,0.265375,-9.508773,9.255068
0,519,10.380000,commanding,0.010738,-0.199418,0.921922,-0.121184,0.050621,-0.935728,0.271515,-9.506079,9.256040,0.033748,-0.196559,0.914441,-0.117466,0.047507,-0.935198,0.265375,-9.508773,9.253272
0,520,10.400000,commanding,0.010738,-0.199418,0.921922,-0.121184,0.050621,-0.935728,0.271515,-9.507613,9.254506,0.032762,-0.196574,0.914439,-0.117468,0.047505,-0.934171,0.265395,-9.508773,9.252172
0,521,10.420000,commanding,0.010738,-0.199418,0.921922,-0.121184,0.050621,-0.935728,0.271515,-9.507613,9.254506,0.032214,-0.196577,0.914436,-0.117465,0.047505,-0.934218,0.265396,-9.508773,9.248858
0,522,10.440000,commanding,0.010738,-0.199418,0.921922,-0.121184,0.050621,-0.935728,0.271515,-9.506079,9.251438,0.032214,-0.196566,0.914438,-0.117465,0.047506,-0.934970,0.265382,-9.508773,9.244744
0,523,10.460000,commanding,0.010738,-0.199418,0.921922,-0.121184,0.050621,-0.935728,0.271515,-9.506079,9.246836,0.031275,-0.196562,0.914440,-0.117466,0.047507,-0.935197,0.265378,-9.508773,9.230252
0,524,10.480000,commanding,0.010738,-0.199418,0.921922,-0.121184,0.050621,-0.935728,0.271515,-9.506079,9.246836,0.030037,-0.196561,0.914440,-0.117465,0.047507,-0.935198,0.265377,-9.508773,9.208908
0,525,10.500000,commanding,0.010738,-0.199418,0.921922,-0.121184,0.050621,-0.935728,0.271515,-9.506079,9.243768,0.030045,-0.196561,0.914440,-0.117465,0.047507,-0.935197,0.265377,-9.508773,9.185368
0,526,10.520000,commanding,0.010738,-0.199418,0.921922,-0.121184,0.050621,-0.935728,0.271515,-9.506079,9.229962,0.029971,-0.196030,0.914345,-0.117066,0.047952,-0.934699,0.265847,-9.508773,9.173198
0,527,10.540000,commanding,0.010738,-0.199418,0.921922,-0.121184,0.050621,-0.935728,0.271515,-9.507613,9.214623,0.029710,-0.195962,0.914329,-0.117009,0.048013,-0.934284,0.265919,-9.508773,9.171626
0,528,10.560000,commanding,0.010738,-0.199418,0.921922,-0.121184,0.050621,-0.935728,0.271515,-9.507613,9.208487,0.030314,-0.196806,0.914478,-0.117637,0.047316,-0.934132,0.265201,-9.508773,9.172466
0,529,10.580000,commanding,0.010738,-0.200951,0.921922,-0.121184,0.052155,-0.935728,0.271515,-9.507613,9.199283,0.031666,-0.197293,0.914565,-0.118000,0.046913,-0.934127,0.264785,-9.508773,9.173303
0,530,10.600000,commanding,0.010738,-0.199418,0.921922,-0.121184,0.050621,-0.935728,0.271515,-9.507613,9.177807,0.032354,-0.196844,0.914481,-0.117665,0.047279,-0.934908,0.265151,-9.508773,9.174986
0,531,10.620000,commanding,0.010738,-0.200951,0.921922,-0.121184,0.050621,-0.935728,0.271515,-9.506079,9.170137,0.032780,-0.196566,0.914430,-0.117458,0.047506,-0.935330,0.265378,-9.508773,9.178045
0,532,10.640000,commanding,0.010738,-0.200951,0.921922,-0.121184,0.050621,-0.935728,0.271515,-9.506079,9.179341,0.033323,-0.196565,0.914430,-0.117459,0.047506,-0.935329,0.265377,-9.508773,9.181575
0,533,10.660000,commanding,0.010738,-0.200951,0.921922,-0.121184,0.052155,-0.935728,0.271515,-9.506079,9.179341,0.033866,-0.196564,0.914430,-0.117459,0.047506,-0.935329,0.265376,-9.508773,9.185104
0,534,10.680000,commanding,0.010738,-0.199418,0.921922,-0.121184,0.050621,-0.935728,0.271515,-9.506079,9.165535,0.034409,-0.196563,0.914430,-0.117459,0.047506,-0.935329,0.265374,-9.508773,9.188634
0,535,10.700000,commanding,0.010738,-0.199418,0.921922,-0.121184,0.050621,-0.935728,0.271515,-9.507613,9.167069,0.034952,-0.196561,0.914430,-0.117459,0.047506,-0.935328,0.265373,-9.508773,9.192163
0,536,10.720000,commanding,0.010738,-0.199418,0.921922,-0.121184,0.050621,-0.935728,0.271515,-9.507613,9.183943,0.035233,-0.196559,0.914433,-0.117461,0.047506,-0.935293,0.265372,-9.508773,9.196833
0,537,10.740000,commanding,0.010738,-0.199418,0.921922,-0.121184,0.050621,-0.935728,0.271515,-9.507613,9.191613,0.035898,-0.197147,0.914542,-0.117903,0.047018,-0.935070,0.264870,-9.508773,9.212028
0,538,10.760000,commanding,0.010738,-0.200951,0.921922,-0.121184,0.050621,-0.935728,0.271515,-9.506079,9.187011,0.036610,-0.197140,0.914541,-0.117895,0.047028,-0.934223,0.264892,-9.508773,9.241674
0,539,10.780000,commanding,0.010738,-0.200951,0.921922,-0.121184,0.050621,-0.935728,0.271515,-9.506079,9.191613,0.036816,-0.196702,0.914461,-0.117567,0.047389,-0.934186,0.265265,-9.508773,9.267410
0,540,10.800000,commanding,0.010738,-0.199418,0.921922,-0.121184,0.050621,-0.935728,0.271515,-9.506079,9.208487,0.036368,-0.196126,0.914359,-0.117143,0.047859,-0.935067,0.265734,-9.508773,9.282682
0,541,10.820000,commanding,0.010738,-0.199418,0.921922,-0.121184,0.050621,-0.935728,0.271515,-9.507613,9.225360,0.035581,-0.195782,0.914302,-0.116891,0.048141,-0.935423,0.266020,-9.508773,9.282838
0,542,10.840000,commanding,0.010738,-0.199418,0.921922,-0.121184,0.050621,-0.935728,0.271515,-9.507613,9.240700,0.035166,-0.196259,0.914388,-0.117246,0.047750,-0.935274,0.265621,-9.508773,9.271964
0,543,10.860000,commanding,0.010738,-0.199418,0.921922,-0.121184,0.050621,-0.935728,0.271515,-9.507613,9.254506,0.033942,-0.196559,0.914440,-0.117465,0.047507,-0.935197,0.265375,-9.508773,9.243445
0,544,10.880000,commanding,0.010738,-0.199418,0.921922,-0.121184,0.050621,-0.935728,0.271515,-9.507613,9.266778,0.032601,-0.196561,0.914440,-0.117466,0.047507,-0.935197,0.265377,-9.508773,9.212796
0,545,10.900000,commanding,0.010738,-0.200951,0.921922,-0.121184,0.050621,-0.935728,0.271515,-9.506079,9.272914,0.032214,-0.196562,0.914440,-0.117466,0.047507,-0.935197,0.265377,-9.508773,9.192589
0,546,10.920000,commanding,0.010738,-0.200951,0.921922,-0.121184,0.050621,-0.935728,0.271515,-9.506079,9.275982,0.032214,-0.196562,0.914440,-0.117466,0.047507,-0.935197,0.265377,-9.508773,9.182804
0,547,10.940000,commanding,0.010738,-0.199418,0.921922,-0.121184,0.050621,-0.935728,0.271515,-9.507613,9.280584,0.032214,-0.196562,0.914440,-0.117466,0.047507,-0.935197,0.265377,-9.508773,9.182075
0,548,10.960000,commanding,0.010738,-0.200951,0.921922,-0.121184,0.050621,-0.935728,0.271515,-9.506079,9.279050,0.032214,-0.196562,0.914440,-0.117466,0.047507,-0.935197,0.265377,-9.508773,9.187925
0,549,10.980000,commanding,0.010738,-0.199418,0.921922,-0.121184,0.050621,-0.935728,0.271515,-9.507613,9.269846,0.034365,-0.197246,0.914561,-0.117976,0.046939,-0.935018,0.264792,-9.508773,9.207812
0,550,11.000000,commanding,0.010738,-0.199418,0.921922,-0.121184,0.050621,-0.935728,0.271515,-9.507613,9.257574,0.036919,-0.197881,0.914673,-0.118451,0.046409,-0.934850,0.264243,-9.508773,9.229854
0,551,11.020000,commanding,0.010738,-0.199418,0.921922,-0.121184,0.050621,-0.935728,0.271515,-9.507613,9.249904,0.037475,-0.196812,0.914484,-0.117656,0.047293,-0.934411,0.265158,-9.508773,9.242033
0,552,11.040000,commanding,0.010738,-0.200951,0.921922,-0.121184,0.050621,-0.935728,0.269981,-9.506079,9.245302,0.036464,-0.195472,0.914243,-0.116651,0.048407,-0.934007,0.266314,-9.508773,9.240548
0,553,11.060000,commanding,0.010738,-0.199418,0.921922,-0.121184,0.050621,-0.935728,0.269981,-9.506079,9.229962,0.035526,-0.195727,0.914287,-0.116838,0.048199,-0.934524,0.266096,-9.508773,9.234606
0,554,11.080000,commanding,0.010738,-0.200951,0.921922,-0.121184,0.050621,-0.935728,0.271515,-9.507613,9.214623,0.032773,-0.195016,0.914163,-0.116311,0.048786,-0.935472,0.266693,-9.508773,9.206761
0,555,11.100000,commanding,0.010738,-0.200951,0.921922,-0.121184,0.050621,-0.935728,0.271515,-9.507613,9.216157,0.030108,-0.194855,0.914138,-0.116194,0.048918,-0.935661,0.266829,-9.508773,9.174882
0,556,11.120000,commanding,0.010738,-0.200951,0.921922,-0.121184,0.050621,-0.935728,0.271515,-9.507613,9.223826,0.029383,-0.195374,0.914230,-0.116580,0.048491,-0.935341,0.266392,-9.508773,9.162899
0,557,11.140000,commanding,0.010738,-0.199418,0.921922,-0.121184,0.050621,-0.935728,0.271515,-9.506079,9.214623,0.029534,-0.195841,0.914313,-0.116927,0.048106,-0.934945,0.266002,-9.508773,9.161317
0,558,11.160000,commanding,0.010738,-0.199418,0.921922,-0.121184,0.050621,-0.935728,0.271515,-9.507613,9.199283,0.029785,-0.196326,0.914398,-0.117286,0.047708,-0.934534,0.265598,-9.508773,9.160815
0,559,11.180000,commanding,0.010738,-0.200951,0.921922,-0.121184,0.052155,-0.935728,0.271515,-9.507613,9.180875,0.030037,-0.196811,0.914482,-0.117644,0.047309,-0.934124,0.265193,-9.508773,9.160312
0,560,11.200000,commanding,0.010738,-0.199418,0.921922,-0.121184,0.050621,-0.935728,0.271515,-9.507613,9.167069,0.030288,-0.197296,0.914567,-0.118003,0.046910,-0.933714,0.264789,-9.508773,9.159809
0,561,11.220000,commanding,0.010738,-0.200951,0.921922,-0.121184,0.050621,-0.935728,0.271515,-9.507613,9.165535,0.030540,-0.197780,0.914651,-0.118362,0.046511,-0.933303,0.264385,-9.508773,9.159306
0,562,11.240000,commanding,0.010738,-0.200951,0.921922,-0.121184,0.050621,-0.935728,0.271515,-9.506079,9.165535,0.035449,-0.196917,0.914498,-0.117728,0.047209,-0.934574,0.265076,-9.508773,9.214117
0,563,11.260000,commanding,0.010738,-0.200951,0.921922,-0.121184,0.050621,-0.935728,0.271515,-9.507613,9.156331,0.037427,-0.195683,0.914280,-0.116806,0.048237,-0.935480,0.266134,-9.508773,9.239077
0,564,11.280000,commanding,0.010738,-0.199418,0.921922,-0.121184,0.050621,-0.935728,0.269981,-9.506079,9.150195,0.036018,-0.195600,0.914268,-0.116741,0.048313,-0.935459,0.266221,-9.508773,9.226932
0,565,11.300000,commanding,0.010738,-0.200951,0.921922,-0.121184,0.050621,-0.935728,0.269981,-9.507613,9.157865,0.034357,-0.196273,0.914389,-0.117249,0.047748,-0.935274,0.265629,-9.508773,9.212063
0,566,11.320000,commanding,0.010738,-0.199418,0.921922,-0.121184,0.050621,-0.935728,0.271515,-9.507613,9.170137,0.031565,-0.195053,0.914171,-0.116338,0.048759,-0.934913,0.266678,-9.508773,9.171518
0,567,11.340000,commanding,0.010738,-0.199418,0.921922,-0.121184,0.050621,-0.935728,0.271515,-9.507613,9.177807,0.029577,-0.194454,0.914061,-0.115884,0.049259,-0.934639,0.267203,-9.508773,9.140185
0,568,11.360000,commanding,0.010738,-0.200951,0.921922,-0.121184,0.050621,-0.935728,0.271515,-9.506079,9.180875,0.029146,-0.195857,0.914307,-0.116932,0.048095,-0.935053,0.265990,-9.508773,9.128091
0,569,11.380000,commanding,0.010738,-0.200951,0.921922,-0.121184,0.052155,-0.935728,0.269981,-9.506079,9.187011,0.029501,-0.196901,0.914497,-0.117716,0.047226,-0.935152,0.265087,-9.508773,9.124280
0,570,11.400000,commanding,0.010738,-0.200951,0.921922,-0.121184,0.052155,-0.935728,0.271515,-9.506079,9.188545,0.030487,-0.197694,0.914639,-0.118307,0.046570,-0.934901,0.264414,-9.508773,9.127652
0,571,11.420000,commanding,0.010738,-0.200951,0.921922,-0.121184,0.050621,-0.935728,0.271515,-9.506079,9.187011,0.031714,-0.198031,0.914698,-0.118557,0.046292,-0.934813,0.264130,-9.508773,9.139219
0,572,11.440000,commanding,0.010738,-0.199418,0.921922,-0.121184,0.050621,-0.935728,0.269981,-9.506079,9.179341,0.034453,-0.198977,0.914863,-0.119258,0.045511,-0.934565,0.263329,-9.508773,9.165800
0,573,11.460000,commanding,0.010738,-0.200951,0.921922,-0.121184,0.052155,-0.935728,0.269981,-9.507613,9.170137,0.036893,-0.199500,0.914955,-0.119647,0.045075,-0.934427,0.262881,-9.508773,9.197951
0,574,11.480000,commanding,0.010738,-0.200951,0.921922,-0.121184,0.050621,-0.935728,0.269981,-9.506079,9.159399,0.038060,-0.197781,0.914653,-0.118364,0.046509,-0.934882,0.264364,-9.508773,9.218372
0,575,11.500000,commanding,0.010738,-0.200951,0.921922,-0.121184,0.050621,-0.932660,0.269981,-9.507613,9.150195,0.038350,-0.196668,0.914456,-0.117533,0.047436,-0.935176,0.265325,-9.508773,9.227911
0,576,11.520000,commanding,0.010738,-0.200951,0.921922,-0.121184,0.050621,-0.932660,0.268447,-9.506079,9.150195,0.036807,-0.195827,0.914310,-0.116917,0.048117,-0.935390,0.266010,-9.508773,9.217748
0,577,11.540000,commanding,0.010738,-0.200951,0.921922,-0.121184,0.050621,-0.932660,0.269981,-9.506079,9.154797,0.034904,-0.195200,0.914200,-0.116457,0.048625,-0.935550,0.266522,-9.508773,9.199063
0,578,11.560000,commanding,0.010738,-0.200951,0.921922,-0.121184,0.050621,-0.932660,0.269981,-9.507613,9.156331,0.033276,-0.195088,0.914180,-0.116372,0.048720,-0.935580,0.266621,-9.508773,9.178290
0,579,11.580000,commanding,0.010738,-0.200951,0.921922,-0.121184,0.050621,-0.932660,0.269981,-9.507613,9.156331,0.032385,-0.195570,0.914264,-0.116724,0.048330,-0.934898,0.266233,-9.508773,9.164055
0,580,11.600000,commanding,0.010738,-0.200951,0.921922,-0.121184,0.050621,-0.932660,0.269981,-9.506079,9.168603,0.032214,-0.196310,0.914389,-0.117269,0.047722,-0.934602,0.265613,-9.508773,9.160470
0,581,11.620000,commanding,0.010738,-0.200951,0.921922,-0.121184,0.050621,-0.932660,0.269981,-9.506079,9.182409,0.032845,-0.197171,0.914542,-0.117912,0.047007,-0.934874,0.264869,-9.508773,9.164649
0,582,11.640000,commanding,0.010738,-0.200951,0.921922,-0.121184,0.050621,-0.932660,0.269981,-9.506079,9.180875,0.033741,-0.197752,0.914647,-0.118348,0.046524,-0.934911,0.264367,-9.508773,9.169822
0,583,11.660000,commanding,0.010738,-0.200951,0.921922,-0.121184,0.050621,-0.932660,0.269981,-9.507613,9.170137,0.034390,-0.197724,0.914642,-0.118328,0.046546,-0.934921,0.264390,-9.508773,9.173294
0,584,11.680000,commanding,0.010738,-0.200951,0.921922,-0.121184,0.050621,-0.932660,0.269981,-9.506079,9.171671,0.034928,-0.197465,0.914595,-0.118135,0.046759,-0.935011,0.264607,-9.508773,9.176254
0,585,11.700000,commanding,0.010738,-0.200951,0.921922,-0.121184,0.050621,-0.932660,0.269981,-9.506079,9.174739,0.035466,-0.197206,0.914548,-0.117942,0.046971,-0.935102,0.264824,-9.508773,9.179214
0,586,11.720000,commanding,0.010738,-0.200951,0.921922,-0.121184,0.050621,-0.932660,0.269981,-9.506079,9.170137,0.036005,-0.196946,0.914501,-0.117749,0.047184,-0.935192,0.265040,-9.508773,9.182175
0,587,11.740000,commanding,0.010738,-0.200951,0.921922,-0.121184,0.050621,-0.932660,0.269981,-9.507613,9.168603,0.036543,-0.196686,0.914454,-0.117556,0.047396,-0.935282,0.265256,-9.508773,9.185135
0,588,11.760000,commanding,0.010738,-0.200951,0.921922,-0.121184,0.050621,-0.932660,0.269981,-9.506079,9.182409,0.036506,-0.196295,0.914392,-0.117273,0.047716,-0.935309,0.265582,-9.508773,9.200278
0,589,11.780000,commanding,0.010738,-0.200951,0.921922,-0.121184,0.050621,-0.932660,0.269981,-9.506079,9.188545,0.034195,-0.194996,0.914163,-0.116300,0.048798,-0.935045,0.266709,-9.508773,9.190371
0,590,11.800000,commanding,0.010738,-0.200951,0.921922,-0.121184,0.050621,-0.932660,0.269981,-9.507613,9.179341,0.032488,-0.195276,0.914209,-0.116505,0.048569,-0.934140,0.266482,-9.508773,9.171828
0,591,11.820000,commanding,0.010738,-0.200951,0.921922,-0.121184,0.050621,-0.932660,0.269981,-9.506079,9.183943,0.032214,-0.196280,0.914386,-0.117255,0.047735,-0.934269,0.265615,-9.508773,9.164411
0,592,11.840000,commanding,0.010738,-0.200951,0.921922,-0.121184,0.050621,-0.932660,0.269981,-9.506079,9.196215,0.032564,-0.196561,0.914436,-0.117463,0.047507,-0.935026,0.265376,-9.508773,9.165491
0,593,11.860000,commanding,0.010738,-0.200951,0.921922,-0.121184,0.050621,-0.932660,0.269981,-9.506079,9.193147,0.033394,-0.196561,0.914440,-0.117465,0.047508,-0.935224,0.265376,-9.508773,9.170709
0,594,11.880000,commanding,0.010738,-0.200951,0.921922,-0.121184,0.050621,-0.932660,0.269981,-9.507613,9.174739,0.036011,-0.197891,0.914673,-0.118453,0.046408,-0.934541,0.264251,-9.508773,9.187470
0,595,11.900000,commanding,0.010738,-0.200951,0.921922,-0.121184,0.050621,-0.932660,0.269981,-9.506079,9.171671,0.038005,-0.197305,0.914565,-0.118013,0.046894,-0.933842,0.264757,-9.508773,9.205699
0,596,11.920000,commanding,0.010738,-0.200951,0.921922,-0.121184,0.050621,-0.932660,0.269981,-9.506079,9.177807,0.039235,-0.196571,0.914435,-0.117463,0.047506,-0.934585,0.265387,-9.508773,9.232664
0,597,11.940000,commanding,0.010738,-0.200951,0.921922,-0.119651,0.050621,-0.932660,0.269981,-9.506079,9.173205,0.039625,-0.196389,0.914408,-0.117331,0.047658,-0.935210,0.265544,-9.508773,9.246127
0,598,11.960000,commanding,0.010738,-0.200951,0.921922,-0.121184,0.050621,-0.932660,0.269981,-9.506079,9.160933,0.038315,-0.195069,0.914176,-0.116350,0.048748,-0.935587,0.266666,-9.508773,9.236196
0,599,11.980000,commanding,0.010738,-0.200951,0.921922,-0.121184,0.050621,-0.932660,0.269981,-9.507613,9.168603,0.035916,-0.193907,0.913968,-0.115481,0.049707,-0.935217,0.267658,-9.508773,9.214622
0,600,12.000000,commanding,0.010738,-0.200951,0.921922,-0.121184,0.050621,-0.932660,0.269981,-9.506079,9.188545,0.033342,-0.194440,0.914057,-0.115877,0.049263,-0.935289,0.267194,-9.508773,9.180733
0,601,12.020000,commanding,0.010738,-0.199418,0.921922,-0.121184,0.050621,-0.932660,0.269981,-9.506079,9.197749,0.032292,-0.195614,0.914268,-0.116752,0.048298,-0.934732,0.266204,-9.508773,9.157620
0,602,12.040000,commanding,0.010738,-0.200951,0.921922,-0.121184,0.050621,-0.932660,0.269981,-9.506079,9.200817,0.032214,-0.196368,0.914404,-0.117319,0.047669,-0.933801,0.265556,-9.508773,9.148833
0,603,12.060000,commanding,0.010738,-0.200951,0.921922,-0.121184,0.050621,-0.932660,0.269981,-9.507613,9.206953,0.032888,-0.197206,0.914550,-0.117944,0.046971,-0.934156,0.264829,-9.508773,9.150800
0,604,12.080000,commanding,0.010738,-0.200951,0.921922,-0.119651,0.050621,-0.932660,0.269981,-9.506079,9.214623,0.034490,-0.198304,0.914743,-0.118757,0.046067,-0.934631,0.263897,-9.508773,9.162240
0,605,12.100000,commanding,0.010738,-0.200951,0.921922,-0.121184,0.050621,-0.932660,0.269981,-9.506079,9.210021,0.036608,-0.198864,0.914842,-0.119170,0.045610,-0.934619,0.263437,-9.508773,9.182246
0,606,12.120000,commanding,0.010738,-0.200951,0.921922,-0.119651,0.050621,-0.932660,0.269981,-9.507613,9.202351,0.038486,-0.198368,0.914755,-0.118799,0.046025,-0.934192,0.263873,-9.508773,9.212197
0,607,12.140000,commanding,0.010738,-0.200951,0.921922,-0.119651,0.050621,-0.932660,0.269981,-9.506079,9.202351,0.039599,-0.197785,0.914652,-0.118369,0.046500,-0.933787,0.264359,-9.508773,9.240797
0,608,12.160000,commanding,0.010738,-0.200951,0.921922,-0.119651,0.050621,-0.932660,0.269981,-9.507613,9.200817,0.039884,-0.196956,0.914501,-0.117748,0.047188,-0.934728,0.265062,-9.508773,9.261590
0,609,12.180000,commanding,0.010738,-0.200951,0.921922,-0.119651,0.050621,-0.932660,0.269981,-9.506079,9.185477,0.039884,-0.196572,0.914433,-0.117462,0.047506,-0.935089,0.265387,-9.508773,9.269303
0,610,12.200000,commanding,0.010738,-0.200951,0.921922,-0.119651,0.050621,-0.932660,0.269981,-9.507613,9.179341,0.039884,-0.196568,0.914435,-0.117464,0.047505,-0.934744,0.265384,-9.508773,9.271273
0,611,12.220000,commanding,0.010738,-0.200951,0.921922,-0.119651,0.050621,-0.932660,0.269981,-9.507613,9.190079,0.039884,-0.196563,0.914438,-0.117465,0.047505,-0.934398,0.265381,-9.508773,9.273243
0,612,12.240000,commanding,0.010738,-0.200951,0.921922,-0.119651,0.050621,-0.932660,0.269981,-9.506079,9.197749,0.039884,-0.196559,0.914440,-0.117467,0.047504,-0.934053,0.265377,-9.508773,9.275214
0,613,12.260000,commanding,0.010738,-0.200951,0.921922,-0.121184,0.050621,-0.932660,0.269981,-9.506079,9.194681,0.039884,-0.196554,0.914443,-0.117469,0.047504,-0.933708,0.265374,-9.508773,9.277184
0,614,12.280000,commanding,0.010738,-0.200951,0.921922,-0.121184,0.050621,-0.932660,0.269981,-9.506079,9.206953,0.035941,-0.196557,0.914441,-0.117467,0.047506,-0.934621,0.265375,-9.508773,9.249811
0,615,12.300000,commanding,0.010738,-0.200951,0.921922,-0.119651,0.050621,-0.932660,0.269981,-9.506079,9.229962,0.033748,-0.196560,0.914440,-0.117465,0.047507,-0.935197,0.265376,-9.508773,9.221377
0,616,12.320000,commanding,0.010738,-0.200951,0.921922,-0.119651,0.050621,-0.932660,0.269981,-9.507613,9.245302,0.033748,-0.196560,0.914440,-0.117465,0.047507,-0.935197,0.265376,-9.508773,9.208663
0,617,12.340000,commanding,0.010738,-0.200951,0.921922,-0.119651,0.050621,-0.932660,0.269981,-9.506079,9.248370,0.033748,-0.196560,0.914440,-0.117465,0.047507,-0.935197,0.265376,-9.508773,9.202373
0,618,12.360000,commanding,0.010738,-0.200951,0.921922,-0.119651,0.050621,-0.932660,0.269981,-9.506079,9.254506,0.033748,-0.196560,0.914440,-0.117465,0.047507,-0.935197,0.265376,-9.508773,9.202641
0,619,12.380000,commanding,0.010738,-0.200951,0.921922,-0.119651,0.050621,-0.932660,0.269981,-9.507613,9.262176,0.034371,-0.197156,0.914545,-0.117909,0.047014,-0.935041,0.264869,-9.508773,9.206459
0,620,12.400000,commanding,0.010738,-0.200951,0.921922,-0.119651,0.050621,-0.932660,0.269981,-9.506079,9.257574,0.035080,-0.197152,0.914545,-0.117907,0.047016,-0.935042,0.264869,-9.508773,9.209041
0,621,12.420000,commanding,0.010738,-0.200951,0.921922,-0.119651,0.050621,-0.932660,0.269981,-9.506079,9.251438,0.035282,-0.196702,0.914466,-0.117574,0.047386,-0.935159,0.265248,-9.508773,9.209647
0,622,12.440000,commanding,0.010738,-0.200951,0.921922,-0.119651,0.050621,-0.932660,0.269981,-9.506079,9.246836,0.035282,-0.196558,0.914440,-0.117466,0.047506,-0.934952,0.265375,-9.508773,9.209647
0,623,12.460000,commanding,0.010738,-0.200951,0.921922,-0.119651,0.050621,-0.932660,0.269981,-9.506079,9.236098,0.035282,-0.196569,0.914439,-0.117467,0.047505,-0.934118,0.265389,-9.508773,9.209647
0,624,12.480000,commanding,0.010738,-0.200951,0.921922,-0.119651,0.050621,-0.932660,0.269981,-9.506079,9.213089,0.035282,-0.196565,0.914433,-0.117462,0.047505,-0.934756,0.265380,-9.508773,9.209647
0,625,12.500000,commanding,0.010738,-0.200951,0.921922,-0.119651,0.050621,-0.932660,0.269981,-9.506079,9.210021,0.035282,-0.196560,0.914431,-0.117459,0.047506,-0.935322,0.265372,-9.508773,9.209647
0,626,12.520000,commanding,0.010738,-0.200951,0.921922,-0.119651,0.050621,-0.932660,0.269981,-9.506079,9.219225,0.035282,-0.196557,0.914435,-0.117462,0.047506,-0.935258,0.265371,-9.508773,9.209647
0,627,12.540000,commanding,0.010738,-0.200951,0.921922,-0.119651,0.050621,-0.932660,0.269981,-9.506079,9.213089,0.035282,-0.196556,0.914439,-0.117465,0.047506,-0.935207,0.265371,-9.508773,9.209647
0,628,12.560000,commanding,0.010738,-0.200951,0.921922,-0.119651,0.050621,-0.932660,0.269981,-9.506079,9.202351,0.035282,-0.196555,0.914440,-0.117465,0.047506,-0.935197,0.265371,-9.508773,9.209647
0,629,12.580000,commanding,0.010738,-0.200951,0.921922,-0.119651,0.050621,-0.932660,0.269981,-9.506079,9.205419,0.035282,-0.196555,0.914440,-0.117465,0.047506,-0.935197,0.265371,-9.508773,9.210304
0,630,12.600000,commanding,0.010738,-0.200951,0.921922,-0.119651,0.050621,-0.932660,0.269981,-9.507613,9.213089,0.035282,-0.196555,0.914440,-0.117465,0.047506,-0.935197,0.265371,-9.508773,9.210999
0,631,12.620000,commanding,0.010738,-0.200951,0.921922,-0.119651,0.050621,-0.932660,0.269981,-9.506079,9.206953,0.035282,-0.196555,0.914440,-0.117465,0.047506,-0.935197,0.265371,-9.508773,9.211181
0,632,12.640000,commanding,0.010738,-0.200951,0.921922,-0.119651,0.050621,-0.932660,0.269981,-9.507613,9.205419,0.035282,-0.196564,0.914440,-0.117466,0.047505,-0.934486,0.265383,-9.508773,9.211181
0,633,12.660000,commanding,0.010738,-0.200951,0.921922,-0.119651,0.050621,-0.932660,0.269981,-9.506079,9.213089,0.035282,-0.196567,0.914435,-0.117464,0.047505,-0.934485,0.265384,-9.508773,9.211181
0,634,12.680000,commanding,0.010738,-0.200951,0.921922,-0.119651,0.050621,-0.932660,0.269981,-9.506079,9.214623,0.035282,-0.196561,0.914434,-0.117462,0.047505,-0.935066,0.265375,-9.508773,9.211181
0,635,12.700000,commanding,0.010738,-0.200951,0.921922,-0.119651,0.050621,-0.932660,0.269981,-9.506079,9.203885,0.035282,-0.196557,0.914438,-0.117464,0.047506,-0.935182,0.265372,-9.508773,9.211181
0,636,12.720000,commanding,0.010738,-0.200951,0.921922,-0.119651,0.050621,-0.932660,0.269981,-9.506079,9.205419,0.035282,-0.196559,0.914440,-0.117466,0.047506,-0.934933,0.265376,-9.508773,9.211181
0,637,12.740000,commanding,0.010738,-0.200951,0.921922,-0.119651,0.050621,-0.932660,0.269981,-9.507613,9.216157,0.035282,-0.196563,0.914440,-0.117466,0.047505,-0.934619,0.265381,-9.508773,9.211181
0,638,12.760000,commanding,0.010738,-0.200951,0.921922,-0.119651,0.050621,-0.932660,0.269981,-9.507613,9.213089,0.035282,-0.196567,0.914439,-0.117467,0.047505,-0.934306,0.265386,-9.508773,9.211181
0,639,12.780000,commanding,0.010738,-0.200951,0.921922,-0.119651,0.050621,-0.932660,0.269981,-9.506079,9.203885,0.035282,-0.196570,0.914439,-0.117467,0.047504,-0.933993,0.265391,-9.508773,9.211181
0,640,12.800000,commanding,0.010738,-0.200951,0.921922,-0.119651,0.050621,-0.932660,0.269981,-9.507613,9.206953,0.035282,-0.196574,0.914439,-0.117468,0.047504,-0.933679,0.265397,-9.508773,9.211181
0,641,12.820000,commanding,0.010738,-0.200951,0.921922,-0.119651,0.050621,-0.932660,0.269981,-9.507613,9.216157,0.035282,-0.196576,0.914439,-0.117468,0.047504,-0.933567,0.265399,-9.508773,9.211123
0,642,12.840000,commanding,0.010738,-0.200951,0.921922,-0.119651,0.050621,-0.932660,0.269981,-9.507613,9.213089,0.035282,-0.196566,0.914433,-0.117462,0.047505,-0.934699,0.265382,-9.508773,9.210163
0,643,12.860000,commanding,0.010738,-0.200951,0.921922,-0.119651,0.050621,-0.932660,0.269981,-9.507613,9.203885,0.035282,-0.196558,0.914435,-0.117462,0.047506,-0.935261,0.265371,-9.508773,9.210436
0,644,12.880000,commanding,0.010738,-0.200951,0.921922,-0.119651,0.050621,-0.932660,0.269981,-9.507613,9.206953,0.035282,-0.196566,0.914439,-0.117466,0.047505,-0.934408,0.265385,-9.508773,9.211072
0,645,12.900000,commanding,0.010738,-0.200951,0.921922,-0.119651,0.050621,-0.932660,0.269981,-9.507613,9.214623,0.035282,-0.196569,0.914436,-0.117465,0.047505,-0.934308,0.265387,-9.508773,9.211181
0,646,12.920000,commanding,0.010738,-0.200951,0.921922,-0.119651,0.050621,-0.932660,0.269981,-9.506079,9.210021,0.035282,-0.196561,0.914435,-0.117462,0.047505,-0.934994,0.265376,-9.508773,9.211181
0,647,12.940000,commanding,0.010738,-0.200951,0.921922,-0.119651,0.050621,-0.932660,0.269981,-9.507613,9.205419,0.035282,-0.196556,0.914438,-0.117464,0.047506,-0.935222,0.265371,-9.508773,9.211181
0,648,12.960000,commanding,0.010738,-0.200951,0.921922,-0.119651,0.050621,-0.932660,0.269981,-9.506079,9.211555,0.035282,-0.196555,0.914440,-0.117465,0.047506,-0.935197,0.265371,-9.508773,9.211181
0,649,12.980000,commanding,0.010738,-0.200951,0.921922,-0.119651,0.050621,-0.932660,0.269981,-9.506079,9.214623,0.035282,-0.196555,0.914440,-0.117465,0.047506,-0.935197,0.265371,-9.508773,9.211181
0,650,13.000000,commanding,0.010738,-0.200951,0.921922,-0.119651,0.050621,-0.932660,0.269981,-9.507613,9.208487,0.035282,-0.196555,0.914440,-0.117465,0.047506,-0.935197,0.265371,-9.508773,9.211181
0,651,13.020000,commanding,0.010738,-0.200951,0.921922,-0.119651,0.050621,-0.932660,0.269981,-9.507613,9.205419,0.035282,-0.196555,0.914440,-0.117465,0.047506,-0.935197,0.265371,-9.508773,9.211181
0,652,13.040000,commanding,0.010738,-0.200951,0.921922,-0.119651,0.050621,-0.932660,0.269981,-9.507613,9.211555,0.035282,-0.196555,0.914440,-0.117465,0.047506,-0.935197,0.265371,-9.508773,9.211181
0,653,13.060000,commanding,0.010738,-0.200951,0.921922,-0.119651,0.050621,-0.932660,0.269981,-9.506079,9.214623,0.035282,-0.196555,0.914440,-0.117465,0.047506,-0.935197,0.265371,-9.508773,9.211181
0,654,13.080000,commanding,0.010738,-0.200951,0.921922,-0.119651,0.050621,-0.932660,0.269981,-9.506079,9.205419,0.035676,-0.195985,0.914340,-0.117044,0.047974,-0.935344,0.265848,-9.508773,9.211181
0,655,13.100000,commanding,0.010738,-0.200951,0.921922,-0.119651,0.050621,-0.932660,0.269981,-9.507613,9.205419,0.035501,-0.196165,0.914372,-0.117177,0.047826,-0.935298,0.265698,-9.508773,9.211181
0,656,13.120000,commanding,0.010738,-0.200951,0.921922,-0.119651,0.050621,-0.932660,0.269981,-9.506079,9.214623,0.035282,-0.196515,0.914433,-0.117435,0.047539,-0.935207,0.265405,-9.508773,9.211181
0,657,13.140000,commanding,0.010738,-0.200951,0.921922,-0.119651,0.050621,-0.932660,0.269981,-9.506079,9.214623,0.035282,-0.196555,0.914440,-0.117465,0.047506,-0.935197,0.265371,-9.508773,9.211181
0,658,13.160000,commanding,0.010738,-0.200951,0.921922,-0.119651,0.050621,-0.932660,0.269981,-9.506079,9.203885,0.035282,-0.196555,0.914440,-0.117465,0.047506,-0.935197,0.265371,-9.508773,9.211181
0,659,13.180000,commanding,0.010738,-0.200951,0.921922,-0.119651,0.050621,-0.932660,0.269981,-9.506079,9.206953,0.035282,-0.196555,0.914440,-0.117465,0.047506,-0.935197,0.265371,-9.508773,9.211181
0,660,13.200000,commanding,0.010738,-0.200951,0.921922,-0.118117,0.050621,-0.932660,0.269981,-9.506079,9.216157,0.035282,-0.196562,0.914440,-0.117466,0.047505,-0.934638,0.265381,-9.508773,9.211181
0,661,13.220000,commanding,0.010738,-0.200951,0.921922,-0.119651,0.050621,-0.932660,0.269981,-9.506079,9.213089,0.035348,-0.196574,0.914439,-0.117468,0.047504,-0.933843,0.265396,-9.508773,9.211181
0,662,13.240000,commanding,0.010738,-0.200951,0.921922,-0.119651,0.050621,-0.932660,0.269981,-9.507613,9.203885,0.035549,-0.196579,0.914440,-0.117468,0.047505,-0.933760,0.265402,-9.508773,9.211181
0,663,13.260000,commanding,0.010738,-0.200951,0.921922,-0.119651,0.050621,-0.932660,0.269981,-9.506079,9.208487,0.035804,-0.196582,0.914440,-0.117468,0.047506,-0.934050,0.265403,-9.508773,9.211181
0,664,13.280000,commanding,0.010738,-0.200951,0.921922,-0.119651,0.050621,-0.932660,0.269981,-9.507613,9.216157,0.036060,-0.196584,0.914441,-0.117468,0.047507,-0.934340,0.265405,-9.508773,9.211181
0,665,13.300000,commanding,0.010738,-0.200951,0.921922,-0.118117,0.050621,-0.932660,0.269981,-9.507613,9.211555,0.036316,-0.196586,0.914441,-0.117468,0.047508,-0.934630,0.265406,-9.508773,9.211181
0,666,13.320000,commanding,0.010738,-0.200951,0.921922,-0.118117,0.050621,-0.932660,0.269981,-9.507613,9.203885,0.036571,-0.196588,0.914441,-0.117469,0.047509,-0.934920,0.265407,-9.508773,9.211181
0,667,13.340000,commanding,0.010738,-0.200951,0.921922,-0.119651,0.050621,-0.932660,0.269981,-9.506079,9.208487,0.036761,-0.196589,0.914442,-0.117469,0.047510,-0.935135,0.265408,-9.508773,9.211181
0,668,13.360000,commanding,0.010738,-0.200951,0.921922,-0.119651,0.050621,-0.932660,0.269981,-9.507613,9.216157,0.035971,-0.196571,0.914442,-0.117467,0.047508,-0.935196,0.265388,-9.508773,9.211181
0,669,13.380000,commanding,0.010738,-0.200951,0.921922,-0.119651,0.050621,-0.932660,0.269981,-9.507613,9.208487,0.035360,-0.196557,0.914441,-0.117466,0.047507,-0.935195,0.265372,-9.508773,9.211181
0,670,13.400000,commanding,0.010738,-0.200951,0.921922,-0.118117,0.050621,-0.932660,0.269981,-9.507613,9.205419,0.035282,-0.196555,0.914441,-0.117466,0.047507,-0.935195,0.265370,-9.508773,9.211181
0,671,13.420000,commanding,0.010738,-0.200951,0.921922,-0.118117,0.050621,-0.932660,0.269981,-9.506079,9.213089,0.031754,-0.123918,0.704316,-0.035035,-0.025360,-0.716328,0.179041,-9.203665,8.935832
0,672,13.440000,commanding,0.010738,-0.200951,0.921922,-0.118117,0.050621,-0.932660,0.269981,-9.506079,9.214623,0.028226,-0.050562,0.516387,0.043234,-0.094852,-0.523532,0.095561,-8.898556,8.660482
0,673,13.460000,commanding,0.010738,-0.200951,0.921922,-0.118117,0.050621,-0.932660,0.269981,-9.506079,9.205419,0.024697,0.023966,0.345482,0.118436,-0.161953,-0.349939,0.012961,-8.593447,8.385133
0,674,13.480000,commanding,0.010738,-0.199418,0.920388,-0.118117,0.050621,-0.932660,0.268447,-9.501477,9.200817,0.021169,0.100094,0.187763,0.191479,-0.227480,-0.190784,-0.069948,-8.288338,8.109783
0,675,13.500000,commanding,0.010738,-0.197884,0.914253,-0.116583,0.047553,-0.929592,0.263845,-9.492273,9.205419,0.017641,0.178286,0.040190,0.263155,-0.292152,-0.042481,-0.154061,-7.983229,7.834433
0,676,13.520000,commanding,0.010738,-0.190214,0.905049,-0.111981,0.042951,-0.920388,0.254641,-9.481535,9.191613,0.014113,0.259091,-0.099764,0.334190,-0.356637,0.097845,-0.240200,-7.678121,7.559084
0,677,13.540000,commanding,0.010738,-0.179476,0.892777,-0.099709,0.032214,-0.906583,0.239301,-9.467729,9.162467,0.010585,0.343197,-0.234311,0.405288,-0.421591,0.232640,-0.329247,-7.373012,7.283734
0,678,13.560000,commanding,0.010738,-0.164136,0.875903,-0.085903,0.018408,-0.889709,0.220893,-9.447788,9.137924,0.007056,0.431520,-0.365518,0.477168,-0.487698,0.364145,-0.422266,-7.067903,7.008385
