run,tick,t_s,phase,body_yaw_present_rad,leg1_present_rad,leg2_present_rad,leg3_present_rad,leg4_present_rad,leg5_present_rad,leg6_present_rad,antenna_right_present_rad,antenna_left_present_rad,body_yaw_goal_rad,leg1_goal_rad,leg2_goal_rad,leg3_goal_rad,leg4_goal_rad,leg5_goal_rad,leg6_goal_rad,antenna_right_goal_rad,antenna_left_goal_rad
0,0,0.000000,commanding,-0.032214,-0.173340,0.929592,-0.119651,0.087437,-1.006291,0.214757,-3.048020,3.041884,,,,,,,,,
0,1,0.020000,commanding,-0.032214,-0.173340,0.929592,-0.119651,0.087437,-1.006291,0.214757,-3.048020,3.041884,,,,,,,,,
0,2,0.040000,commanding,-0.032214,-0.173340,0.929592,-0.119651,0.087437,-1.006291,0.214757,-3.048020,3.041884,,,,,,,,,
0,3,0.060000,commanding,-0.032214,-0.173340,0.929592,-0.119651,0.087437,-1.006291,0.214757,-3.048020,3.041884,,,,,,,,,
0,4,0.080000,commanding,-0.032214,-0.173340,0.929592,-0.119651,0.087437,-1.006291,0.214757,-3.048020,3.041884,,,,,,,,,
0,5,0.100000,commanding,-0.032214,-0.173340,0.929592,-0.119651,0.087437,-1.006291,0.214757,-3.048020,3.041884,,,,,,,,,
0,6,0.120000,commanding,-0.032214,-0.173340,0.929592,-0.119651,0.087437,-1.006291,0.214757,-3.048020,3.041884,,,,,,,,,
0,7,0.140000,commanding,-0.032214,-0.173340,0.929592,-0.119651,0.087437,-1.006291,0.214757,-3.048020,3.041884,,,,,,,,,
0,8,0.160000,commanding,-0.032214,-0.173340,0.929592,-0.119651,0.087437,-1.006291,0.214757,-3.048020,3.041884,,,,,,,,,
0,9,0.180000,commanding,-0.032214,-0.174874,0.929592,-0.119651,0.087437,-1.006291,0.214757,-3.048020,3.041884,,,,,,,,,
0,10,0.200000,commanding,-0.032214,-0.173340,0.929592,-0.119651,0.087437,-1.006291,0.214757,-3.048020,3.041884,,,,,,,,,
0,11,0.220000,commanding,-0.032214,-0.173340,0.929592,-0.119651,0.087437,-1.006291,0.214757,-3.048020,3.041884,,,,,,,,,
0,12,0.240000,commanding,-0.032214,-0.174874,0.929592,-0.119651,0.087437,-1.006291,0.214757,-3.048020,3.041884,,,,,,,,,
0,13,0.260000,commanding,-0.032214,-0.173340,0.929592,-0.119651,0.087437,-1.006291,0.214757,-3.048020,3.041884,,,,,,,,,
0,14,0.280000,commanding,-0.032214,-0.173340,0.929592,-0.119651,0.087437,-1.006291,0.214757,-3.048020,3.041884,,,,,,,,,
0,15,0.300000,commanding,-0.032214,-0.173340,0.929592,-0.119651,0.087437,-1.006291,0.214757,-3.048020,3.041884,,,,,,,,,
0,16,0.320000,commanding,-0.032214,-0.173340,0.929592,-0.119651,0.087437,-1.006291,0.214757,-3.048020,3.041884,,,,,,,,,
0,17,0.340000,commanding,-0.032214,-0.173340,0.929592,-0.119651,0.087437,-1.006291,0.214757,-3.048020,3.041884,,,,,,,,,
0,18,0.360000,commanding,-0.032214,-0.173340,0.929592,-0.119651,0.087437,-1.006291,0.214757,-3.048020,3.041884,,,,,,,,,
0,19,0.380000,commanding,-0.032214,-0.173340,0.929592,-0.119651,0.087437,-1.006291,0.214757,-3.048020,3.041884,,,,,,,,,
0,20,0.400000,commanding,-0.032214,-0.173340,0.929592,-0.119651,0.087437,-1.006291,0.214757,-3.048020,3.041884,,,,,,,,,
0,21,0.420000,commanding,-0.032214,-0.173340,0.929592,-0.119651,0.087437,-1.006291,0.214757,-3.048020,3.041884,,,,,,,,,
0,22,0.440000,commanding,-0.032214,-0.173340,0.929592,-0.119651,0.087437,-1.006291,0.214757,-3.048020,3.041884,,,,,,,,,
0,23,0.460000,commanding,-0.032214,-0.173340,0.929592,-0.119651,0.087437,-1.006291,0.214757,-3.048020,3.041884,,,,,,,,,
0,24,0.480000,commanding,-0.032214,-0.173340,0.929592,-0.119651,0.087437,-1.006291,0.214757,-3.048020,3.041884,,,,,,,,,
0,25,0.500000,commanding,-0.032214,-0.173340,0.929592,-0.119651,0.087437,-1.006291,0.214757,-3.048020,3.041884,,,,,,,,,
0,26,0.520000,commanding,-0.032214,-0.173340,0.929592,-0.119651,0.087437,-1.006291,0.214757,-3.048020,3.041884,,,,,,,,,
0,27,0.540000,commanding,-0.032214,-0.173340,0.929592,-0.119651,0.087437,-1.006291,0.214757,-3.048020,3.041884,,,,,,,,,
0,28,0.560000,commanding,-0.032214,-0.173340,0.929592,-0.119651,0.087437,-1.006291,0.214757,-3.048020,3.041884,,,,,,,,,
0,29,0.580000,commanding,-0.032214,-0.173340,0.929592,-0.119651,0.087437,-1.006291,0.214757,-3.048020,3.041884,,,,,,,,,
0,30,0.600000,commanding,-0.032214,-0.173340,0.929592,-0.119651,0.087437,-1.006291,0.214757,-3.048020,3.041884,,,,,,,,,
0,31,0.620000,commanding,-0.032214,-0.173340,0.929592,-0.119651,0.087437,-1.006291,0.214757,-3.048020,3.041884,,,,,,,,,
0,32,0.640000,commanding,-0.032214,-0.173340,0.929592,-0.119651,0.087437,-1.006291,0.214757,-3.048020,3.041884,,,,,,,,,
0,33,0.660000,commanding,-0.032214,-0.173340,0.929592,-0.119651,0.087437,-1.006291,0.214757,-3.048020,3.041884,,,,,,,,,
0,34,0.680000,commanding,-0.032214,-0.173340,0.929592,-0.119651,0.087437,-1.006291,0.214757,-3.048020,3.041884,,,,,,,,,
0,35,0.700000,commanding,-0.032214,-0.173340,0.929592,-0.119651,0.087437,-1.006291,0.214757,-3.048020,3.041884,,,,,,,,,
0,36,0.720000,commanding,-0.032214,-0.173340,0.929592,-0.119651,0.087437,-1.006291,0.214757,-3.048020,3.041884,,,,,,,,,
0,37,0.740000,commanding,-0.032214,-0.173340,0.929592,-0.119651,0.087437,-1.006291,0.214757,-3.048020,3.041884,,,,,,,,,
0,38,0.760000,commanding,-0.032214,-0.173340,0.929592,-0.119651,0.087437,-1.006291,0.214757,-3.048020,3.041884,,,,,,,,,
0,39,0.780000,commanding,-0.032214,-0.173340,0.929592,-0.119651,0.087437,-1.006291,0.214757,-3.048020,3.041884,,,,,,,,,
0,40,0.800000,commanding,-0.032214,-0.174874,0.929592,-0.119651,0.087437,-1.006291,0.214757,-3.048020,3.041884,,,,,,,,,
0,41,0.820000,commanding,-0.032214,-0.173340,0.929592,-0.119651,0.087437,-1.006291,0.214757,-3.048020,3.041884,,,,,,,,,
0,42,0.840000,commanding,-0.032214,-0.173340,0.929592,-0.119651,0.087437,-1.006291,0.214757,-3.048020,3.041884,,,,,,,,,
0,43,0.860000,commanding,-0.032214,-0.173340,0.929592,-0.119651,0.087437,-1.006291,0.214757,-3.048020,3.041884,,,,,,,,,
0,44,0.880000,commanding,-0.032214,-0.173340,0.929592,-0.119651,0.087437,-1.006291,0.214757,-3.048020,3.041884,,,,,,,,,
0,45,0.900000,commanding,-0.032214,-0.173340,0.929592,-0.119651,0.087437,-1.006291,0.214757,-3.048020,3.041884,,,,,,,,,
0,46,0.920000,commanding,-0.032214,-0.173340,0.929592,-0.119651,0.087437,-1.006291,0.214757,-3.048020,3.041884,,,,,,,,,
0,47,0.940000,commanding,-0.032214,-0.173340,0.929592,-0.119651,0.087437,-1.006291,0.214757,-3.048020,3.041884,,,,,,,,,
0,48,0.960000,commanding,-0.032214,-0.173340,0.929592,-0.119651,0.087437,-1.006291,0.214757,-3.048020,3.041884,,,,,,,,,
0,49,0.980000,commanding,-0.032214,-0.173340,0.929592,-0.119651,0.087437,-1.006291,0.214757,-3.048020,3.041884,,,,,,,,,
0,50,1.000000,commanding,-0.032214,-0.173340,0.929592,-0.119651,0.087437,-1.006291,0.214757,-3.048020,3.041884,,,,,,,,,
0,51,1.020000,commanding,-0.032214,-0.173340,0.929592,-0.119651,0.087437,-1.006291,0.214757,-3.048020,3.041884,,,,,,,,,
0,52,1.040000,commanding,-0.032214,-0.173340,0.929592,-0.119651,0.087437,-1.006291,0.214757,-3.048020,3.041884,,,,,,,,,
0,53,1.060000,commanding,-0.032214,-0.173340,0.929592,-0.119651,0.087437,-1.006291,0.214757,-3.048020,3.041884,,,,,,,,,
0,54,1.080000,commanding,-0.032214,-0.173340,0.929592,-0.119651,0.087437,-1.006291,0.214757,-3.048020,3.041884,,,,,,,,,
0,55,1.100000,commanding,-0.032214,-0.173340,0.929592,-0.119651,0.087437,-1.006291,0.214757,-3.048020,3.041884,,,,,,,,,
0,56,1.120000,commanding,-0.032214,-0.173340,0.929592,-0.119651,0.087437,-1.006291,0.214757,-3.048020,3.041884,,,,,,,,,
0,57,1.140000,commanding,-0.032214,-0.173340,0.929592,-0.119651,0.087437,-1.006291,0.214757,-3.048020,3.041884,,,,,,,,,
0,58,1.160000,commanding,-0.032214,-0.173340,0.929592,-0.119651,0.087437,-1.006291,0.214757,-3.048020,3.041884,,,,,,,,,
0,59,1.180000,commanding,-0.032214,-0.173340,0.929592,-0.119651,0.087437,-1.006291,0.214757,-3.048020,3.041884,,,,,,,,,
0,60,1.200000,commanding,-0.032214,-0.173340,0.929592,-0.119651,0.087437,-1.006291,0.214757,-3.048020,3.041884,,,,,,,,,
0,61,1.220000,commanding,-0.032214,-0.173340,0.929592,-0.119651,0.087437,-1.006291,0.214757,-3.048020,3.041884,,,,,,,,,
0,62,1.240000,commanding,-0.032214,-0.173340,0.929592,-0.119651,0.087437,-1.006291,0.214757,-3.048020,3.041884,,,,,,,,,
0,63,1.260000,commanding,-0.032214,-0.173340,0.929592,-0.119651,0.087437,-1.006291,0.214757,-3.048020,3.041884,,,,,,,,,
0,64,1.280000,commanding,-0.032214,-0.173340,0.929592,-0.119651,0.087437,-1.006291,0.214757,-3.048020,3.041884,,,,,,,,,
0,65,1.300000,commanding,-0.032214,-0.173340,0.929592,-0.119651,0.087437,-1.006291,0.214757,-3.048020,3.041884,,,,,,,,,
0,66,1.320000,commanding,-0.032214,-0.173340,0.929592,-0.119651,0.087437,-1.006291,0.214757,-3.048020,3.041884,,,,,,,,,
0,67,1.340000,commanding,-0.032214,-0.173340,0.929592,-0.119651,0.087437,-1.006291,0.214757,-3.048020,3.041884,,,,,,,,,
0,68,1.360000,commanding,-0.032214,-0.173340,0.929592,-0.119651,0.087437,-1.006291,0.214757,-3.048020,3.041884,,,,,,,,,
0,69,1.380000,commanding,-0.032214,-0.173340,0.929592,-0.119651,0.087437,-1.006291,0.214757,-3.048020,3.041884,,,,,,,,,
0,70,1.400000,commanding,-0.032214,-0.173340,0.929592,-0.119651,0.087437,-1.006291,0.214757,-3.048020,3.041884,,,,,,,,,
0,71,1.420000,commanding,-0.032214,-0.173340,0.929592,-0.119651,0.087437,-1.006291,0.214757,-3.048020,3.041884,,,,,,,,,
0,72,1.440000,commanding,-0.032214,-0.173340,0.929592,-0.119651,0.087437,-1.006291,0.214757,-3.048020,3.041884,,,,,,,,,
0,73,1.460000,commanding,-0.032214,-0.173340,0.929592,-0.119651,0.087437,-1.006291,0.214757,-3.048020,3.041884,,,,,,,,,
0,74,1.480000,commanding,-0.032214,-0.173340,0.929592,-0.119651,0.087437,-1.006291,0.214757,-3.048020,3.041884,,,,,,,,,
0,75,1.500000,commanding,-0.032214,-0.173340,0.929592,-0.119651,0.087437,-1.006291,0.214757,-3.048020,3.041884,,,,,,,,,
0,76,1.520000,commanding,-0.032214,-0.173340,0.929592,-0.119651,0.087437,-1.006291,0.214757,-3.048020,3.041884,,,,,,,,,
0,77,1.540000,commanding,-0.032214,-0.173340,0.929592,-0.119651,0.087437,-1.006291,0.214757,-3.048020,3.041884,,,,,,,,,
0,78,1.560000,commanding,-0.032214,-0.173340,0.929592,-0.119651,0.087437,-1.006291,0.214757,-3.048020,3.041884,,,,,,,,,
0,79,1.580000,commanding,-0.032214,-0.173340,0.929592,-0.119651,0.087437,-1.006291,0.214757,-3.048020,3.041884,,,,,,,,,
0,80,1.600000,commanding,-0.032214,-0.174874,0.929592,-0.119651,0.087437,-1.006291,0.214757,-3.048020,3.041884,,,,,,,,,
0,81,1.620000,commanding,-0.032214,-0.173340,0.929592,-0.119651,0.087437,-1.006291,0.214757,-3.048020,3.041884,,,,,,,,,
0,82,1.640000,commanding,-0.032214,-0.173340,0.929592,-0.119651,0.087437,-1.006291,0.214757,-3.048020,3.041884,,,,,,,,,
0,83,1.660000,commanding,-0.032214,-0.174874,0.929592,-0.119651,0.087437,-1.006291,0.214757,-3.048020,3.041884,,,,,,,,,
0,84,1.680000,commanding,-0.032214,-0.173340,0.929592,-0.119651,0.087437,-1.006291,0.214757,-3.048020,3.041884,,,,,,,,,
0,85,1.700000,commanding,-0.032214,-0.173340,0.929592,-0.119651,0.087437,-1.006291,0.214757,-3.048020,3.041884,,,,,,,,,
0,86,1.720000,commanding,-0.032214,-0.173340,0.929592,-0.119651,0.087437,-1.006291,0.214757,-3.048020,3.041884,,,,,,,,,
0,87,1.740000,commanding,-0.032214,-0.173340,0.929592,-0.119651,0.087437,-1.006291,0.214757,-3.048020,3.041884,,,,,,,,,
0,88,1.760000,commanding,-0.032214,-0.173340,0.929592,-0.119651,0.087437,-1.006291,0.214757,-3.048020,3.041884,,,,,,,,,
0,89,1.780000,commanding,-0.032214,-0.173340,0.929592,-0.119651,0.087437,-1.006291,0.214757,-3.048020,3.041884,,,,,,,,,
0,90,1.800000,commanding,-0.032214,-0.173340,0.929592,-0.119651,0.087437,-1.006291,0.214757,-3.048020,3.041884,,,,,,,,,
0,91,1.820000,commanding,-0.032214,-0.173340,0.929592,-0.119651,0.087437,-1.006291,0.214757,-3.048020,3.041884,,,,,,,,,
0,92,1.840000,commanding,-0.032214,-0.173340,0.929592,-0.119651,0.087437,-1.006291,0.214757,-3.048020,3.041884,,,,,,,,,
0,93,1.860000,commanding,-0.032214,-0.173340,0.929592,-0.119651,0.087437,-1.006291,0.214757,-3.048020,3.041884,,,,,,,,,
0,94,1.880000,commanding,-0.032214,-0.173340,0.929592,-0.119651,0.087437,-1.006291,0.214757,-3.048020,3.041884,,,,,,,,,
0,95,1.900000,commanding,-0.032214,-0.173340,0.929592,-0.119651,0.087437,-1.006291,0.214757,-3.048020,3.041884,,,,,,,,,
0,96,1.920000,commanding,-0.032214,-0.173340,0.929592,-0.119651,0.087437,-1.006291,0.214757,-3.048020,3.041884,,,,,,,,,
0,97,1.940000,commanding,-0.032214,-0.173340,0.929592,-0.119651,0.087437,-1.006291,0.214757,-3.048020,3.041884,,,,,,,,,
0,98,1.960000,commanding,-0.032214,-0.174874,0.929592,-0.119651,0.087437,-1.006291,0.214757,-3.048020,3.041884,,,,,,,,,
0,99,1.980000,commanding,-0.032214,-0.173340,0.929592,-0.119651,0.087437,-1.006291,0.214757,-3.048020,3.041884,,,,,,,,,
0,100,2.000000,commanding,-0.032214,-0.173340,0.929592,-0.119651,0.087437,-1.006291,0.214757,-3.048020,3.041884,,,,,,,,,
0,101,2.020000,commanding,-0.032214,-0.173340,0.929592,-0.119651,0.087437,-1.006291,0.214757,-3.048020,3.041884,,,,,,,,,
0,102,2.040000,commanding,-0.032214,-0.173340,0.929592,-0.119651,0.087437,-1.006291,0.214757,-3.048020,3.041884,,,,,,,,,
0,103,2.060000,commanding,-0.032214,-0.173340,0.929592,-0.119651,0.087437,-1.006291,0.214757,-3.048020,3.041884,,,,,,,,,
0,104,2.080000,commanding,-0.032214,-0.173340,0.929592,-0.119651,0.087437,-1.006291,0.214757,-3.048020,3.041884,,,,,,,,,
0,105,2.100000,commanding,-0.032214,-0.173340,0.929592,-0.119651,0.087437,-1.006291,0.214757,-3.048020,3.041884,-0.032214,-0.173340,0.929592,-0.119651,0.087437,-1.006291,0.214757,-3.048020,3.041884
0,106,2.120000,commanding,-0.032214,-0.174874,0.929592,-0.119651,0.087437,-1.006291,0.214757,-3.048020,3.041884,-0.032214,-0.173340,0.929592,-0.119651,0.087437,-1.006291,0.214757,-3.048020,3.041884
0,107,2.140000,commanding,-0.032214,-0.174874,0.929592,-0.119651,0.087437,-1.004757,0.216291,-3.048020,3.041884,-0.032214,-0.173340,0.929592,-0.119651,0.087437,-1.006291,0.214757,-3.048020,3.041884
0,108,2.160000,commanding,-0.032214,-0.176408,0.934194,-0.121184,0.088971,-1.004757,0.217825,-3.048020,3.041884,-0.032214,-0.173340,0.929592,-0.119651,0.087437,-1.006291,0.214757,-3.048020,3.041884
0,109,2.180000,commanding,-0.032214,-0.179476,0.935728,-0.122718,0.090505,-1.004757,0.220893,-3.048020,3.041884,-0.032214,-0.173340,0.929592,-0.119651,0.087437,-1.006291,0.214757,-3.048020,3.041884
0,110,2.200000,commanding,-0.032214,-0.179476,0.937262,-0.122718,0.090505,-1.006291,0.220893,-3.048020,3.041884,-0.032214,-0.173340,0.929592,-0.119651,0.087437,-1.006291,0.214757,-3.048020,3.041884
0,111,2.220000,commanding,-0.032214,-0.179476,0.937262,-0.122718,0.090505,-1.004757,0.220893,-3.048020,3.041884,-0.032214,-0.173340,0.929592,-0.119651,0.087437,-1.006291,0.214757,-3.048020,3.041884
0,112,2.240000,commanding,-0.032214,-0.179476,0.938796,-0.122718,0.090505,-1.004757,0.220893,-3.048020,3.041884,-0.032214,-0.173340,0.929592,-0.119651,0.087437,-1.006291,0.214757,-3.048020,3.041884
0,113,2.260000,commanding,-0.032214,-0.179476,0.938796,-0.122718,0.090505,-1.004757,0.220893,-3.048020,3.041884,-0.032214,-0.173340,0.929592,-0.119651,0.087437,-1.006291,0.214757,-3.048020,3.041884
0,114,2.280000,commanding,-0.032214,-0.179476,0.938796,-0.122718,0.090505,-1.004757,0.220893,-3.048020,3.041884,-0.032214,-0.173340,0.929592,-0.119651,0.087437,-1.006291,0.214757,-3.048020,3.041884
0,115,2.300000,commanding,-0.032214,-0.179476,0.937262,-0.122718,0.090505,-1.004757,0.220893,-3.048020,3.041884,-0.032214,-0.173340,0.929592,-0.119651,0.087437,-1.006291,0.214757,-3.048020,3.041884
0,116,2.320000,commanding,-0.032214,-0.179476,0.938796,-0.121184,0.090505,-1.004757,0.220893,-3.048020,3.041884,-0.032214,-0.173340,0.929592,-0.119651,0.087437,-1.006291,0.214757,-3.048020,3.041884
0,117,2.340000,commanding,-0.032214,-0.179476,0.938796,-0.121184,0.090505,-1.004757,0.220893,-3.048020,3.041884,-0.032214,-0.173340,0.929592,-0.119651,0.087437,-1.006291,0.214757,-3.048020,3.041884
0,118,2.360000,commanding,-0.032214,-0.179476,0.938796,-0.121184,0.090505,-1.004757,0.220893,-3.048020,3.041884,-0.032214,-0.173340,0.929592,-0.119651,0.087437,-1.006291,0.214757,-3.048020,3.041884
0,119,2.380000,commanding,-0.032214,-0.179476,0.937262,-0.122718,0.090505,-1.004757,0.220893,-3.048020,3.041884,-0.032214,-0.173340,0.929592,-0.119651,0.087437,-1.006291,0.214757,-3.048020,3.041884
0,120,2.400000,commanding,-0.032214,-0.179476,0.938796,-0.121184,0.090505,-1.004757,0.220893,-3.048020,3.041884,-0.032214,-0.173340,0.929592,-0.119651,0.087437,-1.006291,0.214757,-3.048020,3.041884
0,121,2.420000,commanding,-0.032214,-0.179476,0.937262,-0.122718,0.090505,-1.004757,0.220893,-3.048020,3.041884,-0.032214,-0.173340,0.929592,-0.119651,0.087437,-1.006291,0.214757,-3.048020,3.041884
0,122,2.440000,commanding,-0.032214,-0.179476,0.938796,-0.121184,0.090505,-1.004757,0.220893,-3.048020,3.041884,-0.032214,-0.173340,0.929592,-0.119651,0.087437,-1.006291,0.214757,-3.048020,3.041884
0,123,2.460000,commanding,-0.032214,-0.179476,0.938796,-0.122718,0.090505,-1.004757,0.220893,-3.048020,3.041884,-0.032214,-0.173340,0.929592,-0.119651,0.087437,-1.006291,0.214757,-3.048020,3.041884
0,124,2.480000,commanding,-0.032214,-0.179476,0.938796,-0.122718,0.090505,-1.004757,0.220893,-3.048020,3.041884,-0.032214,-0.173340,0.929592,-0.119651,0.087437,-1.006291,0.214757,-3.048020,3.041884
0,125,2.500000,commanding,-0.032214,-0.179476,0.937262,-0.122718,0.090505,-1.004757,0.220893,-3.048020,3.041884,-0.032214,-0.173340,0.929592,-0.119651,0.087437,-1.006291,0.214757,-3.048020,3.041884
0,126,2.520000,commanding,-0.032214,-0.179476,0.937262,-0.122718,0.090505,-1.004757,0.220893,-3.048020,3.041884,-0.032214,-0.173340,0.929592,-0.119651,0.087437,-1.006291,0.214757,-3.048020,3.041884
0,127,2.540000,commanding,-0.032214,-0.179476,0.938796,-0.122718,0.090505,-1.004757,0.220893,-3.048020,3.041884,-0.032214,-0.173340,0.929592,-0.119651,0.087437,-1.006291,0.214757,-3.048020,3.041884
0,128,2.560000,commanding,-0.032214,-0.179476,0.938796,-0.121184,0.090505,-1.004757,0.220893,-3.048020,3.041884,-0.032214,-0.173340,0.929592,-0.119651,0.087437,-1.006291,0.214757,-3.048020,3.041884
0,129,2.580000,commanding,-0.032214,-0.179476,0.937262,-0.122718,0.090505,-1.004757,0.220893,-3.048020,3.041884,-0.032214,-0.173340,0.929592,-0.119651,0.087437,-1.006291,0.214757,-3.048020,3.041884
0,130,2.600000,commanding,-0.032214,-0.179476,0.938796,-0.122718,0.090505,-1.004757,0.220893,-3.048020,3.041884,-0.032214,-0.173340,0.929592,-0.119651,0.087437,-1.006291,0.214757,-3.048020,3.041884
0,131,2.620000,commanding,-0.032214,-0.179476,0.938796,-0.122718,0.090505,-1.004757,0.220893,-3.048020,3.041884,-0.032214,-0.173340,0.929592,-0.119651,0.087437,-1.006291,0.214757,-3.048020,3.041884
0,132,2.640000,commanding,-0.032214,-0.179476,0.938796,-0.122718,0.090505,-1.004757,0.220893,-3.048020,3.041884,-0.032214,-0.173340,0.929592,-0.119651,0.087437,-1.006291,0.214757,-3.048020,3.041884
0,133,2.660000,commanding,-0.032214,-0.179476,0.938796,-0.122718,0.090505,-1.004757,0.220893,-3.048020,3.041884,-0.032214,-0.173340,0.929592,-0.119651,0.087437,-1.006291,0.214757,-3.048020,3.041884
0,134,2.680000,commanding,-0.032214,-0.179476,0.938796,-0.122718,0.090505,-1.004757,0.220893,-3.048020,3.041884,-0.032214,-0.173340,0.929592,-0.119651,0.087437,-1.006291,0.214757,-3.048020,3.041884
0,135,2.700000,commanding,-0.032214,-0.179476,0.938796,-0.122718,0.090505,-1.004757,0.220893,-3.048020,3.041884,-0.032214,-0.173340,0.929592,-0.119651,0.087437,-1.006291,0.214757,-3.048020,3.041884
0,136,2.720000,commanding,-0.032214,-0.179476,0.938796,-0.122718,0.090505,-1.004757,0.220893,-3.048020,3.041884,-0.032214,-0.173340,0.929592,-0.119651,0.087437,-1.006291,0.214757,-3.048020,3.041884
0,137,2.740000,commanding,-0.032214,-0.179476,0.938796,-0.122718,0.090505,-1.004757,0.220893,-3.048020,3.041884,-0.032214,-0.173340,0.929592,-0.119651,0.087437,-1.006291,0.214757,-3.048020,3.041884
0,138,2.760000,commanding,-0.032214,-0.179476,0.938796,-0.122718,0.090505,-1.004757,0.220893,-3.048020,3.041884,-0.032214,-0.173340,0.929592,-0.119651,0.087437,-1.006291,0.214757,-3.048020,3.041884
0,139,2.780000,commanding,-0.032214,-0.179476,0.938796,-0.122718,0.090505,-1.004757,0.220893,-3.048020,3.041884,-0.032214,-0.173340,0.929592,-0.119651,0.087437,-1.006291,0.214757,-3.048020,3.041884
0,140,2.800000,commanding,-0.032214,-0.179476,0.938796,-0.122718,0.090505,-1.004757,0.220893,-3.048020,3.041884,-0.032214,-0.173340,0.929592,-0.119651,0.087437,-1.006291,0.214757,-3.048020,3.041884
0,141,2.820000,commanding,-0.032214,-0.179476,0.938796,-0.122718,0.090505,-1.004757,0.220893,-3.048020,3.041884,-0.032214,-0.173340,0.929592,-0.119651,0.087437,-1.006291,0.214757,-3.048020,3.041884
0,142,2.840000,commanding,-0.032214,-0.179476,0.938796,-0.122718,0.090505,-1.004757,0.220893,-3.048020,3.041884,-0.032214,-0.173340,0.929592,-0.119651,0.087437,-1.006291,0.214757,-3.048020,3.041884
0,143,2.860000,commanding,-0.032214,-0.179476,0.938796,-0.122718,0.090505,-1.004757,0.220893,-3.048020,3.041884,-0.032214,-0.173340,0.929592,-0.119651,0.087437,-1.006291,0.214757,-3.048020,3.041884
0,144,2.880000,commanding,-0.032214,-0.179476,0.938796,-0.122718,0.090505,-1.004757,0.220893,-3.048020,3.041884,-0.032214,-0.173340,0.929592,-0.119651,0.087437,-1.006291,0.214757,-3.048020,3.041884
0,145,2.900000,commanding,-0.032214,-0.179476,0.937262,-0.121184,0.090505,-1.004757,0.220893,-3.048020,3.041884,-0.032214,-0.173340,0.929592,-0.119651,0.087437,-1.006291,0.214757,-3.048020,3.041884
0,146,2.920000,commanding,-0.032214,-0.179476,0.938796,-0.122718,0.090505,-1.004757,0.220893,-3.048020,3.041884,-0.032214,-0.173340,0.929592,-0.119651,0.087437,-1.006291,0.214757,-3.048020,3.041884
0,147,2.940000,commanding,-0.032214,-0.179476,0.938796,-0.122718,0.090505,-1.004757,0.220893,-3.048020,3.041884,-0.032214,-0.173340,0.929592,-0.119651,0.087437,-1.006291,0.214757,-3.048020,3.041884
0,148,2.960000,commanding,-0.032214,-0.179476,0.938796,-0.122718,0.090505,-1.004757,0.220893,-3.048020,3.041884,-0.032214,-0.173340,0.929592,-0.119651,0.087437,-1.006291,0.214757,-3.048020,3.041884
0,149,2.980000,commanding,-0.032214,-0.179476,0.938796,-0.122718,0.090505,-1.004757,0.220893,-3.048020,3.041884,-0.032214,-0.173340,0.929592,-0.119651,0.087437,-1.006291,0.214757,-3.048020,3.041884
0,150,3.000000,commanding,-0.032214,-0.179476,0.938796,-0.121184,0.090505,-1.004757,0.220893,-3.048020,3.041884,-0.032214,-0.173340,0.929592,-0.119651,0.087437,-1.006291,0.214757,-3.048020,3.041884
0,151,3.020000,commanding,-0.032214,-0.179476,0.938796,-0.122718,0.090505,-1.004757,0.220893,-3.048020,3.041884,-0.032214,-0.173340,0.929592,-0.119651,0.087437,-1.006291,0.214757,-3.048020,3.041884
0,152,3.040000,commanding,-0.032214,-0.179476,0.938796,-0.121184,0.090505,-1.004757,0.220893,-3.048020,3.041884,-0.032214,-0.173340,0.929592,-0.119651,0.087437,-1.006291,0.214757,-3.048020,3.041884
0,153,3.060000,commanding,-0.032214,-0.179476,0.938796,-0.122718,0.090505,-1.004757,0.220893,-3.048020,3.041884,-0.032214,-0.173340,0.929592,-0.119651,0.087437,-1.006291,0.214757,-3.048020,3.041884
0,154,3.080000,commanding,-0.032214,-0.179476,0.937262,-0.121184,0.090505,-1.004757,0.220893,-3.048020,3.041884,-0.032214,-0.173340,0.929592,-0.119651,0.087437,-1.006291,0.214757,-3.048020,3.041884
0,155,3.100000,commanding,-0.032214,-0.179476,0.938796,-0.122718,0.090505,-1.004757,0.220893,-3.048020,3.041884,-0.032214,-0.173340,0.929592,-0.119651,0.087437,-1.006291,0.214757,-3.048020,3.041884
0,156,3.120000,commanding,-0.032214,-0.179476,0.938796,-0.121184,0.090505,-1.004757,0.220893,-3.048020,3.041884,-0.032214,-0.173340,0.929592,-0.119651,0.087437,-1.006291,0.214757,-3.048020,3.041884
0,157,3.140000,commanding,-0.032214,-0.179476,0.938796,-0.122718,0.090505,-1.004757,0.220893,-3.048020,3.041884,-0.032214,-0.173340,0.929592,-0.119651,0.087437,-1.006291,0.214757,-3.048020,3.041884
0,158,3.160000,commanding,-0.032214,-0.179476,0.938796,-0.121184,0.090505,-1.004757,0.220893,-3.048020,3.041884,-0.032214,-0.173340,0.929592,-0.119651,0.087437,-1.006291,0.214757,-3.048020,3.041884
0,159,3.180000,commanding,-0.032214,-0.179476,0.938796,-0.122718,0.090505,-1.004757,0.220893,-3.048020,3.041884,-0.032214,-0.173340,0.929592,-0.119651,0.087437,-1.006291,0.214757,-3.048020,3.041884
0,160,3.200000,commanding,-0.032214,-0.179476,0.938796,-0.121184,0.090505,-1.004757,0.220893,-3.048020,3.041884,-0.032214,-0.173340,0.929592,-0.119651,0.087437,-1.006291,0.214757,-3.048020,3.041884
0,161,3.220000,commanding,-0.032214,-0.179476,0.938796,-0.121184,0.090505,-1.004757,0.220893,-3.048020,3.041884,-0.032214,-0.173340,0.929592,-0.119651,0.087437,-1.006291,0.214757,-3.048020,3.041884
0,162,3.240000,commanding,-0.032214,-0.179476,0.938796,-0.121184,0.090505,-1.004757,0.220893,-3.048020,3.041884,-0.032214,-0.173340,0.929592,-0.119651,0.087437,-1.006291,0.214757,-3.048020,3.041884
0,163,3.260000,commanding,-0.032214,-0.179476,0.938796,-0.121184,0.090505,-1.004757,0.220893,-3.048020,3.041884,-0.032214,-0.173340,0.929592,-0.119651,0.087437,-1.006291,0.214757,-3.048020,3.041884
0,164,3.280000,commanding,-0.032214,-0.179476,0.938796,-0.121184,0.090505,-1.004757,0.220893,-3.048020,3.041884,-0.032214,-0.173340,0.929592,-0.119651,0.087437,-1.006291,0.214757,-3.048020,3.041884
0,165,3.300000,commanding,-0.032214,-0.179476,0.938796,-0.121184,0.090505,-1.004757,0.220893,-3.048020,3.041884,-0.032214,-0.173340,0.929592,-0.119651,0.087437,-1.006291,0.214757,-3.048020,3.041884
0,166,3.320000,commanding,-0.032214,-0.179476,0.938796,-0.121184,0.090505,-1.004757,0.220893,-3.048020,3.041884,-0.032214,-0.173340,0.929592,-0.119651,0.087437,-1.006291,0.214757,-3.048020,3.041884
0,167,3.340000,commanding,-0.032214,-0.179476,0.938796,-0.122718,0.090505,-1.004757,0.220893,-3.048020,3.041884,-0.032214,-0.173340,0.929592,-0.119651,0.087437,-1.006291,0.214757,-3.048020,3.041884
0,168,3.360000,commanding,-0.032214,-0.179476,0.938796,-0.122718,0.090505,-1.004757,0.220893,-3.048020,3.041884,-0.032214,-0.173340,0.929592,-0.119651,0.087437,-1.006291,0.214757,-3.048020,3.041884
0,169,3.380000,commanding,-0.032214,-0.179476,0.938796,-0.121184,0.090505,-1.004757,0.220893,-3.048020,3.041884,-0.032214,-0.173340,0.929592,-0.119651,0.087437,-1.006291,0.214757,-3.048020,3.041884
0,170,3.400000,commanding,-0.032214,-0.179476,0.938796,-0.121184,0.090505,-1.004757,0.220893,-3.048020,3.041884,-0.032214,-0.173340,0.929592,-0.119651,0.087437,-1.006291,0.214757,-3.048020,3.041884
0,171,3.420000,commanding,-0.032214,-0.179476,0.938796,-0.121184,0.090505,-1.004757,0.220893,-3.048020,3.041884,-0.032214,-0.173340,0.929592,-0.119651,0.087437,-1.006291,0.214757,-3.048020,3.041884
0,172,3.440000,commanding,-0.032214,-0.179476,0.938796,-0.121184,0.090505,-1.004757,0.220893,-3.048020,3.041884,-0.032214,-0.173340,0.929592,-0.119651,0.087437,-1.006291,0.214757,-3.048020,3.041884
0,173,3.460000,commanding,-0.032214,-0.179476,0.938796,-0.121184,0.090505,-1.004757,0.220893,-3.048020,3.041884,-0.032214,-0.173340,0.929592,-0.119651,0.087437,-1.006291,0.214757,-3.048020,3.041884
0,174,3.480000,commanding,-0.032214,-0.179476,0.938796,-0.121184,0.090505,-1.004757,0.220893,-3.048020,3.041884,-0.032214,-0.173340,0.929592,-0.119651,0.087437,-1.006291,0.214757,-3.048020,3.041884
0,175,3.500000,commanding,-0.032214,-0.179476,0.938796,-0.121184,0.090505,-1.004757,0.220893,-3.048020,3.041884,-0.032214,-0.173340,0.929592,-0.119651,0.087437,-1.006291,0.214757,-3.048020,3.041884
0,176,3.520000,commanding,-0.032214,-0.179476,0.938796,-0.121184,0.090505,-1.004757,0.220893,-3.048020,3.041884,-0.032214,-0.173340,0.929592,-0.119651,0.087437,-1.006291,0.214757,-3.048020,3.041884
0,177,3.540000,commanding,-0.032214,-0.179476,0.938796,-0.121184,0.090505,-1.004757,0.220893,-3.048020,3.041884,-0.032214,-0.173340,0.929592,-0.119651,0.087437,-1.006291,0.214757,-3.048020,3.041884
0,178,3.560000,commanding,-0.032214,-0.179476,0.938796,-0.119651,0.090505,-1.004757,0.220893,-3.048020,3.041884,-0.032214,-0.173340,0.929592,-0.119651,0.087437,-1.006291,0.214757,-3.048020,3.041884
0,179,3.580000,commanding,-0.032214,-0.179476,0.938796,-0.119651,0.090505,-1.004757,0.220893,-3.048020,3.041884,-0.032214,-0.173340,0.929592,-0.119651,0.087437,-1.006291,0.214757,-3.048020,3.041884
0,180,3.600000,commanding,-0.032214,-0.179476,0.938796,-0.121184,0.090505,-1.004757,0.220893,-3.048020,3.041884,-0.032214,-0.173340,0.929592,-0.119651,0.087437,-1.006291,0.214757,-3.048020,3.041884
0,181,3.620000,commanding,-0.032214,-0.179476,0.938796,-0.119651,0.090505,-1.004757,0.220893,-3.048020,3.041884,-0.032214,-0.173340,0.929592,-0.119651,0.087437,-1.006291,0.214757,-3.048020,3.041884
0,182,3.640000,commanding,-0.032214,-0.179476,0.938796,-0.119651,0.090505,-1.004757,0.220893,-3.048020,3.041884,-0.032214,-0.173340,0.929592,-0.119651,0.087437,-1.006291,0.214757,-3.048020,3.041884
0,183,3.660000,commanding,-0.032214,-0.179476,0.938796,-0.121184,0.090505,-1.004757,0.220893,-3.048020,3.041884,-0.032214,-0.173340,0.929592,-0.119651,0.087437,-1.006291,0.214757,-3.048020,3.041884
0,184,3.680000,commanding,-0.032214,-0.179476,0.938796,-0.121184,0.090505,-1.004757,0.220893,-3.048020,3.041884,-0.032214,-0.173340,0.929592,-0.119651,0.087437,-1.006291,0.214757,-3.048020,3.041884
0,185,3.700000,commanding,-0.032214,-0.179476,0.938796,-0.119651,0.090505,-1.004757,0.220893,-3.048020,3.041884,-0.032214,-0.173340,0.929592,-0.119651,0.087437,-1.006291,0.214757,-3.048020,3.041884
0,186,3.720000,commanding,-0.032214,-0.179476,0.938796,-0.121184,0.090505,-1.004757,0.220893,-3.048020,3.041884,-0.032214,-0.173340,0.929592,-0.119651,0.087437,-1.006291,0.214757,-3.048020,3.041884
0,187,3.740000,commanding,-0.032214,-0.179476,0.938796,-0.121184,0.090505,-1.004757,0.220893,-3.048020,3.041884,-0.032214,-0.173340,0.929592,-0.119651,0.087437,-1.006291,0.214757,-3.048020,3.041884
0,188,3.760000,commanding,-0.032214,-0.179476,0.938796,-0.121184,0.090505,-1.004757,0.220893,-3.048020,3.041884,-0.032214,-0.173340,0.929592,-0.119651,0.087437,-1.006291,0.214757,-3.048020,3.041884
0,189,3.780000,commanding,-0.032214,-0.179476,0.938796,-0.121184,0.090505,-1.004757,0.220893,-3.048020,3.041884,-0.032214,-0.173340,0.929592,-0.119651,0.087437,-1.006291,0.214757,-3.048020,3.041884
0,190,3.800000,commanding,-0.032214,-0.179476,0.938796,-0.121184,0.090505,-1.004757,0.220893,-3.048020,3.041884,-0.032214,-0.173340,0.929592,-0.119651,0.087437,-1.006291,0.214757,-3.048020,3.041884
0,191,3.820000,commanding,-0.032214,-0.179476,0.938796,-0.121184,0.090505,-1.004757,0.220893,-3.048020,3.041884,-0.032214,-0.173340,0.929592,-0.119651,0.087437,-1.006291,0.214757,-3.048020,3.041884
0,192,3.840000,commanding,-0.032214,-0.179476,0.937262,-0.121184,0.090505,-1.004757,0.220893,-3.048020,3.041884,-0.032214,-0.173340,0.929592,-0.119651,0.087437,-1.006291,0.214757,-3.048020,3.041884
0,193,3.860000,commanding,-0.032214,-0.179476,0.938796,-0.121184,0.090505,-1.004757,0.220893,-3.048020,3.041884,-0.032214,-0.173340,0.929592,-0.119651,0.087437,-1.006291,0.214757,-3.048020,3.041884
0,194,3.880000,commanding,-0.032214,-0.179476,0.938796,-0.121184,0.090505,-1.004757,0.220893,-3.048020,3.041884,-0.032214,-0.173340,0.929592,-0.119651,0.087437,-1.006291,0.214757,-3.048020,3.041884
0,195,3.900000,commanding,-0.032214,-0.179476,0.938796,-0.121184,0.090505,-1.004757,0.220893,-3.048020,3.041884,-0.032214,-0.173340,0.929592,-0.119651,0.087437,-1.006291,0.214757,-3.048020,3.041884
0,196,3.920000,commanding,-0.032214,-0.179476,0.938796,-0.121184,0.090505,-1.004757,0.220893,-3.048020,3.041884,-0.032214,-0.173340,0.929592,-0.119651,0.087437,-1.006291,0.214757,-3.048020,3.041884
0,197,3.940000,commanding,-0.032214,-0.179476,0.938796,-0.121184,0.090505,-1.004757,0.220893,-3.048020,3.041884,-0.032214,-0.173340,0.929592,-0.119651,0.087437,-1.006291,0.214757,-3.048020,3.041884
0,198,3.960000,commanding,-0.032214,-0.179476,0.938796,-0.121184,0.090505,-1.004757,0.220893,-3.048020,3.041884,-0.032214,-0.173340,0.929592,-0.119651,0.087437,-1.006291,0.214757,-3.048020,3.041884
0,199,3.980000,commanding,-0.032214,-0.179476,0.938796,-0.121184,0.090505,-1.004757,0.220893,-3.048020,3.041884,-0.032214,-0.173340,0.929592,-0.119651,0.087437,-1.006291,0.214757,-3.048020,3.041884
0,200,4.000000,commanding,-0.032214,-0.179476,0.938796,-0.121184,0.090505,-1.004757,0.220893,-3.048020,3.041884,-0.032214,-0.173340,0.929592,-0.119651,0.087437,-1.006291,0.214757,-3.048020,3.041884
0,201,4.020000,commanding,-0.032214,-0.179476,0.938796,-0.121184,0.090505,-1.004757,0.220893,-3.048020,3.041884,-0.032214,-0.173340,0.929592,-0.119651,0.087437,-1.006291,0.214757,-3.048020,3.041884
0,202,4.040000,commanding,-0.032214,-0.179476,0.938796,-0.121184,0.090505,-1.004757,0.220893,-3.048020,3.041884,-0.032214,-0.173340,0.929592,-0.119651,0.087437,-1.006291,0.214757,-3.048020,3.041884
0,203,4.060000,commanding,-0.032214,-0.179476,0.938796,-0.121184,0.090505,-1.004757,0.220893,-3.048020,3.041884,-0.032214,-0.173340,0.929592,-0.119651,0.087437,-1.006291,0.214757,-3.048020,3.041884
0,204,4.080000,commanding,-0.032214,-0.179476,0.938796,-0.121184,0.090505,-1.004757,0.220893,-3.048020,3.041884,-0.032214,-0.173340,0.929592,-0.119651,0.087437,-1.006291,0.214757,-3.048020,3.041884
0,205,4.100000,commanding,-0.032214,-0.179476,0.938796,-0.121184,0.090505,-1.004757,0.220893,-3.048020,3.041884,-0.032214,-0.173340,0.929592,-0.119651,0.087437,-1.006291,0.214757,-3.048020,3.041884
0,206,4.120000,commanding,-0.032214,-0.179476,0.938796,-0.121184,0.090505,-1.004757,0.220893,-3.048020,3.041884,-0.032214,-0.173340,0.929592,-0.119651,0.087437,-1.006291,0.214757,-3.048020,3.041884
0,207,4.140000,commanding,-0.032214,-0.179476,0.938796,-0.121184,0.090505,-1.004757,0.220893,-3.048020,3.041884,-0.032214,-0.173340,0.929592,-0.119651,0.087437,-1.006291,0.214757,-3.048020,3.041884
0,208,4.160000,commanding,-0.032214,-0.179476,0.938796,-0.121184,0.090505,-1.004757,0.220893,-3.048020,3.041884,-0.032214,-0.173340,0.929592,-0.119651,0.087437,-1.006291,0.214757,-3.048020,3.041884
0,209,4.180000,commanding,-0.032214,-0.179476,0.938796,-0.121184,0.090505,-1.004757,0.220893,-3.048020,3.041884,-0.032214,-0.173340,0.929592,-0.119651,0.087437,-1.006291,0.214757,-3.048020,3.041884
0,210,4.200000,commanding,-0.032214,-0.179476,0.938796,-0.121184,0.090505,-1.004757,0.220893,-3.048020,3.041884,-0.032214,-0.173340,0.929592,-0.119651,0.087437,-1.006291,0.214757,-3.048020,3.041884
0,211,4.220000,commanding,-0.032214,-0.179476,0.938796,-0.121184,0.090505,-1.004757,0.220893,-3.048020,3.041884,-0.032214,-0.173340,0.929592,-0.119651,0.087437,-1.006291,0.214757,-3.048020,3.041884
0,212,4.240000,commanding,-0.032214,-0.179476,0.938796,-0.119651,0.090505,-1.004757,0.220893,-3.048020,3.041884,-0.032214,-0.173340,0.929592,-0.119651,0.087437,-1.006291,0.214757,-3.048020,3.041884
0,213,4.260000,commanding,-0.032214,-0.179476,0.938796,-0.121184,0.090505,-1.004757,0.220893,-3.048020,3.041884,-0.032214,-0.173340,0.929592,-0.119651,0.087437,-1.006291,0.214757,-3.048020,3.041884
0,214,4.280000,commanding,-0.032214,-0.179476,0.938796,-0.121184,0.090505,-1.004757,0.220893,-3.048020,3.041884,-0.032214,-0.173340,0.929592,-0.119651,0.087437,-1.006291,0.214757,-3.048020,3.041884
0,215,4.300000,commanding,-0.032214,-0.179476,0.937262,-0.121184,0.090505,-1.004757,0.220893,-3.048020,3.041884,-0.032214,-0.173340,0.929592,-0.119651,0.087437,-1.006291,0.214757,-3.048020,3.041884
0,216,4.320000,commanding,-0.032214,-0.179476,0.938796,-0.121184,0.090505,-1.004757,0.220893,-3.048020,3.041884,-0.032214,-0.173340,0.929592,-0.119651,0.087437,-1.006291,0.214757,-3.048020,3.041884
0,217,4.340000,commanding,-0.032214,-0.179476,0.938796,-0.121184,0.090505,-1.004757,0.220893,-3.048020,3.041884,-0.032214,-0.173340,0.929592,-0.119651,0.087437,-1.006291,0.214757,-3.048020,3.041884
0,218,4.360000,commanding,-0.032214,-0.179476,0.938796,-0.121184,0.090505,-1.004757,0.220893,-3.048020,3.041884,-0.032214,-0.173340,0.929592,-0.119651,0.087437,-1.006291,0.214757,-3.048020,3.041884
0,219,4.380000,commanding,-0.032214,-0.179476,0.938796,-0.121184,0.090505,-1.004757,0.220893,-3.048020,3.041884,-0.032214,-0.173340,0.929592,-0.119651,0.087437,-1.006291,0.214757,-3.048020,3.041884
0,220,4.400000,commanding,-0.032214,-0.179476,0.938796,-0.121184,0.090505,-1.004757,0.220893,-3.048020,3.041884,-0.032214,-0.173340,0.929592,-0.119651,0.087437,-1.006291,0.214757,-3.048020,3.041884
0,221,4.420000,commanding,-0.032214,-0.179476,0.938796,-0.119651,0.090505,-1.004757,0.220893,-3.048020,3.041884,-0.032214,-0.173340,0.929592,-0.119651,0.087437,-1.006291,0.214757,-3.048020,3.041884
0,222,4.440000,commanding,-0.032214,-0.179476,0.938796,-0.121184,0.090505,-1.004757,0.220893,-3.048020,3.041884,-0.032214,-0.173340,0.929592,-0.119651,0.087437,-1.006291,0.214757,-3.048020,3.041884
0,223,4.460000,commanding,-0.032214,-0.179476,0.938796,-0.121184,0.090505,-1.004757,0.220893,-3.048020,3.041884,-0.032214,-0.173340,0.929592,-0.119651,0.087437,-1.006291,0.214757,-3.048020,3.041884
0,224,4.480000,commanding,-0.032214,-0.179476,0.937262,-0.121184,0.090505,-1.004757,0.220893,-3.048020,3.041884,-0.032214,-0.173340,0.929592,-0.119651,0.087437,-1.006291,0.214757,-3.048020,3.041884
0,225,4.500000,commanding,-0.032214,-0.179476,0.938796,-0.121184,0.090505,-1.004757,0.220893,-3.048020,3.041884,-0.032214,-0.173340,0.929592,-0.119651,0.087437,-1.006291,0.214757,-3.048020,3.041884
0,226,4.520000,commanding,-0.032214,-0.179476,0.938796,-0.121184,0.090505,-1.004757,0.220893,-3.048020,3.041884,-0.032214,-0.173340,0.929592,-0.119651,0.087437,-1.006291,0.214757,-3.048020,3.041884
0,227,4.540000,commanding,-0.032214,-0.179476,0.938796,-0.121184,0.090505,-1.004757,0.220893,-3.048020,3.041884,-0.032214,-0.173340,0.929592,-0.119651,0.087437,-1.006291,0.214757,-3.048020,3.041884
0,228,4.560000,commanding,-0.032214,-0.179476,0.938796,-0.119651,0.090505,-1.004757,0.220893,-3.048020,3.041884,-0.032214,-0.173340,0.929592,-0.119651,0.087437,-1.006291,0.214757,-3.048020,3.041884
0,229,4.580000,commanding,-0.032214,-0.179476,0.938796,-0.121184,0.090505,-1.004757,0.220893,-3.048020,3.041884,-0.032214,-0.173340,0.929592,-0.119651,0.087437,-1.006291,0.214757,-3.048020,3.041884
0,230,4.600000,commanding,-0.032214,-0.179476,0.938796,-0.121184,0.090505,-1.004757,0.220893,-3.048020,3.041884,-0.032214,-0.173340,0.929592,-0.119651,0.087437,-1.006291,0.214757,-3.048020,3.041884
0,231,4.620000,commanding,-0.032214,-0.179476,0.938796,-0.121184,0.090505,-1.004757,0.220893,-3.048020,3.041884,-0.032214,-0.173340,0.929592,-0.119651,0.087437,-1.006291,0.214757,-3.048020,3.041884
0,232,4.640000,commanding,-0.032214,-0.179476,0.938796,-0.121184,0.090505,-1.004757,0.220893,-3.048020,3.041884,-0.032214,-0.173340,0.929592,-0.119651,0.087437,-1.006291,0.214757,-3.048020,3.041884
0,233,4.660000,commanding,-0.032214,-0.179476,0.938796,-0.119651,0.090505,-1.004757,0.220893,-3.048020,3.041884,-0.032214,-0.173340,0.929592,-0.119651,0.087437,-1.006291,0.214757,-3.048020,3.041884
0,234,4.680000,commanding,-0.032214,-0.179476,0.938796,-0.121184,0.090505,-1.004757,0.220893,-3.048020,3.041884,-0.032214,-0.173340,0.929592,-0.119651,0.087437,-1.006291,0.214757,-3.048020,3.041884
0,235,4.700000,commanding,-0.032214,-0.179476,0.938796,-0.121184,0.090505,-1.004757,0.220893,-3.048020,3.041884,-0.032214,-0.173340,0.929592,-0.119651,0.087437,-1.006291,0.214757,-3.048020,3.041884
0,236,4.720000,commanding,-0.032214,-0.179476,0.938796,-0.121184,0.090505,-1.004757,0.220893,-3.048020,3.041884,-0.032214,-0.173340,0.929592,-0.119651,0.087437,-1.006291,0.214757,-3.048020,3.041884
0,237,4.740000,commanding,-0.032214,-0.179476,0.938796,-0.121184,0.090505,-1.004757,0.220893,-3.048020,3.041884,-0.032214,-0.173340,0.929592,-0.119651,0.087437,-1.006291,0.214757,-3.048020,3.041884
0,238,4.760000,commanding,-0.032214,-0.179476,0.938796,-0.121184,0.090505,-1.004757,0.220893,-3.048020,3.041884,-0.032214,-0.173340,0.929592,-0.119651,0.087437,-1.006291,0.214757,-3.048020,3.041884
0,239,4.780000,commanding,-0.032214,-0.179476,0.938796,-0.121184,0.090505,-1.004757,0.220893,-3.048020,3.041884,-0.032214,-0.173340,0.929592,-0.119651,0.087437,-1.006291,0.214757,-3.048020,3.041884
0,240,4.800000,commanding,-0.032214,-0.179476,0.938796,-0.119651,0.090505,-1.004757,0.220893,-3.048020,3.041884,-0.032214,-0.173340,0.929592,-0.119651,0.087437,-1.006291,0.214757,-3.048020,3.041884
0,241,4.820000,commanding,-0.032214,-0.179476,0.937262,-0.121184,0.090505,-1.004757,0.220893,-3.048020,3.041884,-0.032214,-0.173340,0.929592,-0.119651,0.087437,-1.006291,0.214757,-3.048020,3.041884
0,242,4.840000,commanding,-0.032214,-0.179476,0.938796,-0.121184,0.090505,-1.004757,0.220893,-3.048020,3.041884,-0.032214,-0.173340,0.929592,-0.119651,0.087437,-1.006291,0.214757,-3.048020,3.041884
0,243,4.860000,commanding,-0.032214,-0.179476,0.938796,-0.119651,0.090505,-1.004757,0.220893,-3.048020,3.041884,-0.032214,-0.173340,0.929592,-0.119651,0.087437,-1.006291,0.214757,-3.048020,3.041884
0,244,4.880000,commanding,-0.032214,-0.179476,0.938796,-0.121184,0.090505,-1.004757,0.220893,-3.048020,3.041884,-0.032214,-0.173340,0.929592,-0.119651,0.087437,-1.006291,0.214757,-3.048020,3.041884
0,245,4.900000,commanding,-0.032214,-0.179476,0.937262,-0.121184,0.090505,-1.004757,0.220893,-3.048020,3.041884,-0.032214,-0.173340,0.929592,-0.119651,0.087437,-1.006291,0.214757,-3.048020,3.041884
0,246,4.920000,commanding,-0.032214,-0.179476,0.938796,-0.121184,0.090505,-1.004757,0.220893,-3.048020,3.041884,-0.032214,-0.173340,0.929592,-0.119651,0.087437,-1.006291,0.214757,-3.048020,3.041884
0,247,4.940000,commanding,-0.032214,-0.179476,0.938796,-0.121184,0.090505,-1.004757,0.220893,-3.048020,3.041884,-0.032214,-0.173340,0.929592,-0.119651,0.087437,-1.006291,0.214757,-3.048020,3.041884
0,248,4.960000,commanding,-0.032214,-0.179476,0.938796,-0.121184,0.090505,-1.004757,0.220893,-3.048020,3.041884,-0.032214,-0.173340,0.929592,-0.119651,0.087437,-1.006291,0.214757,-3.048020,3.041884
0,249,4.980000,commanding,-0.032214,-0.179476,0.938796,-0.121184,0.090505,-1.004757,0.220893,-3.048020,3.041884,-0.032214,-0.173340,0.929592,-0.119651,0.087437,-1.006291,0.214757,-3.048020,3.041884
0,250,5.000000,commanding,-0.032214,-0.179476,0.938796,-0.121184,0.090505,-1.004757,0.220893,-3.048020,3.041884,-0.032214,-0.173340,0.929592,-0.119651,0.087437,-1.006291,0.214757,-3.048020,3.041884
0,251,5.020000,commanding,-0.032214,-0.179476,0.938796,-0.121184,0.090505,-1.004757,0.220893,-3.048020,3.041884,-0.032214,-0.173340,0.929592,-0.119651,0.087437,-1.006291,0.214757,-3.048020,3.041884
0,252,5.040000,commanding,-0.032214,-0.179476,0.938796,-0.121184,0.090505,-1.004757,0.220893,-3.048020,3.041884,-0.032214,-0.173340,0.929592,-0.119651,0.087437,-1.006291,0.214757,-3.048020,3.041884
0,253,5.060000,commanding,-0.032214,-0.179476,0.938796,-0.121184,0.090505,-1.004757,0.220893,-3.048020,3.041884,-0.032214,-0.173340,0.929592,-0.119651,0.087437,-1.006291,0.214757,-3.048020,3.041884
0,254,5.080000,commanding,-0.032214,-0.179476,0.938796,-0.121184,0.090505,-1.004757,0.220893,-3.048020,3.041884,-0.032214,-0.173340,0.929592,-0.119651,0.087437,-1.006291,0.214757,-3.048020,3.041884
0,255,5.100000,commanding,-0.032214,-0.179476,0.938796,-0.121184,0.090505,-1.004757,0.220893,-3.048020,3.041884,-0.032214,-0.173340,0.929592,-0.119651,0.087437,-1.006291,0.214757,-3.048020,3.041884
0,256,5.120000,commanding,-0.032214,-0.179476,0.938796,-0.121184,0.090505,-1.004757,0.220893,-3.048020,3.041884,-0.032214,-0.173340,0.929592,-0.119651,0.087437,-1.006291,0.214757,-3.048020,3.041884
0,257,5.140000,commanding,-0.032214,-0.179476,0.937262,-0.121184,0.090505,-1.004757,0.220893,-3.048020,3.041884,-0.032214,-0.173340,0.929592,-0.119651,0.087437,-1.006291,0.214757,-3.048020,3.041884
0,258,5.160000,commanding,-0.032214,-0.179476,0.938796,-0.121184,0.090505,-1.004757,0.220893,-3.048020,3.041884,-0.032214,-0.173340,0.929592,-0.119651,0.087437,-1.006291,0.214757,-3.048020,3.041884
0,259,5.180000,commanding,-0.032214,-0.179476,0.938796,-0.121184,0.090505,-1.004757,0.220893,-3.048020,3.041884,-0.032214,-0.173340,0.929592,-0.119651,0.087437,-1.006291,0.214757,-3.048020,3.041884
0,260,5.200000,commanding,-0.032214,-0.179476,0.938796,-0.121184,0.090505,-1.004757,0.220893,-3.048020,3.041884,-0.032214,-0.173340,0.929592,-0.119651,0.087437,-1.006291,0.214757,-3.048020,3.041884
0,261,5.220000,commanding,-0.032214,-0.179476,0.938796,-0.121184,0.090505,-1.004757,0.220893,-3.048020,3.041884,-0.032214,-0.173340,0.929592,-0.119651,0.087437,-1.006291,0.214757,-3.048020,3.041884
0,262,5.240000,commanding,-0.032214,-0.179476,0.938796,-0.121184,0.090505,-1.004757,0.220893,-3.048020,3.041884,-0.032214,-0.173340,0.929592,-0.119651,0.087437,-1.006291,0.214757,-3.048020,3.041884
0,263,5.260000,commanding,-0.032214,-0.179476,0.937262,-0.121184,0.090505,-1.004757,0.220893,-3.048020,3.041884,-0.032214,-0.173340,0.929592,-0.119651,0.087437,-1.006291,0.214757,-3.048020,3.041884
0,264,5.280000,commanding,-0.032214,-0.179476,0.938796,-0.121184,0.090505,-1.004757,0.220893,-3.048020,3.041884,-0.032214,-0.173340,0.929592,-0.119651,0.087437,-1.006291,0.214757,-3.048020,3.041884
0,265,5.300000,commanding,-0.032214,-0.179476,0.938796,-0.121184,0.090505,-1.004757,0.220893,-3.048020,3.041884,-0.032214,-0.173340,0.929592,-0.119651,0.087437,-1.006291,0.214757,-3.048020,3.041884
0,266,5.320000,commanding,-0.032214,-0.179476,0.938796,-0.121184,0.090505,-1.004757,0.220893,-3.048020,3.041884,-0.032214,-0.173340,0.929592,-0.119651,0.087437,-1.006291,0.214757,-3.048020,3.041884
0,267,5.340000,commanding,-0.032214,-0.179476,0.938796,-0.121184,0.090505,-1.004757,0.220893,-3.048020,3.041884,-0.032214,-0.173340,0.929592,-0.119651,0.087437,-1.006291,0.214757,-3.048020,3.041884
0,268,5.360000,commanding,-0.032214,-0.179476,0.938796,-0.121184,0.090505,-1.004757,0.220893,-3.048020,3.041884,-0.032214,-0.173340,0.929592,-0.119651,0.087437,-1.006291,0.214757,-3.048020,3.041884
0,269,5.380000,commanding,-0.032214,-0.179476,0.938796,-0.121184,0.090505,-1.004757,0.220893,-3.048020,3.041884,-0.032214,-0.173340,0.929592,-0.119651,0.087437,-1.006291,0.214757,-3.048020,3.041884
0,270,5.400000,commanding,-0.032214,-0.179476,0.938796,-0.121184,0.090505,-1.004757,0.220893,-3.048020,3.041884,-0.032214,-0.173340,0.929592,-0.119651,0.087437,-1.006291,0.214757,-3.048020,3.041884
0,271,5.420000,commanding,-0.032214,-0.179476,0.938796,-0.121184,0.090505,-1.004757,0.220893,-3.048020,3.041884,-0.032214,-0.173340,0.929592,-0.119651,0.087437,-1.006291,0.214757,-3.048020,3.041884
0,272,5.440000,commanding,-0.032214,-0.179476,0.937262,-0.121184,0.090505,-1.004757,0.220893,-3.048020,3.041884,-0.032214,-0.173340,0.929592,-0.119651,0.087437,-1.006291,0.214757,-3.048020,3.041884
0,273,5.460000,commanding,-0.032214,-0.179476,0.938796,-0.121184,0.090505,-1.004757,0.220893,-3.048020,3.041884,-0.032214,-0.173340,0.929592,-0.119651,0.087437,-1.006291,0.214757,-3.048020,3.041884
0,274,5.480000,commanding,-0.032214,-0.179476,0.938796,-0.121184,0.090505,-1.004757,0.220893,-3.048020,3.041884,-0.032214,-0.173340,0.929592,-0.119651,0.087437,-1.006291,0.214757,-3.048020,3.041884
0,275,5.500000,commanding,-0.032214,-0.179476,0.938796,-0.121184,0.090505,-1.004757,0.220893,-3.048020,3.041884,-0.032214,-0.173340,0.929592,-0.119651,0.087437,-1.006291,0.214757,-3.048020,3.041884
0,276,5.520000,commanding,-0.032214,-0.179476,0.938796,-0.119651,0.090505,-1.004757,0.220893,-3.048020,3.041884,-0.032214,-0.173340,0.929592,-0.119651,0.087437,-1.006291,0.214757,-3.048020,3.041884
0,277,5.540000,commanding,-0.032214,-0.179476,0.938796,-0.121184,0.090505,-1.004757,0.220893,-3.048020,3.041884,-0.032214,-0.173340,0.929592,-0.119651,0.087437,-1.006291,0.214757,-3.048020,3.041884
0,278,5.560000,commanding,-0.032214,-0.179476,0.938796,-0.119651,0.090505,-1.004757,0.220893,-3.048020,3.041884,-0.032214,-0.173340,0.929592,-0.119651,0.087437,-1.006291,0.214757,-3.048020,3.041884
0,279,5.580000,commanding,-0.032214,-0.179476,0.938796,-0.119651,0.090505,-1.004757,0.220893,-3.048020,3.041884,-0.032214,-0.173340,0.929592,-0.119651,0.087437,-1.006291,0.214757,-3.048020,3.041884
0,280,5.600000,commanding,-0.032214,-0.179476,0.938796,-0.121184,0.090505,-1.004757,0.220893,-3.048020,3.041884,-0.032214,-0.173340,0.929592,-0.119651,0.087437,-1.006291,0.214757,-3.048020,3.041884
0,281,5.620000,commanding,-0.032214,-0.179476,0.938796,-0.121184,0.090505,-1.004757,0.220893,-3.048020,3.041884,-0.032214,-0.173340,0.929592,-0.119651,0.087437,-1.006291,0.214757,-3.048020,3.041884
0,282,5.640000,commanding,-0.032214,-0.179476,0.938796,-0.121184,0.090505,-1.004757,0.220893,-3.048020,3.041884,-0.032214,-0.173340,0.929592,-0.119651,0.087437,-1.006291,0.214757,-3.048020,3.041884
0,283,5.660000,commanding,-0.032214,-0.179476,0.938796,-0.121184,0.090505,-1.004757,0.220893,-3.048020,3.041884,-0.032214,-0.173340,0.929592,-0.119651,0.087437,-1.006291,0.214757,-3.048020,3.041884
0,284,5.680000,commanding,-0.032214,-0.179476,0.937262,-0.121184,0.090505,-1.004757,0.220893,-3.048020,3.041884,-0.032214,-0.173340,0.929592,-0.119651,0.087437,-1.006291,0.214757,-3.048020,3.041884
0,285,5.700000,commanding,-0.032214,-0.179476,0.938796,-0.121184,0.090505,-1.004757,0.220893,-3.048020,3.041884,-0.032214,-0.173340,0.929592,-0.119651,0.087437,-1.006291,0.214757,-3.048020,3.041884
0,286,5.720000,commanding,-0.032214,-0.179476,0.938796,-0.121184,0.090505,-1.004757,0.220893,-3.048020,3.041884,-0.032214,-0.173340,0.929592,-0.119651,0.087437,-1.006291,0.214757,-3.048020,3.041884
0,287,5.740000,commanding,-0.032214,-0.179476,0.938796,-0.121184,0.090505,-1.004757,0.220893,-3.048020,3.041884,-0.032214,-0.173340,0.929592,-0.119651,0.087437,-1.006291,0.214757,-3.048020,3.041884
0,288,5.760000,commanding,-0.032214,-0.179476,0.938796,-0.121184,0.090505,-1.004757,0.220893,-3.048020,3.041884,-0.032214,-0.173340,0.929592,-0.119651,0.087437,-1.006291,0.214757,-3.048020,3.041884
0,289,5.780000,commanding,-0.032214,-0.179476,0.938796,-0.121184,0.090505,-1.004757,0.220893,-3.048020,3.041884,-0.032214,-0.173340,0.929592,-0.119651,0.087437,-1.006291,0.214757,-3.048020,3.041884
0,290,5.800000,commanding,-0.032214,-0.179476,0.937262,-0.121184,0.090505,-1.004757,0.220893,-3.048020,3.041884,-0.032214,-0.173340,0.929592,-0.119651,0.087437,-1.006291,0.214757,-3.048020,3.041884
0,291,5.820000,commanding,-0.032214,-0.179476,0.938796,-0.121184,0.090505,-1.004757,0.220893,-3.048020,3.041884,-0.032214,-0.173340,0.929592,-0.119651,0.087437,-1.006291,0.214757,-3.048020,3.041884
0,292,5.840000,commanding,-0.032214,-0.179476,0.938796,-0.121184,0.090505,-1.004757,0.220893,-3.048020,3.041884,-0.032214,-0.173340,0.929592,-0.119651,0.087437,-1.006291,0.214757,-3.048020,3.041884
0,293,5.860000,commanding,-0.032214,-0.179476,0.938796,-0.121184,0.090505,-1.004757,0.220893,-3.048020,3.041884,-0.032214,-0.173340,0.929592,-0.119651,0.087437,-1.006291,0.214757,-3.048020,3.041884
0,294,5.880000,commanding,-0.032214,-0.179476,0.938796,-0.121184,0.090505,-1.004757,0.220893,-3.048020,3.041884,-0.032214,-0.173340,0.929592,-0.119651,0.087437,-1.006291,0.214757,-3.048020,3.041884
0,295,5.900000,commanding,-0.032214,-0.179476,0.938796,-0.121184,0.090505,-1.004757,0.220893,-3.048020,3.041884,-0.032214,-0.173340,0.929592,-0.119651,0.087437,-1.006291,0.214757,-3.048020,3.041884
0,296,5.920000,commanding,-0.032214,-0.179476,0.938796,-0.121184,0.090505,-1.004757,0.220893,-3.048020,3.041884,-0.032214,-0.173340,0.929592,-0.119651,0.087437,-1.006291,0.214757,-3.048020,3.041884
0,297,5.940000,commanding,-0.032214,-0.179476,0.938796,-0.121184,0.090505,-1.004757,0.220893,-3.048020,3.041884,-0.032214,-0.173340,0.929592,-0.119651,0.087437,-1.006291,0.214757,-3.048020,3.041884
0,298,5.960000,commanding,-0.032214,-0.179476,0.938796,-0.119651,0.090505,-1.004757,0.220893,-3.048020,3.041884,-0.032214,-0.173340,0.929592,-0.119651,0.087437,-1.006291,0.214757,-3.048020,3.041884
0,299,5.980000,commanding,-0.032214,-0.179476,0.938796,-0.121184,0.090505,-1.004757,0.220893,-3.048020,3.041884,-0.032214,-0.173340,0.929592,-0.119651,0.087437,-1.006291,0.214757,-3.048020,3.041884
0,300,6.000000,commanding,-0.032214,-0.179476,0.938796,-0.121184,0.090505,-1.004757,0.220893,-3.048020,3.041884,-0.032214,-0.173340,0.929592,-0.119651,0.087437,-1.006291,0.214757,-3.048020,3.041884
0,301,6.020000,commanding,-0.032214,-0.179476,0.938796,-0.121184,0.090505,-1.004757,0.220893,-3.048020,3.041884,-0.032214,-0.173340,0.929592,-0.119651,0.087437,-1.006291,0.214757,-3.048020,3.041884
0,302,6.040000,commanding,-0.032214,-0.179476,0.937262,-0.121184,0.090505,-1.004757,0.220893,-3.048020,3.041884,-0.032214,-0.173340,0.929592,-0.119651,0.087437,-1.006291,0.214757,-3.048020,3.041884
0,303,6.060000,commanding,-0.032214,-0.179476,0.938796,-0.121184,0.090505,-1.004757,0.220893,-3.048020,3.041884,-0.032214,-0.173340,0.929592,-0.119651,0.087437,-1.006291,0.214757,-3.048020,3.041884
0,304,6.080000,commanding,-0.032214,-0.179476,0.938796,-0.121184,0.090505,-1.004757,0.220893,-3.048020,3.041884,-0.032214,-0.173340,0.929592,-0.119651,0.087437,-1.006291,0.214757,-3.048020,3.041884
0,305,6.100000,commanding,-0.032214,-0.179476,0.938796,-0.121184,0.090505,-1.004757,0.220893,-3.048020,3.041884,-0.032214,-0.173340,0.929592,-0.119651,0.087437,-1.006291,0.214757,-3.048020,3.041884
0,306,6.120000,commanding,-0.032214,-0.179476,0.938796,-0.121184,0.090505,-1.004757,0.220893,-3.048020,3.041884,-0.032214,-0.173340,0.929592,-0.119651,0.087437,-1.006291,0.214757,-3.048020,3.041884
0,307,6.140000,commanding,-0.032214,-0.179476,0.938796,-0.121184,0.090505,-1.004757,0.220893,-3.048020,3.041884,-0.032214,-0.173340,0.929592,-0.119651,0.087437,-1.006291,0.214757,-3.048020,3.041884
0,308,6.160000,commanding,-0.032214,-0.179476,0.938796,-0.121184,0.090505,-1.004757,0.220893,-3.048020,3.041884,-0.032214,-0.173340,0.929592,-0.119651,0.087437,-1.006291,0.214757,-3.048020,3.041884
0,309,6.180000,commanding,-0.032214,-0.179476,0.938796,-0.121184,0.090505,-1.004757,0.220893,-3.048020,3.041884,-0.032214,-0.173340,0.929592,-0.119651,0.087437,-1.006291,0.214757,-3.048020,3.041884
0,310,6.200000,commanding,-0.032214,-0.179476,0.938796,-0.121184,0.090505,-1.004757,0.220893,-3.048020,3.041884,-0.032214,-0.173340,0.929592,-0.119651,0.087437,-1.006291,0.214757,-3.048020,3.041884
0,311,6.220000,commanding,-0.032214,-0.179476,0.938796,-0.119651,0.090505,-1.004757,0.220893,-3.048020,3.041884,-0.032214,-0.173340,0.929592,-0.119651,0.087437,-1.006291,0.214757,-3.048020,3.041884
0,312,6.240000,commanding,-0.032214,-0.179476,0.938796,-0.119651,0.090505,-1.004757,0.220893,-3.048020,3.041884,-0.032214,-0.173340,0.929592,-0.119651,0.087437,-1.006291,0.214757,-3.048020,3.041884
0,313,6.260000,commanding,-0.032214,-0.179476,0.938796,-0.121184,0.090505,-1.004757,0.220893,-3.048020,3.041884,-0.032214,-0.173340,0.929592,-0.119651,0.087437,-1.006291,0.214757,-3.048020,3.041884
0,314,6.280000,commanding,-0.032214,-0.179476,0.937262,-0.121184,0.090505,-1.004757,0.220893,-3.048020,3.041884,-0.032214,-0.173340,0.929592,-0.119651,0.087437,-1.006291,0.214757,-3.048020,3.041884
0,315,6.300000,commanding,-0.032214,-0.179476,0.937262,-0.121184,0.090505,-1.004757,0.220893,-3.048020,3.041884,-0.032214,-0.173340,0.929592,-0.119651,0.087437,-1.006291,0.214757,-3.048020,3.041884
0,316,6.320000,commanding,-0.032214,-0.179476,0.938796,-0.121184,0.090505,-1.004757,0.220893,-3.048020,3.041884,-0.032214,-0.173340,0.929592,-0.119651,0.087437,-1.006291,0.214757,-3.048020,3.041884
0,317,6.340000,commanding,-0.032214,-0.179476,0.938796,-0.121184,0.090505,-1.004757,0.220893,-3.048020,3.041884,-0.032214,-0.173340,0.929592,-0.119651,0.087437,-1.006291,0.214757,-3.048020,3.041884
0,318,6.360000,commanding,-0.032214,-0.179476,0.938796,-0.121184,0.090505,-1.004757,0.220893,-3.048020,3.041884,-0.032214,-0.173340,0.929592,-0.119651,0.087437,-1.006291,0.214757,-3.048020,3.041884
0,319,6.380000,commanding,-0.032214,-0.179476,0.938796,-0.121184,0.090505,-1.004757,0.220893,-3.048020,3.041884,-0.032214,-0.173340,0.929592,-0.119651,0.087437,-1.006291,0.214757,-3.048020,3.041884
0,320,6.400000,commanding,-0.032214,-0.179476,0.937262,-0.121184,0.090505,-1.004757,0.220893,-3.048020,3.041884,-0.032214,-0.173340,0.929592,-0.119651,0.087437,-1.006291,0.214757,-3.048020,3.041884
0,321,6.420000,commanding,-0.032214,-0.179476,0.938796,-0.119651,0.090505,-1.004757,0.220893,-3.048020,3.041884,-0.032214,-0.173340,0.929592,-0.119651,0.087437,-1.006291,0.214757,-3.048020,3.041884
0,322,6.440000,commanding,-0.032214,-0.179476,0.938796,-0.121184,0.090505,-1.004757,0.220893,-3.048020,3.041884,-0.032214,-0.173340,0.929592,-0.119651,0.087437,-1.006291,0.214757,-3.048020,3.041884
0,323,6.460000,commanding,-0.032214,-0.179476,0.938796,-0.121184,0.090505,-1.004757,0.220893,-3.048020,3.041884,-0.032214,-0.173340,0.929592,-0.119651,0.087437,-1.006291,0.214757,-3.048020,3.041884
0,324,6.480000,commanding,-0.032214,-0.179476,0.937262,-0.121184,0.090505,-1.004757,0.220893,-3.048020,3.041884,-0.032214,-0.173340,0.929592,-0.119651,0.087437,-1.006291,0.214757,-3.048020,3.041884
0,325,6.500000,commanding,-0.032214,-0.179476,0.938796,-0.121184,0.090505,-1.004757,0.220893,-3.048020,3.041884,-0.032214,-0.173340,0.929592,-0.119651,0.087437,-1.006291,0.214757,-3.048020,3.041884
0,326,6.520000,commanding,-0.032214,-0.179476,0.938796,-0.121184,0.090505,-1.004757,0.220893,-3.048020,3.041884,-0.032214,-0.173340,0.929592,-0.119651,0.087437,-1.006291,0.214757,-3.048020,3.041884
0,327,6.540000,commanding,-0.032214,-0.179476,0.938796,-0.121184,0.090505,-1.004757,0.220893,-3.048020,3.041884,-0.032214,-0.173340,0.929592,-0.119651,0.087437,-1.006291,0.214757,-3.048020,3.041884
0,328,6.560000,commanding,-0.032214,-0.179476,0.938796,-0.121184,0.090505,-1.004757,0.220893,-3.048020,3.041884,-0.032214,-0.173340,0.929592,-0.119651,0.087437,-1.006291,0.214757,-3.048020,3.041884
0,329,6.580000,commanding,-0.032214,-0.179476,0.938796,-0.121184,0.090505,-1.004757,0.220893,-3.048020,3.041884,-0.032214,-0.173340,0.929592,-0.119651,0.087437,-1.006291,0.214757,-3.048020,3.041884
0,330,6.600000,commanding,-0.032214,-0.179476,0.938796,-0.119651,0.090505,-1.004757,0.220893,-3.048020,3.041884,-0.032214,-0.173340,0.929592,-0.119651,0.087437,-1.006291,0.214757,-3.048020,3.041884
0,331,6.620000,commanding,-0.032214,-0.179476,0.938796,-0.121184,0.090505,-1.004757,0.220893,-3.048020,3.041884,-0.032214,-0.173340,0.929592,-0.119651,0.087437,-1.006291,0.214757,-3.048020,3.041884
0,332,6.640000,commanding,-0.032214,-0.179476,0.938796,-0.121184,0.090505,-1.004757,0.220893,-3.048020,3.041884,-0.032214,-0.173340,0.929592,-0.119651,0.087437,-1.006291,0.214757,-3.048020,3.041884
0,333,6.660000,commanding,-0.032214,-0.179476,0.938796,-0.121184,0.090505,-1.004757,0.220893,-3.048020,3.041884,-0.032214,-0.173340,0.929592,-0.119651,0.087437,-1.006291,0.214757,-3.048020,3.041884
0,334,6.680000,commanding,-0.032214,-0.179476,0.938796,-0.121184,0.090505,-1.004757,0.220893,-3.048020,3.041884,-0.032214,-0.173340,0.929592,-0.119651,0.087437,-1.006291,0.214757,-3.048020,3.041884
0,335,6.700000,commanding,-0.032214,-0.179476,0.938796,-0.121184,0.090505,-1.004757,0.220893,-3.048020,3.041884,-0.032214,-0.173340,0.929592,-0.119651,0.087437,-1.006291,0.214757,-3.048020,3.041884
0,336,6.720000,commanding,-0.032214,-0.179476,0.938796,-0.121184,0.090505,-1.004757,0.220893,-3.048020,3.041884,-0.032214,-0.173340,0.929592,-0.119651,0.087437,-1.006291,0.214757,-3.048020,3.041884
0,337,6.740000,commanding,-0.032214,-0.179476,0.938796,-0.121184,0.090505,-1.004757,0.220893,-3.048020,3.041884,-0.032214,-0.173340,0.929592,-0.119651,0.087437,-1.006291,0.214757,-3.048020,3.041884
0,338,6.760000,commanding,-0.032214,-0.179476,0.938796,-0.121184,0.090505,-1.004757,0.220893,-3.048020,3.041884,-0.032214,-0.173340,0.929592,-0.119651,0.087437,-1.006291,0.214757,-3.048020,3.041884
0,339,6.780000,commanding,-0.032214,-0.179476,0.938796,-0.121184,0.090505,-1.004757,0.220893,-3.048020,3.041884,-0.032214,-0.173340,0.929592,-0.119651,0.087437,-1.006291,0.214757,-3.048020,3.041884
0,340,6.800000,commanding,-0.032214,-0.179476,0.938796,-0.121184,0.090505,-1.004757,0.220893,-3.048020,3.041884,-0.032214,-0.173340,0.929592,-0.119651,0.087437,-1.006291,0.214757,-3.048020,3.041884
0,341,6.820000,commanding,-0.032214,-0.179476,0.938796,-0.121184,0.090505,-1.004757,0.220893,-3.048020,3.041884,-0.032214,-0.173340,0.929592,-0.119651,0.087437,-1.006291,0.214757,-3.048020,3.041884
0,342,6.840000,commanding,-0.032214,-0.179476,0.938796,-0.121184,0.090505,-1.004757,0.220893,-3.048020,3.041884,-0.032214,-0.173340,0.929592,-0.119651,0.087437,-1.006291,0.214757,-3.048020,3.041884
0,343,6.860000,commanding,-0.032214,-0.179476,0.937262,-0.119651,0.090505,-1.004757,0.220893,-3.048020,3.041884,-0.032214,-0.173340,0.929592,-0.119651,0.087437,-1.006291,0.214757,-3.048020,3.041884
0,344,6.880000,commanding,-0.032214,-0.179476,0.938796,-0.121184,0.090505,-1.004757,0.220893,-3.048020,3.041884,-0.032214,-0.173340,0.929592,-0.119651,0.087437,-1.006291,0.214757,-3.048020,3.041884
0,345,6.900000,commanding,-0.032214,-0.179476,0.938796,-0.119651,0.090505,-1.004757,0.220893,-3.048020,3.041884,-0.032214,-0.173340,0.929592,-0.119651,0.087437,-1.006291,0.214757,-3.048020,3.041884
0,346,6.920000,commanding,-0.032214,-0.179476,0.937262,-0.119651,0.090505,-1.004757,0.220893,-3.048020,3.041884,-0.032214,-0.173340,0.929592,-0.119651,0.087437,-1.006291,0.214757,-3.048020,3.041884
0,347,6.940000,commanding,-0.032214,-0.179476,0.938796,-0.121184,0.090505,-1.004757,0.220893,-3.048020,3.041884,-0.032214,-0.173340,0.929592,-0.119651,0.087437,-1.006291,0.214757,-3.048020,3.041884
0,348,6.960000,commanding,-0.032214,-0.179476,0.938796,-0.121184,0.090505,-1.004757,0.220893,-3.048020,3.041884,-0.032214,-0.173340,0.929592,-0.119651,0.087437,-1.006291,0.214757,-3.048020,3.041884
0,349,6.980000,commanding,-0.032214,-0.179476,0.937262,-0.121184,0.090505,-1.004757,0.220893,-3.048020,3.041884,-0.032214,-0.173340,0.929592,-0.119651,0.087437,-1.006291,0.214757,-3.048020,3.041884
0,350,7.000000,commanding,-0.032214,-0.179476,0.938796,-0.121184,0.090505,-1.004757,0.220893,-3.048020,3.041884,-0.032214,-0.173340,0.929592,-0.119651,0.087437,-1.006291,0.214757,-3.048020,3.041884
0,351,7.020000,commanding,-0.032214,-0.179476,0.938796,-0.121184,0.090505,-1.004757,0.220893,-3.048020,3.041884,-0.032214,-0.173340,0.929592,-0.119651,0.087437,-1.006291,0.214757,-3.048020,3.041884
0,352,7.040000,commanding,-0.032214,-0.179476,0.937262,-0.121184,0.090505,-1.004757,0.220893,-3.048020,3.041884,-0.032214,-0.173340,0.929592,-0.119651,0.087437,-1.006291,0.214757,-3.048020,3.041884
0,353,7.060000,commanding,-0.032214,-0.179476,0.938796,-0.119651,0.090505,-1.004757,0.220893,-3.048020,3.041884,-0.032214,-0.173340,0.929592,-0.119651,0.087437,-1.006291,0.214757,-3.048020,3.041884
0,354,7.080000,commanding,-0.032214,-0.179476,0.938796,-0.121184,0.090505,-1.004757,0.220893,-3.048020,3.041884,-0.032214,-0.173340,0.929592,-0.119651,0.087437,-1.006291,0.214757,-3.048020,3.041884
0,355,7.100000,commanding,-0.032214,-0.179476,0.937262,-0.121184,0.090505,-1.004757,0.220893,-3.048020,3.041884,-0.032214,-0.173340,0.929592,-0.119651,0.087437,-1.006291,0.214757,-3.048020,3.041884
0,356,7.120000,commanding,-0.032214,-0.179476,0.938796,-0.121184,0.090505,-1.004757,0.220893,-3.048020,3.041884,-0.032214,-0.173340,0.929592,-0.119651,0.087437,-1.006291,0.214757,-3.048020,3.041884
0,357,7.140000,commanding,-0.032214,-0.179476,0.938796,-0.121184,0.090505,-1.004757,0.220893,-3.048020,3.041884,-0.032214,-0.173340,0.929592,-0.119651,0.087437,-1.006291,0.214757,-3.048020,3.041884
0,358,7.160000,commanding,-0.032214,-0.179476,0.938796,-0.121184,0.090505,-1.004757,0.220893,-3.048020,3.041884,-0.032214,-0.173340,0.929592,-0.119651,0.087437,-1.006291,0.214757,-3.048020,3.041884
0,359,7.180000,commanding,-0.032214,-0.179476,0.938796,-0.121184,0.090505,-1.004757,0.220893,-3.048020,3.041884,-0.032214,-0.173340,0.929592,-0.119651,0.087437,-1.006291,0.214757,-3.048020,3.041884
0,360,7.200000,commanding,-0.032214,-0.179476,0.938796,-0.121184,0.090505,-1.004757,0.220893,-3.048020,3.041884,-0.032214,-0.173340,0.929592,-0.119651,0.087437,-1.006291,0.214757,-3.048020,3.041884
0,361,7.220000,commanding,-0.032214,-0.179476,0.938796,-0.121184,0.090505,-1.004757,0.220893,-3.048020,3.041884,-0.032214,-0.173340,0.929592,-0.119651,0.087437,-1.006291,0.214757,-3.048020,3.041884
0,362,7.240000,commanding,-0.032214,-0.179476,0.938796,-0.121184,0.090505,-1.004757,0.220893,-3.048020,3.041884,-0.032214,-0.173340,0.929592,-0.119651,0.087437,-1.006291,0.214757,-3.048020,3.041884
0,363,7.260000,commanding,-0.032214,-0.179476,0.938796,-0.121184,0.090505,-1.004757,0.220893,-3.048020,3.041884,-0.032214,-0.173340,0.929592,-0.119651,0.087437,-1.006291,0.214757,-3.048020,3.041884
0,364,7.280000,commanding,-0.032214,-0.179476,0.937262,-0.121184,0.090505,-1.004757,0.220893,-3.048020,3.041884,-0.032214,-0.173340,0.929592,-0.119651,0.087437,-1.006291,0.214757,-3.048020,3.041884
0,365,7.300000,commanding,-0.032214,-0.179476,0.938796,-0.121184,0.090505,-1.004757,0.220893,-3.048020,3.041884,-0.032214,-0.173340,0.929592,-0.119651,0.087437,-1.006291,0.214757,-3.048020,3.041884
0,366,7.320000,commanding,-0.032214,-0.179476,0.938796,-0.121184,0.090505,-1.004757,0.220893,-3.048020,3.041884,-0.032214,-0.173340,0.929592,-0.119651,0.087437,-1.006291,0.214757,-3.048020,3.041884
0,367,7.340000,commanding,-0.032214,-0.179476,0.938796,-0.121184,0.090505,-1.004757,0.220893,-3.048020,3.041884,-0.032214,-0.173340,0.929592,-0.119651,0.087437,-1.006291,0.214757,-3.048020,3.041884
0,368,7.360000,commanding,-0.032214,-0.179476,0.938796,-0.121184,0.090505,-1.004757,0.220893,-3.048020,3.041884,-0.032214,-0.173340,0.929592,-0.119651,0.087437,-1.006291,0.214757,-3.048020,3.041884
0,369,7.380000,commanding,-0.032214,-0.179476,0.938796,-0.121184,0.090505,-1.004757,0.220893,-3.048020,3.041884,-0.032214,-0.173340,0.929592,-0.119651,0.087437,-1.006291,0.214757,-3.048020,3.041884
0,370,7.400000,commanding,-0.032214,-0.179476,0.938796,-0.121184,0.090505,-1.004757,0.220893,-3.048020,3.041884,-0.032214,-0.173340,0.929592,-0.119651,0.087437,-1.006291,0.214757,-3.048020,3.041884
0,371,7.420000,commanding,-0.032214,-0.179476,0.938796,-0.121184,0.090505,-1.004757,0.220893,-3.048020,3.041884,-0.032214,-0.173340,0.929592,-0.119651,0.087437,-1.006291,0.214757,-3.048020,3.041884
0,372,7.440000,commanding,-0.032214,-0.179476,0.938796,-0.121184,0.090505,-1.004757,0.220893,-3.048020,3.041884,-0.032214,-0.173340,0.929592,-0.119651,0.087437,-1.006291,0.214757,-3.048020,3.041884
0,373,7.460000,commanding,-0.032214,-0.179476,0.937262,-0.121184,0.090505,-1.004757,0.220893,-3.048020,3.041884,-0.032214,-0.173340,0.929592,-0.119651,0.087437,-1.006291,0.214757,-3.048020,3.041884
0,374,7.480000,commanding,-0.032214,-0.179476,0.938796,-0.121184,0.090505,-1.004757,0.220893,-3.048020,3.041884,-0.032214,-0.173340,0.929592,-0.119651,0.087437,-1.006291,0.214757,-3.048020,3.041884
0,375,7.500000,commanding,-0.032214,-0.179476,0.938796,-0.121184,0.090505,-1.004757,0.220893,-3.048020,3.041884,-0.032214,-0.173340,0.929592,-0.119651,0.087437,-1.006291,0.214757,-3.048020,3.041884
0,376,7.520000,commanding,-0.032214,-0.179476,0.938796,-0.121184,0.090505,-1.004757,0.220893,-3.048020,3.041884,-0.032214,-0.173340,0.929592,-0.119651,0.087437,-1.006291,0.214757,-3.048020,3.041884
0,377,7.540000,commanding,-0.032214,-0.179476,0.938796,-0.121184,0.090505,-1.004757,0.220893,-3.048020,3.041884,-0.032214,-0.173340,0.929592,-0.119651,0.087437,-1.006291,0.214757,-3.048020,3.041884
0,378,7.560000,commanding,-0.032214,-0.179476,0.938796,-0.121184,0.090505,-1.004757,0.220893,-3.048020,3.041884,-0.032214,-0.173340,0.929592,-0.119651,0.087437,-1.006291,0.214757,-3.048020,3.041884
0,379,7.580000,commanding,-0.032214,-0.179476,0.938796,-0.121184,0.090505,-1.004757,0.220893,-3.048020,3.041884,-0.032214,-0.173340,0.929592,-0.119651,0.087437,-1.006291,0.214757,-3.048020,3.041884
0,380,7.600000,commanding,-0.032214,-0.179476,0.938796,-0.121184,0.090505,-1.004757,0.220893,-3.048020,3.041884,-0.032214,-0.173340,0.929592,-0.119651,0.087437,-1.006291,0.214757,-3.048020,3.041884
0,381,7.620000,commanding,-0.032214,-0.179476,0.938796,-0.121184,0.090505,-1.004757,0.220893,-3.048020,3.041884,-0.032214,-0.173340,0.929592,-0.119651,0.087437,-1.006291,0.214757,-3.048020,3.041884
0,382,7.640000,commanding,-0.032214,-0.179476,0.938796,-0.121184,0.090505,-1.004757,0.220893,-3.048020,3.041884,-0.032214,-0.173340,0.929592,-0.119651,0.087437,-1.006291,0.214757,-3.048020,3.041884
0,383,7.660000,commanding,-0.032214,-0.179476,0.938796,-0.121184,0.090505,-1.004757,0.220893,-3.048020,3.041884,-0.032214,-0.173340,0.929592,-0.119651,0.087437,-1.006291,0.214757,-3.048020,3.041884
0,384,7.680000,commanding,-0.032214,-0.179476,0.938796,-0.121184,0.090505,-1.004757,0.220893,-3.048020,3.041884,-0.032214,-0.173340,0.929592,-0.119651,0.087437,-1.006291,0.214757,-3.048020,3.041884
0,385,7.700000,commanding,-0.032214,-0.179476,0.938796,-0.121184,0.090505,-1.004757,0.220893,-3.048020,3.041884,-0.032214,-0.173340,0.929592,-0.119651,0.087437,-1.006291,0.214757,-3.048020,3.041884
0,386,7.720000,commanding,-0.032214,-0.179476,0.938796,-0.121184,0.090505,-1.004757,0.220893,-3.048020,3.041884,-0.032214,-0.173340,0.929592,-0.119651,0.087437,-1.006291,0.214757,-3.048020,3.041884
0,387,7.740000,commanding,-0.032214,-0.179476,0.938796,-0.121184,0.090505,-1.004757,0.220893,-3.048020,3.041884,-0.032214,-0.173340,0.929592,-0.119651,0.087437,-1.006291,0.214757,-3.048020,3.041884
0,388,7.760000,commanding,-0.032214,-0.179476,0.938796,-0.121184,0.090505,-1.004757,0.220893,-3.048020,3.041884,-0.032214,-0.173340,0.929592,-0.119651,0.087437,-1.006291,0.214757,-3.048020,3.041884
0,389,7.780000,commanding,-0.032214,-0.179476,0.938796,-0.121184,0.090505,-1.004757,0.220893,-3.048020,3.041884,-0.032214,-0.173340,0.929592,-0.119651,0.087437,-1.006291,0.214757,-3.048020,3.041884
0,390,7.800000,commanding,-0.032214,-0.179476,0.938796,-0.121184,0.090505,-1.004757,0.220893,-3.048020,3.041884,-0.032214,-0.173340,0.929592,-0.119651,0.087437,-1.006291,0.214757,-3.048020,3.041884
0,391,7.820000,commanding,-0.032214,-0.179476,0.937262,-0.121184,0.090505,-1.004757,0.220893,-3.048020,3.041884,-0.032214,-0.173340,0.929592,-0.119651,0.087437,-1.006291,0.214757,-3.048020,3.041884
0,392,7.840000,commanding,-0.032214,-0.179476,0.938796,-0.121184,0.090505,-1.004757,0.220893,-3.048020,3.041884,-0.032214,-0.173340,0.929592,-0.119651,0.087437,-1.006291,0.214757,-3.048020,3.041884
0,393,7.860000,commanding,-0.032214,-0.179476,0.938796,-0.121184,0.090505,-1.004757,0.220893,-3.048020,3.041884,-0.032214,-0.173340,0.929592,-0.119651,0.087437,-1.006291,0.214757,-3.048020,3.041884
0,394,7.880000,commanding,-0.032214,-0.179476,0.938796,-0.121184,0.090505,-1.004757,0.220893,-3.048020,3.041884,-0.032214,-0.173340,0.929592,-0.119651,0.087437,-1.006291,0.214757,-3.048020,3.041884
0,395,7.900000,commanding,-0.032214,-0.179476,0.937262,-0.121184,0.090505,-1.004757,0.220893,-3.048020,3.041884,-0.032214,-0.173340,0.929592,-0.119651,0.087437,-1.006291,0.214757,-3.048020,3.041884
0,396,7.920000,commanding,-0.032214,-0.179476,0.938796,-0.121184,0.090505,-1.004757,0.220893,-3.048020,3.041884,-0.032214,-0.173340,0.929592,-0.119651,0.087437,-1.006291,0.214757,-3.048020,3.041884
0,397,7.940000,commanding,-0.032214,-0.179476,0.938796,-0.121184,0.090505,-1.004757,0.220893,-3.048020,3.041884,-0.032214,-0.173340,0.929592,-0.119651,0.087437,-1.006291,0.214757,-3.048020,3.041884
0,398,7.960000,commanding,-0.032214,-0.179476,0.938796,-0.121184,0.090505,-1.004757,0.220893,-3.048020,3.041884,-0.032214,-0.173340,0.929592,-0.119651,0.087437,-1.006291,0.214757,-3.048020,3.041884
0,399,7.980000,commanding,-0.032214,-0.179476,0.938796,-0.121184,0.090505,-1.004757,0.220893,-3.048020,3.041884,-0.032214,-0.173340,0.929592,-0.119651,0.087437,-1.006291,0.214757,-3.048020,3.041884
0,400,8.000000,commanding,-0.032214,-0.179476,0.937262,-0.121184,0.090505,-1.004757,0.220893,-3.048020,3.041884,-0.032214,-0.173340,0.929592,-0.119651,0.087437,-1.006291,0.214757,-3.048020,3.041884
0,401,8.020000,commanding,-0.032214,-0.179476,0.937262,-0.121184,0.090505,-1.004757,0.220893,-3.048020,3.041884,-0.032214,-0.173340,0.929592,-0.119651,0.087437,-1.006291,0.214757,-3.048020,3.041884
0,402,8.040000,commanding,-0.032214,-0.179476,0.938796,-0.121184,0.090505,-1.004757,0.220893,-3.048020,3.041884,-0.032214,-0.173340,0.929592,-0.119651,0.087437,-1.006291,0.214757,-3.048020,3.041884
0,403,8.060000,commanding,-0.032214,-0.179476,0.938796,-0.121184,0.090505,-1.004757,0.220893,-3.048020,3.041884,-0.032214,-0.173340,0.929592,-0.119651,0.087437,-1.006291,0.214757,-3.048020,3.041884
0,404,8.080000,commanding,-0.032214,-0.179476,0.938796,-0.121184,0.090505,-1.004757,0.220893,-3.048020,3.041884,-0.032214,-0.173340,0.929592,-0.119651,0.087437,-1.006291,0.214757,-3.048020,3.041884
0,405,8.100000,commanding,-0.032214,-0.179476,0.938796,-0.121184,0.090505,-1.004757,0.220893,-3.048020,3.041884,-0.032214,-0.173340,0.929592,-0.119651,0.087437,-1.006291,0.214757,-3.048020,3.041884
0,406,8.120000,commanding,-0.032214,-0.179476,0.938796,-0.121184,0.090505,-1.004757,0.220893,-3.048020,3.041884,-0.032214,-0.173340,0.929592,-0.119651,0.087437,-1.006291,0.214757,-3.048020,3.041884
0,407,8.140000,commanding,-0.032214,-0.179476,0.938796,-0.121184,0.090505,-1.004757,0.220893,-3.048020,3.041884,-0.032214,-0.173340,0.929592,-0.119651,0.087437,-1.006291,0.214757,-3.048020,3.041884
0,408,8.160000,commanding,-0.032214,-0.179476,0.938796,-0.121184,0.090505,-1.004757,0.220893,-3.048020,3.041884,-0.032214,-0.173340,0.929592,-0.119651,0.087437,-1.006291,0.214757,-3.048020,3.041884
0,409,8.180000,commanding,-0.032214,-0.179476,0.938796,-0.121184,0.090505,-1.004757,0.220893,-3.048020,3.041884,-0.032214,-0.173340,0.929592,-0.119651,0.087437,-1.006291,0.214757,-3.048020,3.041884
0,410,8.200000,commanding,-0.032214,-0.179476,0.938796,-0.121184,0.090505,-1.004757,0.220893,-3.048020,3.041884,-0.032214,-0.173340,0.929592,-0.119651,0.087437,-1.006291,0.214757,-3.048020,3.041884
0,411,8.220000,commanding,-0.032214,-0.179476,0.938796,-0.121184,0.090505,-1.004757,0.220893,-3.048020,3.041884,-0.032214,-0.173340,0.929592,-0.119651,0.087437,-1.006291,0.214757,-3.048020,3.041884
0,412,8.240000,commanding,-0.032214,-0.179476,0.938796,-0.121184,0.090505,-1.004757,0.220893,-3.048020,3.041884,-0.032214,-0.173340,0.929592,-0.119651,0.087437,-1.006291,0.214757,-3.048020,3.041884
0,413,8.260000,commanding,-0.032214,-0.179476,0.938796,-0.121184,0.090505,-1.004757,0.220893,-3.048020,3.041884,-0.032214,-0.173340,0.929592,-0.119651,0.087437,-1.006291,0.214757,-3.048020,3.041884
0,414,8.280000,commanding,-0.032214,-0.179476,0.938796,-0.121184,0.090505,-1.004757,0.220893,-3.048020,3.041884,-0.032214,-0.173340,0.929592,-0.119651,0.087437,-1.006291,0.214757,-3.048020,3.041884
0,415,8.300000,commanding,-0.032214,-0.179476,0.938796,-0.121184,0.090505,-1.004757,0.220893,-3.048020,3.041884,-0.032214,-0.173340,0.929592,-0.119651,0.087437,-1.006291,0.214757,-3.048020,3.041884
0,416,8.320000,commanding,-0.032214,-0.179476,0.938796,-0.121184,0.090505,-1.004757,0.220893,-3.048020,3.041884,-0.032214,-0.173340,0.929592,-0.119651,0.087437,-1.006291,0.214757,-3.048020,3.041884
0,417,8.340000,commanding,-0.032214,-0.179476,0.938796,-0.121184,0.090505,-1.004757,0.220893,-3.048020,3.041884,-0.032214,-0.173340,0.929592,-0.119651,0.087437,-1.006291,0.214757,-3.048020,3.041884
0,418,8.360000,commanding,-0.032214,-0.179476,0.937262,-0.121184,0.090505,-1.004757,0.220893,-3.048020,3.041884,-0.032214,-0.173340,0.929592,-0.119651,0.087437,-1.006291,0.214757,-3.048020,3.041884
0,419,8.380000,commanding,-0.032214,-0.179476,0.938796,-0.121184,0.090505,-1.004757,0.220893,-3.048020,3.041884,-0.032214,-0.173340,0.929592,-0.119651,0.087437,-1.006291,0.214757,-3.048020,3.041884
0,420,8.400000,commanding,-0.032214,-0.179476,0.938796,-0.121184,0.090505,-1.004757,0.220893,-3.048020,3.041884,-0.032214,-0.173340,0.929592,-0.119651,0.087437,-1.006291,0.214757,-3.048020,3.041884
0,421,8.420000,commanding,-0.032214,-0.179476,0.938796,-0.121184,0.090505,-1.004757,0.220893,-3.048020,3.041884,-0.032214,-0.173340,0.929592,-0.119651,0.087437,-1.006291,0.214757,-3.048020,3.041884
0,422,8.440000,commanding,-0.032214,-0.179476,0.938796,-0.121184,0.090505,-1.004757,0.220893,-3.048020,3.041884,-0.032214,-0.173340,0.929592,-0.119651,0.087437,-1.006291,0.214757,-3.048020,3.041884
0,423,8.460000,commanding,-0.032214,-0.179476,0.938796,-0.121184,0.090505,-1.004757,0.220893,-3.048020,3.041884,-0.032214,-0.173340,0.929592,-0.119651,0.087437,-1.006291,0.214757,-3.048020,3.041884
0,424,8.480000,commanding,-0.032214,-0.179476,0.938796,-0.121184,0.090505,-1.004757,0.220893,-3.048020,3.041884,-0.032214,-0.173340,0.929592,-0.119651,0.087437,-1.006291,0.214757,-3.048020,3.041884
0,425,8.500000,commanding,-0.032214,-0.179476,0.938796,-0.121184,0.090505,-1.004757,0.220893,-3.048020,3.041884,-0.032214,-0.173340,0.929592,-0.119651,0.087437,-1.006291,0.214757,-3.048020,3.041884
0,426,8.520000,commanding,-0.032214,-0.179476,0.938796,-0.121184,0.090505,-1.004757,0.220893,-3.048020,3.041884,-0.032214,-0.173340,0.929592,-0.119651,0.087437,-1.006291,0.214757,-3.048020,3.041884
0,427,8.540000,commanding,-0.032214,-0.179476,0.938796,-0.121184,0.090505,-1.004757,0.220893,-3.048020,3.041884,-0.032214,-0.173340,0.929592,-0.119651,0.087437,-1.006291,0.214757,-3.048020,3.041884
0,428,8.560000,commanding,-0.032214,-0.179476,0.938796,-0.121184,0.090505,-1.004757,0.220893,-3.048020,3.041884,-0.032214,-0.173340,0.929592,-0.119651,0.087437,-1.006291,0.214757,-3.048020,3.041884
0,429,8.580000,commanding,-0.032214,-0.179476,0.938796,-0.121184,0.090505,-1.004757,0.220893,-3.048020,3.041884,-0.032214,-0.173340,0.929592,-0.119651,0.087437,-1.006291,0.214757,-3.048020,3.041884
0,430,8.600000,commanding,-0.032214,-0.179476,0.938796,-0.121184,0.090505,-1.004757,0.220893,-3.048020,3.041884,-0.032214,-0.173340,0.929592,-0.119651,0.087437,-1.006291,0.214757,-3.048020,3.041884
0,431,8.620000,commanding,-0.032214,-0.179476,0.938796,-0.121184,0.090505,-1.004757,0.220893,-3.048020,3.041884,-0.032214,-0.173340,0.929592,-0.119651,0.087437,-1.006291,0.214757,-3.048020,3.041884
0,432,8.640000,commanding,-0.032214,-0.179476,0.938796,-0.121184,0.090505,-1.004757,0.220893,-3.048020,3.041884,-0.032214,-0.173340,0.929592,-0.119651,0.087437,-1.006291,0.214757,-3.048020,3.041884
0,433,8.660000,commanding,-0.032214,-0.179476,0.938796,-0.121184,0.090505,-1.004757,0.220893,-3.048020,3.041884,-0.032214,-0.173340,0.929592,-0.119651,0.087437,-1.006291,0.214757,-3.048020,3.041884
0,434,8.680000,commanding,-0.032214,-0.179476,0.938796,-0.121184,0.090505,-1.004757,0.220893,-3.048020,3.041884,-0.032214,-0.173340,0.929592,-0.119651,0.087437,-1.006291,0.214757,-3.048020,3.041884
0,435,8.700000,commanding,-0.032214,-0.179476,0.938796,-0.121184,0.090505,-1.004757,0.220893,-3.048020,3.041884,-0.032214,-0.173340,0.929592,-0.119651,0.087437,-1.006291,0.214757,-3.048020,3.041884
0,436,8.720000,commanding,-0.032214,-0.179476,0.938796,-0.121184,0.090505,-1.004757,0.220893,-3.048020,3.041884,-0.032214,-0.173340,0.929592,-0.119651,0.087437,-1.006291,0.214757,-3.048020,3.041884
0,437,8.740000,commanding,-0.032214,-0.179476,0.938796,-0.121184,0.090505,-1.004757,0.220893,-3.048020,3.041884,-0.032214,-0.173340,0.929592,-0.119651,0.087437,-1.006291,0.214757,-3.048020,3.041884
0,438,8.760000,commanding,-0.032214,-0.179476,0.938796,-0.121184,0.090505,-1.004757,0.220893,-3.048020,3.041884,-0.032214,-0.173340,0.929592,-0.119651,0.087437,-1.006291,0.214757,-3.048020,3.041884
0,439,8.780000,commanding,-0.032214,-0.179476,0.938796,-0.121184,0.090505,-1.004757,0.220893,-3.048020,3.041884,-0.032214,-0.173340,0.929592,-0.119651,0.087437,-1.006291,0.214757,-3.048020,3.041884
0,440,8.800000,commanding,-0.032214,-0.179476,0.938796,-0.121184,0.090505,-1.004757,0.220893,-3.048020,3.041884,-0.032214,-0.173340,0.929592,-0.119651,0.087437,-1.006291,0.214757,-3.048020,3.041884
0,441,8.820000,commanding,-0.032214,-0.179476,0.938796,-0.121184,0.090505,-1.004757,0.220893,-3.048020,3.041884,-0.032214,-0.173340,0.929592,-0.119651,0.087437,-1.006291,0.214757,-3.048020,3.041884
0,442,8.840000,commanding,-0.032214,-0.179476,0.938796,-0.121184,0.090505,-1.004757,0.220893,-3.048020,3.041884,-0.032214,-0.173340,0.929592,-0.119651,0.087437,-1.006291,0.214757,-3.048020,3.041884
0,443,8.860000,commanding,-0.032214,-0.179476,0.938796,-0.121184,0.090505,-1.004757,0.220893,-3.048020,3.041884,-0.032214,-0.173340,0.929592,-0.119651,0.087437,-1.006291,0.214757,-3.048020,3.041884
0,444,8.880000,commanding,-0.032214,-0.179476,0.938796,-0.121184,0.090505,-1.004757,0.220893,-3.048020,3.041884,-0.032214,-0.173340,0.929592,-0.119651,0.087437,-1.006291,0.214757,-3.048020,3.041884
0,445,8.900000,commanding,-0.032214,-0.179476,0.938796,-0.121184,0.090505,-1.004757,0.220893,-3.048020,3.041884,-0.032214,-0.173340,0.929592,-0.119651,0.087437,-1.006291,0.214757,-3.048020,3.041884
0,446,8.920000,commanding,-0.032214,-0.179476,0.938796,-0.121184,0.090505,-1.004757,0.220893,-3.048020,3.041884,-0.032214,-0.173340,0.929592,-0.119651,0.087437,-1.006291,0.214757,-3.048020,3.041884
0,447,8.940000,commanding,-0.032214,-0.179476,0.938796,-0.121184,0.090505,-1.004757,0.220893,-3.048020,3.041884,-0.032214,-0.173340,0.929592,-0.119651,0.087437,-1.006291,0.214757,-3.048020,3.041884
0,448,8.960000,commanding,-0.032214,-0.179476,0.938796,-0.121184,0.090505,-1.004757,0.220893,-3.048020,3.041884,-0.032214,-0.173340,0.929592,-0.119651,0.087437,-1.006291,0.214757,-3.048020,3.041884
0,449,8.980000,commanding,-0.032214,-0.179476,0.938796,-0.121184,0.090505,-1.004757,0.220893,-3.048020,3.041884,-0.032214,-0.173340,0.929592,-0.119651,0.087437,-1.006291,0.214757,-3.048020,3.041884
0,450,9.000000,commanding,-0.032214,-0.179476,0.938796,-0.121184,0.090505,-1.004757,0.220893,-3.048020,3.041884,-0.032214,-0.173340,0.929592,-0.119651,0.087437,-1.006291,0.214757,-3.048020,3.041884
0,451,9.020000,commanding,-0.032214,-0.179476,0.938796,-0.121184,0.090505,-1.004757,0.220893,-3.048020,3.041884,-0.032214,-0.173340,0.929592,-0.119651,0.087437,-1.006291,0.214757,-3.048020,3.041884
0,452,9.040000,commanding,-0.032214,-0.179476,0.938796,-0.121184,0.090505,-1.004757,0.220893,-3.048020,3.041884,-0.032214,-0.173340,0.929592,-0.119651,0.087437,-1.006291,0.214757,-3.048020,3.041884
0,453,9.060000,commanding,-0.032214,-0.179476,0.938796,-0.121184,0.090505,-1.004757,0.220893,-3.048020,3.041884,-0.032214,-0.173340,0.929592,-0.119651,0.087437,-1.006291,0.214757,-3.048020,3.041884
0,454,9.080000,commanding,-0.032214,-0.179476,0.938796,-0.121184,0.090505,-1.004757,0.220893,-3.048020,3.041884,-0.032214,-0.173340,0.929592,-0.119651,0.087437,-1.006291,0.214757,-3.048020,3.041884
0,455,9.100000,commanding,-0.032214,-0.179476,0.938796,-0.121184,0.090505,-1.004757,0.220893,-3.048020,3.041884,-0.032214,-0.173340,0.929592,-0.119651,0.087437,-1.006291,0.214757,-3.048020,3.041884
0,456,9.120000,commanding,-0.032214,-0.179476,0.938796,-0.121184,0.090505,-1.004757,0.220893,-3.048020,3.041884,-0.032214,-0.173340,0.929592,-0.119651,0.087437,-1.006291,0.214757,-3.048020,3.041884
0,457,9.140000,commanding,-0.032214,-0.179476,0.938796,-0.121184,0.090505,-1.004757,0.220893,-3.048020,3.041884,-0.032214,-0.173340,0.929592,-0.119651,0.087437,-1.006291,0.214757,-3.048020,3.041884
0,458,9.160000,commanding,-0.032214,-0.179476,0.938796,-0.121184,0.090505,-1.004757,0.220893,-3.048020,3.041884,-0.032214,-0.173340,0.929592,-0.119651,0.087437,-1.006291,0.214757,-3.048020,3.041884
0,459,9.180000,commanding,-0.032214,-0.179476,0.938796,-0.121184,0.090505,-1.004757,0.220893,-3.048020,3.041884,-0.032214,-0.173340,0.929592,-0.119651,0.087437,-1.006291,0.214757,-3.048020,3.041884
0,460,9.200000,commanding,-0.032214,-0.179476,0.938796,-0.121184,0.090505,-1.004757,0.220893,-3.048020,3.041884,-0.032214,-0.173340,0.929592,-0.119651,0.087437,-1.006291,0.214757,-3.048020,3.041884
0,461,9.220000,commanding,-0.032214,-0.179476,0.938796,-0.121184,0.090505,-1.004757,0.220893,-3.048020,3.041884,-0.032214,-0.173340,0.929592,-0.119651,0.087437,-1.006291,0.214757,-3.048020,3.041884
0,462,9.240000,commanding,-0.032214,-0.179476,0.938796,-0.121184,0.090505,-1.004757,0.220893,-3.048020,3.041884,-0.032214,-0.173340,0.929592,-0.119651,0.087437,-1.006291,0.214757,-3.048020,3.041884
0,463,9.260000,commanding,-0.032214,-0.179476,0.938796,-0.121184,0.090505,-1.004757,0.220893,-3.048020,3.041884,-0.032214,-0.173340,0.929592,-0.119651,0.087437,-1.006291,0.214757,-3.048020,3.041884
0,464,9.280000,commanding,-0.032214,-0.179476,0.938796,-0.121184,0.090505,-1.004757,0.220893,-3.048020,3.041884,-0.032214,-0.173340,0.929592,-0.119651,0.087437,-1.006291,0.214757,-3.048020,3.041884
0,465,9.300000,commanding,-0.032214,-0.179476,0.938796,-0.121184,0.090505,-1.004757,0.220893,-3.048020,3.041884,-0.032214,-0.173340,0.929592,-0.119651,0.087437,-1.006291,0.214757,-3.048020,3.041884
0,466,9.320000,commanding,-0.032214,-0.179476,0.938796,-0.121184,0.090505,-1.004757,0.220893,-3.048020,3.041884,-0.032214,-0.173340,0.929592,-0.119651,0.087437,-1.006291,0.214757,-3.048020,3.041884
0,467,9.340000,commanding,-0.032214,-0.179476,0.938796,-0.121184,0.090505,-1.004757,0.220893,-3.048020,3.041884,-0.032214,-0.173340,0.929592,-0.119651,0.087437,-1.006291,0.214757,-3.048020,3.041884
0,468,9.360000,commanding,-0.032214,-0.179476,0.938796,-0.121184,0.090505,-1.004757,0.220893,-3.048020,3.041884,-0.032214,-0.173340,0.929592,-0.119651,0.087437,-1.006291,0.214757,-3.048020,3.041884
0,469,9.380000,commanding,-0.032214,-0.179476,0.938796,-0.121184,0.090505,-1.004757,0.220893,-3.048020,3.041884,-0.032214,-0.173340,0.929592,-0.119651,0.087437,-1.006291,0.214757,-3.048020,3.041884
0,470,9.400000,commanding,-0.032214,-0.179476,0.938796,-0.121184,0.090505,-1.004757,0.220893,-3.048020,3.041884,-0.032214,-0.173340,0.929592,-0.119651,0.087437,-1.006291,0.214757,-3.048020,3.041884
0,471,9.420000,commanding,-0.032214,-0.179476,0.938796,-0.121184,0.090505,-1.004757,0.220893,-3.048020,3.041884,-0.032214,-0.173340,0.929592,-0.119651,0.087437,-1.006291,0.214757,-3.048020,3.041884
0,472,9.440000,commanding,-0.032214,-0.179476,0.938796,-0.121184,0.090505,-1.004757,0.220893,-3.048020,3.041884,-0.032214,-0.173340,0.929592,-0.119651,0.087437,-1.006291,0.214757,-3.048020,3.041884
0,473,9.460000,commanding,-0.032214,-0.179476,0.938796,-0.121184,0.090505,-1.004757,0.220893,-3.048020,3.041884,-0.032214,-0.173340,0.929592,-0.119651,0.087437,-1.006291,0.214757,-3.048020,3.041884
0,474,9.480000,commanding,-0.032214,-0.179476,0.938796,-0.121184,0.090505,-1.004757,0.220893,-3.048020,3.041884,-0.032214,-0.173340,0.929592,-0.119651,0.087437,-1.006291,0.214757,-3.048020,3.041884
0,475,9.500000,commanding,-0.032214,-0.179476,0.938796,-0.121184,0.090505,-1.004757,0.220893,-3.048020,3.041884,-0.032214,-0.173340,0.929592,-0.119651,0.087437,-1.006291,0.214757,-3.048020,3.041884
0,476,9.520000,commanding,-0.032214,-0.179476,0.937262,-0.121184,0.090505,-1.004757,0.220893,-3.048020,3.041884,-0.032214,-0.173340,0.929592,-0.119651,0.087437,-1.006291,0.214757,-3.048020,3.041884
0,477,9.540000,commanding,-0.032214,-0.179476,0.938796,-0.121184,0.090505,-1.004757,0.220893,-3.048020,3.041884,-0.032214,-0.173340,0.929592,-0.119651,0.087437,-1.006291,0.214757,-3.048020,3.041884
0,478,9.560000,commanding,-0.032214,-0.179476,0.938796,-0.121184,0.090505,-1.004757,0.220893,-3.048020,3.041884,-0.032214,-0.173340,0.929592,-0.119651,0.087437,-1.006291,0.214757,-3.048020,3.041884
0,479,9.580000,commanding,-0.032214,-0.179476,0.938796,-0.121184,0.090505,-1.004757,0.220893,-3.048020,3.041884,-0.032214,-0.173340,0.929592,-0.119651,0.087437,-1.006291,0.214757,-3.048020,3.041884
0,480,9.600000,commanding,-0.032214,-0.179476,0.938796,-0.121184,0.090505,-1.004757,0.220893,-3.048020,3.041884,-0.032214,-0.173340,0.929592,-0.119651,0.087437,-1.006291,0.214757,-3.048020,3.041884
0,481,9.620000,commanding,-0.032214,-0.179476,0.938796,-0.121184,0.090505,-1.004757,0.220893,-3.048020,3.041884,-0.032214,-0.173340,0.929592,-0.119651,0.087437,-1.006291,0.214757,-3.048020,3.041884
0,482,9.640000,commanding,-0.032214,-0.179476,0.938796,-0.121184,0.090505,-1.004757,0.220893,-3.048020,3.041884,-0.032214,-0.173340,0.929592,-0.119651,0.087437,-1.006291,0.214757,-3.048020,3.041884
0,483,9.660000,commanding,-0.032214,-0.179476,0.938796,-0.121184,0.090505,-1.004757,0.220893,-3.048020,3.041884,-0.032214,-0.173340,0.929592,-0.119651,0.087437,-1.006291,0.214757,-3.048020,3.041884
0,484,9.680000,commanding,-0.032214,-0.179476,0.938796,-0.121184,0.090505,-1.004757,0.220893,-3.048020,3.041884,-0.032214,-0.173340,0.929592,-0.119651,0.087437,-1.006291,0.214757,-3.048020,3.041884
0,485,9.700000,commanding,-0.032214,-0.179476,0.938796,-0.121184,0.090505,-1.004757,0.220893,-3.048020,3.041884,-0.032214,-0.173340,0.929592,-0.119651,0.087437,-1.006291,0.214757,-3.048020,3.041884
0,486,9.720000,commanding,-0.032214,-0.179476,0.938796,-0.121184,0.090505,-1.004757,0.220893,-3.048020,3.041884,-0.032214,-0.173340,0.929592,-0.119651,0.087437,-1.006291,0.214757,-3.048020,3.041884
0,487,9.740000,commanding,-0.032214,-0.179476,0.938796,-0.121184,0.090505,-1.004757,0.220893,-3.048020,3.041884,-0.032214,-0.173340,0.929592,-0.119651,0.087437,-1.006291,0.214757,-3.048020,3.041884
0,488,9.760000,commanding,-0.032214,-0.179476,0.938796,-0.121184,0.090505,-1.004757,0.220893,-3.048020,3.041884,-0.032214,-0.173340,0.929592,-0.119651,0.087437,-1.006291,0.214757,-3.048020,3.041884
0,489,9.780000,commanding,-0.032214,-0.179476,0.938796,-0.121184,0.090505,-1.004757,0.220893,-3.048020,3.041884,-0.032214,-0.173340,0.929592,-0.119651,0.087437,-1.006291,0.214757,-3.048020,3.041884
0,490,9.800000,commanding,-0.032214,-0.179476,0.938796,-0.121184,0.090505,-1.004757,0.220893,-3.048020,3.041884,-0.032214,-0.173340,0.929592,-0.119651,0.087437,-1.006291,0.214757,-3.048020,3.041884
0,491,9.820000,commanding,-0.032214,-0.179476,0.938796,-0.121184,0.090505,-1.004757,0.220893,-3.048020,3.041884,-0.032214,-0.173340,0.929592,-0.119651,0.087437,-1.006291,0.214757,-3.048020,3.041884
0,492,9.840000,commanding,-0.032214,-0.179476,0.937262,-0.121184,0.090505,-1.004757,0.220893,-3.048020,3.041884,-0.032214,-0.173340,0.929592,-0.119651,0.087437,-1.006291,0.214757,-3.048020,3.041884
0,493,9.860000,commanding,-0.032214,-0.179476,0.938796,-0.121184,0.090505,-1.004757,0.220893,-3.048020,3.041884,-0.032214,-0.173340,0.929592,-0.119651,0.087437,-1.006291,0.214757,-3.048020,3.041884
0,494,9.880000,commanding,-0.032214,-0.179476,0.937262,-0.121184,0.090505,-1.004757,0.220893,-3.048020,3.041884,-0.032214,-0.173340,0.929592,-0.119651,0.087437,-1.006291,0.214757,-3.048020,3.041884
0,495,9.900000,commanding,-0.032214,-0.179476,0.938796,-0.121184,0.090505,-1.004757,0.220893,-3.048020,3.041884,-0.032214,-0.173340,0.929592,-0.119651,0.087437,-1.006291,0.214757,-3.048020,3.041884
0,496,9.920000,commanding,-0.032214,-0.179476,0.938796,-0.121184,0.090505,-1.004757,0.220893,-3.048020,3.041884,-0.032214,-0.173340,0.929592,-0.119651,0.087437,-1.006291,0.214757,-3.048020,3.041884
0,497,9.940000,commanding,-0.032214,-0.179476,0.938796,-0.121184,0.090505,-1.004757,0.220893,-3.048020,3.041884,-0.032214,-0.173340,0.929592,-0.119651,0.087437,-1.006291,0.214757,-3.048020,3.041884
0,498,9.960000,commanding,-0.032214,-0.179476,0.938796,-0.121184,0.090505,-1.004757,0.220893,-3.048020,3.041884,-0.032214,-0.173340,0.929592,-0.119651,0.087437,-1.006291,0.214757,-3.048020,3.041884
0,499,9.980000,commanding,-0.032214,-0.179476,0.938796,-0.121184,0.090505,-1.004757,0.220893,-3.048020,3.041884,-0.032214,-0.173340,0.929592,-0.119651,0.087437,-1.006291,0.214757,-3.048020,3.041884
0,500,10.000000,commanding,-0.032214,-0.179476,0.938796,-0.121184,0.090505,-1.004757,0.220893,-3.048020,3.041884,-0.032214,-0.173340,0.929592,-0.119651,0.087437,-1.006291,0.214757,-3.048020,3.041884
0,501,10.020000,commanding,-0.032214,-0.179476,0.938796,-0.121184,0.090505,-1.004757,0.220893,-3.048020,3.041884,-0.032214,-0.173340,0.929592,-0.119651,0.087437,-1.006291,0.214757,-3.048020,3.041884
0,502,10.040000,commanding,-0.032214,-0.179476,0.938796,-0.121184,0.090505,-1.004757,0.220893,-3.048020,3.041884,-0.032214,-0.173340,0.929592,-0.119651,0.087437,-1.006291,0.214757,-3.048020,3.041884
0,503,10.060000,commanding,-0.032214,-0.179476,0.938796,-0.121184,0.090505,-1.004757,0.220893,-3.048020,3.041884,-0.032214,-0.173340,0.929592,-0.119651,0.087437,-1.006291,0.214757,-3.048020,3.041884
0,504,10.080000,commanding,-0.032214,-0.179476,0.938796,-0.121184,0.090505,-1.004757,0.220893,-3.048020,3.041884,-0.032214,-0.173340,0.929592,-0.119651,0.087437,-1.006291,0.214757,-3.048020,3.041884
0,505,10.100000,commanding,-0.032214,-0.179476,0.938796,-0.121184,0.090505,-1.004757,0.220893,-3.048020,3.041884,-0.032209,-0.173246,0.929255,-0.119523,0.087316,-1.005925,0.214656,-3.048316,3.042398
0,506,10.120000,commanding,-0.032214,-0.179476,0.938796,-0.121184,0.090505,-1.004757,0.222427,-3.048020,3.041884,-0.032176,-0.172616,0.926998,-0.118672,0.086507,-1.003476,0.213978,-3.050316,3.045840
0,507,10.140000,commanding,-0.032214,-0.179476,0.938796,-0.121184,0.090505,-1.004757,0.220893,-3.048020,3.041884,-0.032093,-0.170988,0.921187,-0.116477,0.084422,-0.997172,0.212227,-3.055524,3.054722
0,508,10.160000,commanding,-0.032214,-0.179476,0.937262,-0.121184,0.090505,-1.004757,0.220893,-3.049554,3.043418,-0.031938,-0.167974,0.910506,-0.112434,0.080581,-0.985591,0.208985,-3.065232,3.071123
0,509,10.180000,commanding,-0.032214,-0.179476,0.937262,-0.121184,0.090505,-1.001689,0.220893,-3.049554,3.046486,-0.031696,-0.163248,0.893967,-0.106150,0.074611,-0.967675,0.203905,-3.080536,3.096715
0,510,10.200000,commanding,-0.032214,-0.177942,0.934194,-0.121184,0.088971,-0.998621,0.220893,-3.054156,3.051088,-0.031356,-0.156543,0.870914,-0.097343,0.066246,-0.942736,0.196704,-3.102337,3.132785
0,511,10.220000,commanding,-0.032214,-0.177942,0.926524,-0.118117,0.087437,-0.990952,0.220893,-3.063360,3.061826,-0.030909,-0.147644,0.841018,-0.085840,0.055317,-0.910448,0.187156,-3.131358,3.180259
0,512,10.240000,commanding,-0.032214,-0.177942,0.915787,-0.115049,0.082835,-0.980214,0.219359,-3.077165,3.080233,-0.030348,-0.136383,0.804256,-0.071562,0.041755,-0.870828,0.175088,-3.168149,3.239727
0,513,10.260000,commanding,-0.032214,-0.173340,0.903515,-0.111981,0.076699,-0.971010,0.214757,-3.090971,3.097107,-0.029671,-0.122640,0.760877,-0.054526,0.025571,-0.824191,0.160384,-3.213097,3.311468
0,514,10.280000,commanding,-0.032214,-0.165670,0.891243,-0.104311,0.067495,-0.955670,0.204019,-3.109379,3.115515,-0.028879,-0.106346,0.711360,-0.034823,0.006851,-0.771097,0.142979,-3.266438,3.395473
0,515,10.300000,commanding,-0.032214,-0.153398,0.875903,-0.095107,0.058291,-0.940330,0.190214,-3.129321,3.135457,-0.027974,-0.087475,0.656356,-0.012606,-0.014258,-0.712294,0.122860,-3.328263,3.491466
0,516,10.320000,commanding,-0.032214,-0.141126,0.860563,-0.081301,0.046019,-0.923456,0.176408,-3.153864,3.158466,-0.026960,-0.066054,0.596642,0.011920,-0.037565,-0.648651,0.100065,-3.398531,3.598933
0,517,10.340000,commanding,-0.030680,-0.124252,0.842155,-0.065961,0.033748,-0.901981,0.161068,-3.179942,3.183010,-0.025845,-0.042154,0.533062,0.038515,-0.062846,-0.581102,0.074681,-3.477077,3.717144
0,518,10.360000,commanding,-0.030680,-0.107379,0.820680,-0.050621,0.018408,-0.880505,0.145728,-3.202952,3.210622,-0.024638,-0.015887,0.466480,0.066918,-0.089854,-0.510590,0.046839,-3.563618,3.845176
0,519,10.380000,commanding,-0.030680,-0.093573,0.799204,-0.036816,0.003068,-0.860563,0.131922,-3.225962,3.235165,-0.023348,0.012592,0.397750,0.096854,-0.118332,-0.438032,0.016708,-3.657771,3.981938
0,520,10.400000,commanding,-0.030680,-0.075165,0.774660,-0.021476,-0.010738,-0.837554,0.115049,-3.248971,3.261243,-0.021988,0.043095,0.327677,0.128042,-0.148017,-0.364283,-0.015507,-3.759053,4.126196
0,521,10.420000,commanding,-0.030680,-0.056757,0.751651,-0.006136,-0.027612,-0.813010,0.095107,-3.275049,3.285787,-0.020569,0.075404,0.257009,0.160202,-0.178647,-0.290124,-0.049571,-3.866896,4.276594
0,522,10.440000,commanding,-0.030680,-0.038350,0.724039,0.009204,-0.046019,-0.785398,0.072097,-3.298059,3.310331,-0.019107,0.109271,0.186420,0.193060,-0.209965,-0.216248,-0.085224,-3.980658,4.431682
0,523,10.460000,commanding,-0.030680,-0.016874,0.697961,0.026078,-0.065961,-0.757787,0.050621,-3.324136,3.333340,-0.017614,0.144428,0.116509,0.226343,-0.241715,-0.143264,-0.122182,-4.099625,4.589936
0,524,10.480000,commanding,-0.030680,0.006136,0.670350,0.046019,-0.085903,-0.728641,0.024544,-3.348680,3.356350,-0.016107,0.180581,0.047806,0.259787,-0.273649,-0.071702,-0.160140,-4.223029,4.749785
0,525,10.500000,commanding,-0.029146,0.029146,0.645806,0.062893,-0.105845,-0.701029,0.001534,-3.371690,3.380894,-0.014599,0.217422,-0.019219,0.293131,-0.305519,-0.002022,-0.198777,-4.350054,4.909634
0,526,10.520000,commanding,-0.029146,0.047553,0.616660,0.084369,-0.127320,-0.668816,-0.021476,-3.394699,3.405437,-0.013107,0.254622,-0.084154,0.326116,-0.337081,0.065373,-0.237753,-4.479843,5.067888
0,527,10.540000,commanding,-0.029146,0.070563,0.581379,0.110447,-0.148796,-0.641204,-0.044485,-3.417709,3.429981,-0.011644,0.291839,-0.146625,0.358485,-0.368090,0.130122,-0.276713,-4.611511,5.222975
0,528,10.560000,commanding,-0.029146,0.093573,0.547631,0.139592,-0.173340,-0.613592,-0.070563,-3.439185,3.451457,-0.010226,0.328713,-0.206295,0.389983,-0.398301,0.191901,-0.315290,-4.744154,5.373373
0,529,10.580000,commanding,-0.030680,0.110447,0.513884,0.165670,-0.196350,-0.589049,-0.092039,-3.469865,3.477534,-0.008865,0.364875,-0.262850,0.420355,-0.427468,0.250408,-0.353100,-4.876857,5.517631
0,530,10.600000,commanding,-0.029146,0.124252,0.483204,0.191748,-0.217825,-0.561437,-0.110447,-3.495942,3.503612,-0.007576,0.399946,-0.315997,0.449346,-0.455343,0.305359,-0.389755,-5.008704,5.654393
0,531,10.620000,commanding,-0.029146,0.136524,0.458660,0.213223,-0.237767,-0.536893,-0.122718,-3.517418,3.528156,-0.006368,0.433542,-0.365458,0.476709,-0.481685,0.356484,-0.424858,-5.138790,5.782425
0,532,10.640000,commanding,-0.029146,0.147262,0.434117,0.234699,-0.260777,-0.512350,-0.139592,-3.538894,3.551166,-0.005253,0.465281,-0.410974,0.502203,-0.506257,0.403526,-0.458016,-5.266226,5.900636
0,533,10.660000,commanding,-0.029146,0.159534,0.409573,0.259243,-0.285320,-0.484738,-0.153398,-3.563437,3.574175,-0.004240,0.494793,-0.452308,0.525605,-0.528838,0.446249,-0.488845,-5.390152,6.008104
0,534,10.680000,commanding,-0.029146,0.173340,0.383495,0.282252,-0.309864,-0.455592,-0.168738,-3.589515,3.598719,-0.003335,0.521733,-0.489256,0.546714,-0.549229,0.484446,-0.516988,-5.509746,6.104096
0,535,10.700000,commanding,-0.029146,0.187146,0.358952,0.305262,-0.332874,-0.429515,-0.185612,-3.614059,3.621729,-0.002542,0.545795,-0.521655,0.565364,-0.567262,0.517952,-0.542128,-5.624231,6.188101
0,536,10.720000,commanding,-0.029146,0.199418,0.334408,0.328272,-0.357418,-0.404971,-0.202485,-3.640136,3.644738,-0.001866,0.566732,-0.549404,0.581436,-0.582816,0.546660,-0.564006,-5.732887,6.259842
0,537,10.740000,commanding,-0.029146,0.213223,0.309864,0.351282,-0.377359,-0.381961,-0.217825,-3.661612,3.666214,-0.001305,0.584377,-0.572482,0.594868,-0.595825,0.570544,-0.582448,-5.835063,6.319311
0,538,10.760000,commanding,-0.029146,0.234699,0.266913,0.386563,-0.411107,-0.349748,-0.236233,-3.684622,3.687690,-0.000857,0.598663,-0.590966,0.605665,-0.606289,0.589682,-0.597382,-5.930178,6.366784
0,539,10.780000,commanding,-0.029146,0.271515,0.239301,0.418777,-0.434117,-0.322136,-0.265379,-3.715301,3.713767,-0.000517,0.609642,-0.605052,0.613916,-0.614289,0.604270,-0.608860,-6.017741,6.402854
0,540,10.800000,commanding,-0.027612,0.317534,0.210155,0.444854,-0.455592,-0.296058,-0.297592,-3.739845,3.745981,-0.000276,0.617499,-0.615070,0.619796,-0.619992,0.614649,-0.617077,-6.097352,6.428446
0,541,10.820000,commanding,-0.026078,0.360485,0.177942,0.464796,-0.474000,-0.265379,-0.328272,-3.762855,3.776661,-0.000121,0.622565,-0.621502,0.623576,-0.623659,0.621313,-0.622374,-6.168716,6.444847
0,542,10.840000,commanding,-0.026078,0.395767,0.150330,0.484738,-0.497010,-0.236233,-0.357418,-3.782797,3.796602,-0.000037,0.625318,-0.624989,0.625626,-0.625649,0.624927,-0.625254,-6.231653,6.453729
0,543,10.860000,commanding,-0.024544,0.420311,0.128854,0.504680,-0.518486,-0.213223,-0.385029,-3.801204,3.816544,-0.000005,0.626387,-0.626341,0.626421,-0.626421,0.626328,-0.626372,-6.286103,6.457171
0,544,10.880000,commanding,-0.023010,0.441786,0.105845,0.521553,-0.535359,-0.190214,-0.411107,-3.830350,3.841088,0.000000,0.626547,-0.626543,0.626540,-0.626536,0.626537,-0.626539,-6.332140,6.457685
0,545,10.900000,commanding,-0.023010,0.458660,0.085903,0.532291,-0.546097,-0.168738,-0.431049,-3.859496,3.865632,0.000000,0.626547,-0.626543,0.626540,-0.626536,0.626537,-0.626539,-6.369980,6.457685
0,546,10.920000,commanding,-0.021476,0.469398,0.061359,0.546097,-0.558369,-0.147262,-0.449456,-3.882505,3.887107,0.000000,0.626547,-0.626543,0.626540,-0.626536,0.626537,-0.626539,-6.399991,6.457685
0,547,10.940000,commanding,-0.023010,0.480136,0.039884,0.559903,-0.572175,-0.127320,-0.461728,-3.900913,3.908583,0.000000,0.626547,-0.626543,0.626540,-0.626536,0.626537,-0.626539,-6.422701,6.457685
0,548,10.960000,commanding,-0.023010,0.495476,0.015340,0.581379,-0.592117,-0.104311,-0.467864,-3.925457,3.931593,0.000000,0.626547,-0.626543,0.626540,-0.626536,0.626537,-0.626539,-6.438808,6.457685
0,549,10.980000,commanding,-0.019942,0.513884,-0.003068,0.602854,-0.610524,-0.082835,-0.481670,-3.950001,3.959204,0.000000,0.626547,-0.626543,0.626540,-0.626536,0.626537,-0.626539,-6.449191,6.457685
0,550,11.000000,commanding,-0.016874,0.533825,-0.026078,0.619728,-0.625864,-0.059825,-0.501612,-3.980680,3.992952,0.000000,0.626547,-0.626543,0.626540,-0.626536,0.626537,-0.626539,-6.454919,6.457685
0,551,11.020000,commanding,-0.015340,0.547631,-0.049087,0.633534,-0.635068,-0.038350,-0.521553,-4.006758,4.020564,0.000000,0.626547,-0.626543,0.626540,-0.626536,0.626537,-0.626539,-6.457258,6.457685
0,552,11.040000,commanding,-0.015340,0.555301,-0.070563,0.647340,-0.644272,-0.018408,-0.536893,-4.026700,4.038971,0.000000,0.626547,-0.626543,0.626540,-0.626536,0.626537,-0.626539,-6.457685,6.457685
0,553,11.060000,commanding,-0.015340,0.561437,-0.088971,0.656544,-0.651942,-0.001534,-0.546097,-4.045107,4.054311,0.000000,0.626547,-0.626543,0.626540,-0.626536,0.626537,-0.626539,-6.457685,6.457685
0,554,11.080000,commanding,-0.015340,0.564505,-0.101243,0.656544,-0.653476,0.013806,-0.549165,-4.072719,4.081923,0.000000,0.626547,-0.626543,0.626540,-0.626536,0.626537,-0.626539,-6.457685,6.457685
0,555,11.100000,commanding,-0.015340,0.566039,-0.115049,0.658078,-0.655010,0.027612,-0.549165,-4.098797,4.108001,0.000000,0.626547,-0.626543,0.626540,-0.626536,0.626537,-0.626539,-6.457685,6.457685
0,556,11.120000,commanding,-0.015340,0.570641,-0.131922,0.661146,-0.658078,0.042951,-0.552233,-4.126408,4.137146,0.000000,0.626547,-0.626543,0.626540,-0.626536,0.626537,-0.626539,-6.457685,6.457685
0,557,11.140000,commanding,-0.015340,0.578311,-0.144194,0.661146,-0.658078,0.056757,-0.553767,-4.150952,4.164758,0.000000,0.626547,-0.626543,0.626540,-0.626536,0.626537,-0.626539,-6.457685,6.457685
0,558,11.160000,commanding,-0.015340,0.585981,-0.161068,0.661146,-0.658078,0.072097,-0.553767,-4.172428,4.186234,0.000000,0.626547,-0.626543,0.626540,-0.626536,0.626537,-0.626539,-6.457685,6.457685
0,559,11.180000,commanding,-0.015340,0.595185,-0.181010,0.662680,-0.658078,0.088971,-0.559903,-4.195437,4.209243,0.000000,0.626547,-0.626543,0.626540,-0.626536,0.626537,-0.626539,-6.457685,6.457685
0,560,11.200000,commanding,-0.015340,0.602854,-0.204019,0.662680,-0.658078,0.110447,-0.567573,-4.223049,4.235321,0.000000,0.626547,-0.626543,0.626540,-0.626536,0.626537,-0.626539,-6.457685,6.457685
0,561,11.220000,commanding,-0.015340,0.608990,-0.225495,0.662680,-0.658078,0.134990,-0.576777,-4.246059,4.258331,0.000000,0.626547,-0.626543,0.626540,-0.626536,0.626537,-0.626539,-6.457685,6.457685
0,562,11.240000,commanding,-0.015340,0.615126,-0.254641,0.661146,-0.656544,0.162602,-0.589049,-4.270603,4.282874,0.000000,0.626547,-0.626543,0.626540,-0.626536,0.626537,-0.626539,-6.457685,6.457685
0,563,11.260000,commanding,-0.015340,0.622796,-0.283786,0.658078,-0.655010,0.191748,-0.605922,-4.293612,4.305884,0.000000,0.626547,-0.626543,0.626540,-0.626536,0.626537,-0.626539,-6.457685,6.457685
0,564,11.280000,commanding,-0.015340,0.632000,-0.312932,0.655010,-0.651942,0.220893,-0.622796,-4.316622,4.328894,0.000000,0.626547,-0.626543,0.626540,-0.626536,0.626537,-0.626539,-6.457685,6.457685
0,565,11.300000,commanding,-0.015340,0.642738,-0.340544,0.648874,-0.647340,0.248505,-0.638136,-4.339632,4.350370,0.000000,0.626547,-0.626543,0.626540,-0.626536,0.626537,-0.626539,-6.457685,6.457685
0,566,11.320000,commanding,-0.015340,0.650408,-0.366621,0.635068,-0.638136,0.276117,-0.650408,-4.367243,4.379515,0.000000,0.626547,-0.626543,0.626540,-0.626536,0.626537,-0.626539,-6.457685,6.457685
0,567,11.340000,commanding,-0.015340,0.653476,-0.391165,0.627398,-0.628932,0.299126,-0.655010,-4.391787,4.405593,0.000000,0.626547,-0.626543,0.626540,-0.626536,0.626537,-0.626539,-6.457685,6.457685
0,568,11.360000,commanding,-0.015340,0.664214,-0.417243,0.628932,-0.632000,0.325204,-0.664214,-4.411729,4.425535,0.000000,0.626547,-0.626543,0.626540,-0.626536,0.626537,-0.626539,-6.457685,6.457685
0,569,11.380000,commanding,-0.015340,0.668816,-0.443320,0.630466,-0.632000,0.349748,-0.668816,-4.439340,4.448544,0.000000,0.626547,-0.626543,0.626540,-0.626536,0.626537,-0.626539,-6.457685,6.457685
0,570,11.400000,commanding,-0.015340,0.665748,-0.466330,0.628932,-0.632000,0.372757,-0.664214,-4.466952,4.476156,0.000000,0.626547,-0.626543,0.626540,-0.626536,0.626537,-0.626539,-6.457685,6.457685
0,571,11.420000,commanding,-0.015340,0.659612,-0.492408,0.628932,-0.632000,0.400369,-0.658078,-4.489962,4.500700,0.000000,0.626547,-0.626543,0.626540,-0.626536,0.626537,-0.626539,-6.457685,6.457685
0,572,11.440000,commanding,-0.015340,0.647340,-0.520019,0.630466,-0.633534,0.429515,-0.645806,-4.514505,4.526777,0.000000,0.626547,-0.626543,0.626540,-0.626536,0.626537,-0.626539,-6.457685,6.457685
0,573,11.460000,commanding,-0.015340,0.641204,-0.543029,0.630466,-0.635068,0.455592,-0.641204,-4.537515,4.549787,0.000000,0.626547,-0.626543,0.626540,-0.626536,0.626537,-0.626539,-6.457685,6.457685
0,574,11.480000,commanding,-0.015340,0.639670,-0.570641,0.636602,-0.639670,0.486272,-0.641204,-4.562059,4.572797,0.000000,0.626547,-0.626543,0.626540,-0.626536,0.626537,-0.626539,-6.457685,6.457685
0,575,11.500000,commanding,-0.015340,0.641204,-0.592117,0.641204,-0.642738,0.515418,-0.642738,-4.591204,4.598874,0.000000,0.626547,-0.626543,0.626540,-0.626536,0.626537,-0.626539,-6.457685,6.457685
0,576,11.520000,commanding,-0.015340,0.641204,-0.607456,0.635068,-0.636602,0.538427,-0.642738,-4.617282,4.629554,0.000000,0.626547,-0.626543,0.626540,-0.626536,0.626537,-0.626539,-6.457685,6.457685
0,577,11.540000,commanding,-0.015340,0.644272,-0.619728,0.630466,-0.632000,0.561437,-0.642738,-4.640292,4.655632,0.000000,0.626547,-0.626543,0.626540,-0.626536,0.626537,-0.626539,-6.457685,6.457685
0,578,11.560000,commanding,-0.015340,0.647340,-0.627398,0.630466,-0.633534,0.581379,-0.645806,-4.652564,4.669438,0.000000,0.626547,-0.626543,0.626540,-0.626536,0.626537,-0.626539,-6.457685,6.457685
0,579,11.580000,commanding,-0.015340,0.648874,-0.630466,0.632000,-0.633534,0.593651,-0.647340,-4.677107,4.690913,0.000000,0.626547,-0.626543,0.626540,-0.626536,0.626537,-0.626539,-6.457685,6.457685
0,580,11.600000,commanding,-0.015340,0.648874,-0.632000,0.632000,-0.633534,0.605922,-0.645806,-4.704719,4.718525,0.000000,0.626547,-0.626543,0.626540,-0.626536,0.626537,-0.626539,-6.457685,6.457685
0,581,11.620000,commanding,-0.015340,0.647340,-0.632000,0.633534,-0.633534,0.615126,-0.645806,-4.732331,4.746137,0.000000,0.626547,-0.626543,0.626540,-0.626536,0.626537,-0.626539,-6.457685,6.457685
0,582,11.640000,commanding,-0.015340,0.647340,-0.632000,0.633534,-0.635068,0.621262,-0.645806,-4.759942,4.773748,0.000000,0.626547,-0.626543,0.626540,-0.626536,0.626537,-0.626539,-6.457685,6.457685
0,583,11.660000,commanding,-0.015340,0.648874,-0.632000,0.633534,-0.633534,0.624330,-0.645806,-4.782952,4.798292,0.000000,0.626547,-0.626543,0.626540,-0.626536,0.626537,-0.626539,-6.457685,6.457685
0,584,11.680000,commanding,-0.015340,0.648874,-0.632000,0.633534,-0.633534,0.625864,-0.647340,-4.804428,4.822836,0.000000,0.626547,-0.626543,0.626540,-0.626536,0.626537,-0.626539,-6.457685,6.457685
0,585,11.700000,commanding,-0.015340,0.648874,-0.632000,0.633534,-0.633534,0.625864,-0.647340,-4.825904,4.845845,0.000000,0.626547,-0.626543,0.626540,-0.626536,0.626537,-0.626539,-6.457685,6.457685
0,586,11.720000,commanding,-0.015340,0.648874,-0.632000,0.633534,-0.633534,0.625864,-0.647340,-4.850447,4.870389,0.000000,0.626547,-0.626543,0.626540,-0.626536,0.626537,-0.626539,-6.457685,6.457685
0,587,11.740000,commanding,-0.015340,0.648874,-0.633534,0.633534,-0.633534,0.625864,-0.647340,-4.874991,4.896467,0.000000,0.626547,-0.626543,0.626540,-0.626536,0.626537,-0.626539,-6.457685,6.457685
0,588,11.760000,commanding,-0.015340,0.648874,-0.632000,0.633534,-0.633534,0.625864,-0.647340,-4.901069,4.922544,0.000000,0.626547,-0.626543,0.626540,-0.626536,0.626537,-0.626539,-6.457685,6.457685
0,589,11.780000,commanding,-0.015340,0.648874,-0.633534,0.633534,-0.633534,0.625864,-0.647340,-4.927146,4.947088,0.000000,0.626547,-0.626543,0.626540,-0.626536,0.626537,-0.626539,-6.457685,6.457685
0,590,11.800000,commanding,-0.015340,0.648874,-0.633534,0.633534,-0.633534,0.625864,-0.647340,-4.950156,4.971632,0.000000,0.626547,-0.626543,0.626540,-0.626536,0.626537,-0.626539,-6.457685,6.457685
0,591,11.820000,commanding,-0.015340,0.648874,-0.633534,0.633534,-0.633534,0.625864,-0.647340,-4.971632,4.993107,0.000000,0.626547,-0.626543,0.626540,-0.626536,0.626537,-0.626539,-6.457685,6.457685
0,592,11.840000,commanding,-0.015340,0.648874,-0.633534,0.633534,-0.633534,0.625864,-0.647340,-4.996175,5.019185,0.000000,0.626547,-0.626543,0.626540,-0.626536,0.626537,-0.626539,-6.457685,6.457685
0,593,11.860000,commanding,-0.015340,0.647340,-0.633534,0.633534,-0.633534,0.625864,-0.647340,-5.022253,5.043729,0.000000,0.626547,-0.626543,0.626540,-0.626536,0.626537,-0.626539,-6.457685,6.457685
0,594,11.880000,commanding,-0.015340,0.647340,-0.633534,0.633534,-0.633534,0.625864,-0.647340,-5.048331,5.068273,0.000000,0.626547,-0.626543,0.626540,-0.626536,0.626537,-0.626539,-6.457685,6.457685
0,595,11.900000,commanding,-0.015340,0.647340,-0.633534,0.633534,-0.633534,0.625864,-0.647340,-5.072874,5.094350,0.000000,0.626547,-0.626543,0.626540,-0.626536,0.626537,-0.626539,-6.457685,6.457685
0,596,11.920000,commanding,-0.015340,0.647340,-0.633534,0.633534,-0.633534,0.625864,-0.647340,-5.097418,5.121962,0.000000,0.626547,-0.626543,0.626540,-0.626536,0.626537,-0.626539,-6.457685,6.457685
0,597,11.940000,commanding,-0.015340,0.647340,-0.632000,0.633534,-0.633534,0.625864,-0.647340,-5.120428,5.146506,0.000000,0.626547,-0.626543,0.626540,-0.626536,0.626537,-0.626539,-6.457685,6.457685
0,598,11.960000,commanding,-0.015340,0.647340,-0.632000,0.633534,-0.633534,0.625864,-0.647340,-5.143438,5.171049,0.000000,0.626547,-0.626543,0.626540,-0.626536,0.626537,-0.626539,-6.457685,6.457685
0,599,11.980000,commanding,-0.015340,0.647340,-0.633534,0.633534,-0.633534,0.625864,-0.647340,-5.167981,5.194059,0.000000,0.626547,-0.626543,0.626540,-0.626536,0.626537,-0.626539,-6.457685,6.457685
0,600,12.000000,commanding,-0.015340,0.647340,-0.633534,0.633534,-0.633534,0.625864,-0.647340,-5.194059,5.217069,0.000000,0.626547,-0.626543,0.626540,-0.626536,0.626537,-0.626539,-6.457685,6.457685
0,601,12.020000,commanding,-0.015340,0.647340,-0.633534,0.633534,-0.633534,0.625864,-0.645806,-5.218603,5.241612,0.000000,0.626547,-0.626543,0.626540,-0.626536,0.626537,-0.626539,-6.457685,6.457685
0,602,12.040000,commanding,-0.015340,0.645806,-0.633534,0.633534,-0.633534,0.625864,-0.647340,-5.243146,5.269224,0.000000,0.626547,-0.626543,0.626540,-0.626536,0.626537,-0.626539,-6.457685,6.457685
0,603,12.060000,commanding,-0.015340,0.645806,-0.633534,0.633534,-0.633534,0.625864,-0.647340,-5.267690,5.295302,0.000000,0.626547,-0.626543,0.626540,-0.626536,0.626537,-0.626539,-6.457685,6.457685
0,604,12.080000,commanding,-0.015340,0.645806,-0.633534,0.633534,-0.633534,0.625864,-0.647340,-5.290700,5.321379,0.000000,0.626547,-0.626543,0.626540,-0.626536,0.626537,-0.626539,-6.457685,6.457685
0,605,12.100000,commanding,-0.015340,0.645806,-0.633534,0.633534,-0.633534,0.625864,-0.647340,-5.316777,5.344389,0.000000,0.626547,-0.626543,0.626540,-0.626536,0.626537,-0.626539,-6.457685,6.457685
0,606,12.120000,commanding,-0.015340,0.645806,-0.633534,0.633534,-0.633534,0.625864,-0.647340,-5.342855,5.367399,0.000000,0.626547,-0.626543,0.626540,-0.626536,0.626537,-0.626539,-6.457685,6.457685
0,607,12.140000,commanding,-0.015340,0.645806,-0.633534,0.633534,-0.633534,0.625864,-0.647340,-5.367399,5.391942,0.000000,0.626547,-0.626543,0.626540,-0.626536,0.626537,-0.626539,-6.457685,6.457685
0,608,12.160000,commanding,-0.015340,0.645806,-0.633534,0.633534,-0.633534,0.625864,-0.647340,-5.393476,5.419554,0.000000,0.626547,-0.626543,0.626540,-0.626536,0.626537,-0.626539,-6.457685,6.457685
0,609,12.180000,commanding,-0.015340,0.645806,-0.633534,0.633534,-0.633534,0.625864,-0.645806,-5.418020,5.444098,0.000000,0.626547,-0.626543,0.626540,-0.626536,0.626537,-0.626539,-6.457685,6.457685
0,610,12.200000,commanding,-0.015340,0.644272,-0.633534,0.633534,-0.633534,0.625864,-0.645806,-5.442564,5.467108,0.000000,0.626547,-0.626543,0.626540,-0.626536,0.626537,-0.626539,-6.457685,6.457685
0,611,12.220000,commanding,-0.015340,0.642738,-0.633534,0.633534,-0.633534,0.625864,-0.645806,-5.465574,5.488583,0.000000,0.626547,-0.626543,0.626540,-0.626536,0.626537,-0.626539,-6.457685,6.457685
0,612,12.240000,commanding,-0.015340,0.642738,-0.633534,0.633534,-0.633534,0.625864,-0.645806,-5.488583,5.514661,0.000000,0.626547,-0.626543,0.626540,-0.626536,0.626537,-0.626539,-6.457685,6.457685
0,613,12.260000,commanding,-0.015340,0.642738,-0.633534,0.633534,-0.633534,0.625864,-0.645806,-5.513127,5.542273,0.000000,0.626547,-0.626543,0.626540,-0.626536,0.626537,-0.626539,-6.457685,6.457685
0,614,12.280000,commanding,-0.015340,0.642738,-0.633534,0.633534,-0.633534,0.625864,-0.645806,-5.540739,5.571418,0.000000,0.626547,-0.626543,0.626540,-0.626536,0.626537,-0.626539,-6.457685,6.457685
0,615,12.300000,commanding,-0.015340,0.642738,-0.633534,0.633534,-0.633534,0.625864,-0.645806,-5.568350,5.594428,0.000000,0.626547,-0.626543,0.626540,-0.626536,0.626537,-0.626539,-6.457685,6.457685
0,616,12.320000,commanding,-0.015340,0.642738,-0.633534,0.633534,-0.633534,0.625864,-0.645806,-5.592894,5.618972,0.000000,0.626547,-0.626543,0.626540,-0.626536,0.626537,-0.626539,-6.457685,6.457685
0,617,12.340000,commanding,-0.015340,0.642738,-0.633534,0.633534,-0.633534,0.625864,-0.645806,-5.618972,5.643515,0.000000,0.626547,-0.626543,0.626540,-0.626536,0.626537,-0.626539,-6.457685,6.457685
0,618,12.360000,commanding,-0.015340,0.642738,-0.633534,0.633534,-0.633534,0.625864,-0.645806,-5.641981,5.668059,0.000000,0.626547,-0.626543,0.626540,-0.626536,0.626537,-0.626539,-6.457685,6.457685
0,619,12.380000,commanding,-0.015340,0.642738,-0.633534,0.633534,-0.633534,0.625864,-0.645806,-5.666525,5.692603,0.000000,0.626547,-0.626543,0.626540,-0.626536,0.626537,-0.626539,-6.457685,6.457685
0,620,12.400000,commanding,-0.015340,0.642738,-0.633534,0.633534,-0.633534,0.625864,-0.645806,-5.694137,5.717146,0.000000,0.626547,-0.626543,0.626540,-0.626536,0.626537,-0.626539,-6.457685,6.457685
0,621,12.420000,commanding,-0.015340,0.642738,-0.633534,0.633534,-0.633534,0.625864,-0.645806,-5.717146,5.741690,0.000000,0.626547,-0.626543,0.626540,-0.626536,0.626537,-0.626539,-6.457685,6.457685
0,622,12.440000,commanding,-0.015340,0.642738,-0.633534,0.633534,-0.633534,0.625864,-0.645806,-5.741690,5.767768,0.000000,0.626547,-0.626543,0.626540,-0.626536,0.626537,-0.626539,-6.457685,6.457685
0,623,12.460000,commanding,-0.015340,0.641204,-0.633534,0.633534,-0.633534,0.625864,-0.645806,-5.766234,5.793845,0.000000,0.626547,-0.626543,0.626540,-0.626536,0.626537,-0.626539,-6.457685,6.457685
0,624,12.480000,commanding,-0.015340,0.641204,-0.633534,0.633534,-0.633534,0.625864,-0.645806,-5.790777,5.818389,0.000000,0.626547,-0.626543,0.626540,-0.626536,0.626537,-0.626539,-6.457685,6.457685
0,625,12.500000,commanding,-0.015340,0.641204,-0.633534,0.633534,-0.633534,0.625864,-0.645806,-5.815321,5.842933,0.000000,0.626547,-0.626543,0.626540,-0.626536,0.626537,-0.626539,-6.457685,6.457685
0,626,12.520000,commanding,-0.015340,0.641204,-0.633534,0.633534,-0.633534,0.625864,-0.645806,-5.838331,5.867477,0.000000,0.626547,-0.626543,0.626540,-0.626536,0.626537,-0.626539,-6.457685,6.457685
0,627,12.540000,commanding,-0.015340,0.641204,-0.633534,0.633534,-0.633534,0.625864,-0.645806,-5.862875,5.890486,0.000000,0.626547,-0.626543,0.626540,-0.626536,0.626537,-0.626539,-6.457685,6.457685
0,628,12.560000,commanding,-0.015340,0.641204,-0.633534,0.633534,-0.633534,0.625864,-0.645806,-5.890486,5.915030,0.000000,0.626547,-0.626543,0.626540,-0.626536,0.626537,-0.626539,-6.457685,6.457685
0,629,12.580000,commanding,-0.015340,0.641204,-0.633534,0.633534,-0.633534,0.625864,-0.645806,-5.918098,5.941108,0.000000,0.626547,-0.626543,0.626540,-0.626536,0.626537,-0.626539,-6.457685,6.457685
0,630,12.600000,commanding,-0.013806,0.641204,-0.633534,0.633534,-0.633534,0.625864,-0.645806,-5.942642,5.967185,0.000000,0.626547,-0.626543,0.626540,-0.626536,0.626537,-0.626539,-6.457685,6.457685
0,631,12.620000,commanding,-0.015340,0.641204,-0.633534,0.633534,-0.633534,0.625864,-0.645806,-5.965651,5.993263,0.000000,0.626547,-0.626543,0.626540,-0.626536,0.626537,-0.626539,-6.457685,6.457685
0,632,12.640000,commanding,-0.015340,0.641204,-0.633534,0.633534,-0.633534,0.625864,-0.645806,-5.991729,6.019341,0.000000,0.626547,-0.626543,0.626540,-0.626536,0.626537,-0.626539,-6.457685,6.457685
0,633,12.660000,commanding,-0.015340,0.639670,-0.632000,0.633534,-0.633534,0.625864,-0.645806,-6.014739,6.042350,0.000000,0.626547,-0.626543,0.626540,-0.626536,0.626537,-0.626539,-6.457685,6.457685
0,634,12.680000,commanding,-0.015340,0.638136,-0.633534,0.633534,-0.633534,0.625864,-0.645806,-6.040816,6.068428,0.000000,0.626547,-0.626543,0.626540,-0.626536,0.626537,-0.626539,-6.457685,6.457685
0,635,12.700000,commanding,-0.015340,0.638136,-0.633534,0.633534,-0.633534,0.625864,-0.644272,-6.066894,6.092972,0.000000,0.626547,-0.626543,0.626540,-0.626536,0.626537,-0.626539,-6.457685,6.457685
0,636,12.720000,commanding,-0.015340,0.638136,-0.633534,0.633534,-0.633534,0.625864,-0.644272,-6.091438,6.119049,0.000000,0.626547,-0.626543,0.626540,-0.626536,0.626537,-0.626539,-6.457685,6.457685
0,637,12.740000,commanding,-0.015340,0.638136,-0.633534,0.633534,-0.633534,0.625864,-0.644272,-6.115981,6.142059,0.000000,0.626547,-0.626543,0.626540,-0.626536,0.626537,-0.626539,-6.457685,6.457685
0,638,12.760000,commanding,-0.015340,0.638136,-0.633534,0.633534,-0.633534,0.625864,-0.644272,-6.142059,6.165069,0.000000,0.626547,-0.626543,0.626540,-0.626536,0.626537,-0.626539,-6.457685,6.457685
0,639,12.780000,commanding,-0.015340,0.638136,-0.633534,0.633534,-0.633534,0.625864,-0.644272,-6.163535,6.185011,0.000000,0.626547,-0.626543,0.626540,-0.626536,0.626537,-0.626539,-6.457685,6.457685
0,640,12.800000,commanding,-0.015340,0.638136,-0.633534,0.633534,-0.633534,0.625864,-0.644272,-6.188078,6.211088,0.000000,0.626547,-0.626543,0.626540,-0.626536,0.626537,-0.626539,-6.457685,6.457685
0,641,12.820000,commanding,-0.015340,0.638136,-0.633534,0.633534,-0.633534,0.625864,-0.644272,-6.214156,6.241768,0.000000,0.626547,-0.626543,0.626540,-0.626536,0.626537,-0.626539,-6.457685,6.457685
0,642,12.840000,commanding,-0.015340,0.638136,-0.633534,0.633534,-0.633534,0.625864,-0.644272,-6.238700,6.269379,0.000000,0.626547,-0.626543,0.626540,-0.626536,0.626537,-0.626539,-6.457685,6.457685
0,643,12.860000,commanding,-0.015340,0.638136,-0.633534,0.633534,-0.633534,0.625864,-0.642738,-6.263244,6.290855,0.000000,0.626547,-0.626543,0.626540,-0.626536,0.626537,-0.626539,-6.457685,6.457685
0,644,12.880000,commanding,-0.015340,0.638136,-0.633534,0.633534,-0.633534,0.625864,-0.642738,-6.290855,6.312331,0.000000,0.626547,-0.626543,0.626540,-0.626536,0.626537,-0.626539,-6.457685,6.457685
0,645,12.900000,commanding,-0.015340,0.638136,-0.633534,0.633534,-0.633534,0.625864,-0.642738,-6.315399,6.333807,0.000000,0.626547,-0.626543,0.626540,-0.626536,0.626537,-0.626539,-6.457685,6.457685
0,646,12.920000,commanding,-0.015340,0.638136,-0.633534,0.633534,-0.633534,0.625864,-0.642738,-6.338409,6.361418,0.000000,0.626547,-0.626543,0.626540,-0.626536,0.626537,-0.626539,-6.457685,6.457685
0,647,12.940000,commanding,-0.015340,0.638136,-0.633534,0.633534,-0.633534,0.625864,-0.642738,-6.362952,6.390564,0.000000,0.626547,-0.626543,0.626540,-0.626536,0.626537,-0.626539,-6.457685,6.457685
0,648,12.960000,commanding,-0.015340,0.638136,-0.633534,0.633534,-0.633534,0.625864,-0.642738,-6.385962,6.408972,0.000000,0.626547,-0.626543,0.626540,-0.626536,0.626537,-0.626539,-6.457685,6.457685
0,649,12.980000,commanding,-0.015340,0.638136,-0.633534,0.633534,-0.633534,0.625864,-0.642738,-6.408972,6.412040,0.000000,0.626547,-0.626543,0.626540,-0.626536,0.626537,-0.626539,-6.457685,6.457685
0,650,13.000000,commanding,-0.015340,0.638136,-0.633534,0.633534,-0.633534,0.625864,-0.642738,-6.424312,6.427380,0.000000,0.626547,-0.626543,0.626540,-0.626536,0.626537,-0.626539,-6.457685,6.457685
0,651,13.020000,commanding,-0.015340,0.638136,-0.633534,0.633534,-0.633534,0.625864,-0.642738,-6.435049,6.454991,0.000000,0.626547,-0.626543,0.626540,-0.626536,0.626537,-0.626539,-6.457685,6.457685
0,652,13.040000,commanding,-0.015340,0.636602,-0.633534,0.633534,-0.633534,0.625864,-0.642738,-6.448855,6.459593,0.000000,0.626547,-0.626543,0.626540,-0.626536,0.626537,-0.626539,-6.457685,6.457685
0,653,13.060000,commanding,-0.015340,0.635068,-0.633534,0.633534,-0.633534,0.625864,-0.642738,-6.459593,6.448855,0.000000,0.626547,-0.626543,0.626540,-0.626536,0.626537,-0.626539,-6.457685,6.457685
0,654,13.080000,commanding,-0.015340,0.635068,-0.633534,0.633534,-0.633534,0.625864,-0.642738,-6.461127,6.454991,0.000000,0.626547,-0.626543,0.626540,-0.626536,0.626537,-0.626539,-6.457685,6.457685
0,655,13.100000,commanding,-0.015340,0.635068,-0.633534,0.633534,-0.633534,0.625864,-0.642738,-6.462661,6.467263,0.000000,0.626547,-0.626543,0.626540,-0.626536,0.626537,-0.626539,-6.457685,6.457685
0,656,13.120000,commanding,-0.015340,0.635068,-0.633534,0.633534,-0.633534,0.625864,-0.639670,-6.464195,6.462661,0.000000,0.626547,-0.626543,0.626540,-0.626536,0.626537,-0.626539,-6.457685,6.457685
0,657,13.140000,commanding,-0.015340,0.635068,-0.633534,0.633534,-0.633534,0.625864,-0.639670,-6.462661,6.450389,0.000000,0.626547,-0.626543,0.626540,-0.626536,0.626537,-0.626539,-6.457685,6.457685
0,658,13.160000,commanding,-0.015340,0.636602,-0.633534,0.633534,-0.633534,0.625864,-0.638136,-6.459593,6.456525,0.000000,0.626547,-0.626543,0.626540,-0.626536,0.626537,-0.626539,-6.457685,6.457685
0,659,13.180000,commanding,-0.015340,0.635068,-0.633534,0.633534,-0.633534,0.625864,-0.638136,-6.459593,6.467263,0.000000,0.626547,-0.626543,0.626540,-0.626536,0.626537,-0.626539,-6.457685,6.457685
0,660,13.200000,commanding,-0.015340,0.635068,-0.633534,0.633534,-0.633534,0.625864,-0.638136,-6.459593,6.461127,0.000000,0.626547,-0.626543,0.626540,-0.626536,0.626537,-0.626539,-6.457685,6.457685
0,661,13.220000,commanding,-0.015340,0.635068,-0.633534,0.633534,-0.633534,0.625864,-0.638136,-6.458059,6.450389,0.000000,0.626547,-0.626543,0.626540,-0.626536,0.626537,-0.626539,-6.457685,6.457685
0,662,13.240000,commanding,-0.015340,0.635068,-0.633534,0.633534,-0.633534,0.625864,-0.638136,-6.459593,6.458059,0.000000,0.626547,-0.626543,0.626540,-0.626536,0.626537,-0.626539,-6.457685,6.457685
0,663,13.260000,commanding,-0.015340,0.635068,-0.633534,0.633534,-0.633534,0.625864,-0.638136,-6.458059,6.467263,0.000000,0.626547,-0.626543,0.626540,-0.626536,0.626537,-0.626539,-6.457685,6.457685
0,664,13.280000,commanding,-0.015340,0.635068,-0.633534,0.633534,-0.633534,0.625864,-0.638136,-6.458059,6.461127,0.000000,0.626547,-0.626543,0.626540,-0.626536,0.626537,-0.626539,-6.457685,6.457685
0,665,13.300000,commanding,-0.015340,0.635068,-0.633534,0.633534,-0.633534,0.625864,-0.638136,-6.459593,6.451923,0.000000,0.626547,-0.626543,0.626540,-0.626536,0.626537,-0.626539,-6.457685,6.457685
0,666,13.320000,commanding,-0.015340,0.635068,-0.633534,0.633534,-0.633534,0.625864,-0.638136,-6.458059,6.458059,0.000000,0.626547,-0.626543,0.626540,-0.626536,0.626537,-0.626539,-6.457685,6.457685
0,667,13.340000,commanding,-0.015340,0.635068,-0.633534,0.633534,-0.633534,0.625864,-0.638136,-6.458059,6.465729,0.000000,0.626547,-0.626543,0.626540,-0.626536,0.626537,-0.626539,-6.457685,6.457685
0,668,13.360000,commanding,-0.015340,0.635068,-0.633534,0.633534,-0.633534,0.625864,-0.638136,-6.458059,6.458059,0.000000,0.626547,-0.626543,0.626540,-0.626536,0.626537,-0.626539,-6.457685,6.457685
0,669,13.380000,commanding,-0.015340,0.635068,-0.633534,0.633534,-0.633534,0.625864,-0.638136,-6.458059,6.451923,0.000000,0.626547,-0.626543,0.626540,-0.626536,0.626537,-0.626539,-6.457685,6.457685
0,670,13.400000,commanding,-0.015340,0.635068,-0.633534,0.633534,-0.633534,0.625864,-0.638136,-6.459593,6.461127,0.000000,0.626547,-0.626543,0.626540,-0.626536,0.626537,-0.626539,-6.457685,6.457685
0,671,13.420000,commanding,-0.015340,0.635068,-0.633534,0.633534,-0.633534,0.625864,-0.638136,-6.458059,6.465729,0.000000,0.626547,-0.626543,0.626540,-0.626536,0.626537,-0.626539,-6.457685,6.457685
0,672,13.440000,commanding,-0.015340,0.635068,-0.633534,0.633534,-0.632000,0.625864,-0.638136,-6.459593,6.456525,0.000000,0.626547,-0.626543,0.626540,-0.626536,0.626537,-0.626539,-6.457685,6.457685
0,673,13.460000,commanding,-0.015340,0.635068,-0.633534,0.633534,-0.632000,0.625864,-0.638136,-6.458059,6.453457,0.000000,0.626547,-0.626543,0.626540,-0.626536,0.626537,-0.626539,-6.457685,6.457685
0,674,13.480000,commanding,-0.015340,0.635068,-0.633534,0.633534,-0.632000,0.625864,-0.638136,-6.458059,6.464195,0.000000,0.626547,-0.626543,0.626540,-0.626536,0.626537,-0.626539,-6.457685,6.457685
0,675,13.500000,commanding,-0.015340,0.635068,-0.633534,0.633534,-0.632000,0.625864,-0.638136,-6.459593,6.465729,0.000000,0.626547,-0.626543,0.626540,-0.626536,0.626537,-0.626539,-6.457685,6.457685
0,676,13.520000,commanding,-0.015340,0.635068,-0.633534,0.633534,-0.632000,0.625864,-0.638136,-6.459593,6.454991,0.000000,0.626547,-0.626543,0.626540,-0.626536,0.626537,-0.626539,-6.457685,6.457685
0,677,13.540000,commanding,-0.015340,0.633534,-0.633534,0.633534,-0.632000,0.625864,-0.638136,-6.459593,6.453457,0.000000,0.626547,-0.626543,0.626540,-0.626536,0.626537,-0.626539,-6.457685,6.457685
0,678,13.560000,commanding,-0.015340,0.633534,-0.633534,0.633534,-0.632000,0.625864,-0.638136,-6.459593,6.464195,0.000000,0.626547,-0.626543,0.626540,-0.626536,0.626537,-0.626539,-6.457685,6.457685
0,679,13.580000,commanding,-0.015340,0.633534,-0.633534,0.633534,-0.632000,0.625864,-0.638136,-6.459593,6.464195,0.000000,0.626547,-0.626543,0.626540,-0.626536,0.626537,-0.626539,-6.457685,6.457685
0,680,13.600000,commanding,-0.015340,0.633534,-0.633534,0.633534,-0.632000,0.625864,-0.638136,-6.458059,6.451923,0.000000,0.626547,-0.626543,0.626540,-0.626536,0.626537,-0.626539,-6.457685,6.457685
0,681,13.620000,commanding,-0.015340,0.633534,-0.633534,0.632000,-0.632000,0.625864,-0.638136,-6.458059,6.453457,0.000000,0.626547,-0.626543,0.626540,-0.626536,0.626537,-0.626539,-6.457685,6.457685
0,682,13.640000,commanding,-0.015340,0.633534,-0.633534,0.632000,-0.632000,0.625864,-0.638136,-6.458059,6.465729,0.000000,0.626547,-0.626543,0.626540,-0.626536,0.626537,-0.626539,-6.457685,6.457685
0,683,13.660000,commanding,-0.015340,0.633534,-0.633534,0.632000,-0.632000,0.625864,-0.638136,-6.459593,6.464195,0.000000,0.626547,-0.626543,0.626540,-0.626536,0.626537,-0.626539,-6.457685,6.457685
0,684,13.680000,commanding,-0.015340,0.633534,-0.632000,0.632000,-0.632000,0.625864,-0.638136,-6.458059,6.451923,0.000000,0.626547,-0.626543,0.626540,-0.626536,0.626537,-0.626539,-6.457685,6.457685
0,685,13.700000,commanding,-0.015340,0.633534,-0.633534,0.632000,-0.632000,0.625864,-0.638136,-6.459593,6.454991,0.000000,0.626547,-0.626543,0.626540,-0.626536,0.626537,-0.626539,-6.457685,6.457685
0,686,13.720000,commanding,-0.015340,0.633534,-0.633534,0.632000,-0.632000,0.625864,-0.638136,-6.458059,6.465729,0.000000,0.626547,-0.626543,0.626540,-0.626536,0.626537,-0.626539,-6.457685,6.457685
0,687,13.740000,commanding,-0.015340,0.633534,-0.633534,0.632000,-0.632000,0.625864,-0.638136,-6.459593,6.462661,0.000000,0.626547,-0.626543,0.626540,-0.626536,0.626537,-0.626539,-6.457685,6.457685
0,688,13.760000,commanding,-0.015340,0.633534,-0.633534,0.632000,-0.632000,0.625864,-0.638136,-6.458059,6.451923,0.000000,0.626547,-0.626543,0.626540,-0.626536,0.626537,-0.626539,-6.457685,6.457685
0,689,13.780000,commanding,-0.015340,0.633534,-0.633534,0.632000,-0.632000,0.625864,-0.638136,-6.459593,6.454991,0.000000,0.626547,-0.626543,0.626540,-0.626536,0.626537,-0.626539,-6.457685,6.457685
0,690,13.800000,commanding,-0.015340,0.633534,-0.633534,0.632000,-0.632000,0.625864,-0.638136,-6.459593,6.467263,0.000000,0.626547,-0.626543,0.626540,-0.626536,0.626537,-0.626539,-6.457685,6.457685
0,691,13.820000,commanding,-0.015340,0.633534,-0.633534,0.632000,-0.632000,0.625864,-0.638136,-6.458059,6.462661,0.000000,0.626547,-0.626543,0.626540,-0.626536,0.626537,-0.626539,-6.457685,6.457685
0,692,13.840000,commanding,-0.015340,0.633534,-0.633534,0.632000,-0.632000,0.625864,-0.638136,-6.458059,6.450389,0.000000,0.626547,-0.626543,0.626540,-0.626536,0.626537,-0.626539,-6.457685,6.457685
0,693,13.860000,commanding,-0.015340,0.632000,-0.633534,0.632000,-0.630466,0.625864,-0.638136,-6.458059,6.454991,0.000000,0.626547,-0.626543,0.626540,-0.626536,0.626537,-0.626539,-6.457685,6.457685
0,694,13.880000,commanding,-0.015340,0.632000,-0.633534,0.632000,-0.630466,0.625864,-0.638136,-6.459593,6.467263,0.000000,0.626547,-0.626543,0.626540,-0.626536,0.626537,-0.626539,-6.457685,6.457685
0,695,13.900000,commanding,-0.015340,0.632000,-0.633534,0.632000,-0.630466,0.625864,-0.638136,-6.458059,6.462661,0.000000,0.626547,-0.626543,0.626540,-0.626536,0.626537,-0.626539,-6.457685,6.457685
0,696,13.920000,commanding,-0.015340,0.632000,-0.633534,0.632000,-0.630466,0.625864,-0.638136,-6.459593,6.450389,0.000000,0.626547,-0.626543,0.626540,-0.626536,0.626537,-0.626539,-6.457685,6.457685
0,697,13.940000,commanding,-0.015340,0.632000,-0.633534,0.632000,-0.630466,0.625864,-0.638136,-6.458059,6.456525,0.000000,0.626547,-0.626543,0.626540,-0.626536,0.626537,-0.626539,-6.457685,6.457685
0,698,13.960000,commanding,-0.015340,0.632000,-0.633534,0.632000,-0.630466,0.625864,-0.636602,-6.459593,6.465729,0.000000,0.626547,-0.626543,0.626540,-0.626536,0.626537,-0.626539,-6.457685,6.457685
0,699,13.980000,commanding,-0.015340,0.632000,-0.633534,0.632000,-0.630466,0.625864,-0.636602,-6.459593,6.461127,0.000000,0.626547,-0.626543,0.626540,-0.626536,0.626537,-0.626539,-6.457685,6.457685
0,700,14.000000,commanding,-0.015340,0.632000,-0.633534,0.632000,-0.630466,0.625864,-0.636602,-6.458059,6.450389,0.000000,0.626547,-0.626543,0.626540,-0.626536,0.626537,-0.626539,-6.457685,6.457685
0,701,14.020000,commanding,-0.015340,0.632000,-0.633534,0.632000,-0.630466,0.625864,-0.636602,-6.458059,6.456525,0.000000,0.626547,-0.626543,0.626540,-0.626536,0.626537,-0.626539,-6.457685,6.457685
0,702,14.040000,commanding,-0.015340,0.632000,-0.633534,0.632000,-0.630466,0.625864,-0.636602,-6.459593,6.465729,0.000000,0.626547,-0.626543,0.626540,-0.626536,0.626537,-0.626539,-6.457685,6.457685
0,703,14.060000,commanding,-0.015340,0.632000,-0.633534,0.632000,-0.630466,0.625864,-0.636602,-6.458059,6.461127,0.000000,0.626547,-0.626543,0.626540,-0.626536,0.626537,-0.626539,-6.457685,6.457685
0,704,14.080000,commanding,-0.015340,0.632000,-0.633534,0.632000,-0.630466,0.625864,-0.636602,-6.459593,6.451923,0.000000,0.626547,-0.626543,0.626540,-0.626536,0.626537,-0.626539,-6.457685,6.457685
0,705,14.100000,commanding,-0.015340,0.632000,-0.633534,0.632000,-0.630466,0.625864,-0.636602,-6.458059,6.458059,0.000000,0.626547,-0.626543,0.626540,-0.626536,0.626537,-0.626539,-6.457685,6.457685
0,706,14.120000,commanding,-0.015340,0.632000,-0.633534,0.630466,-0.630466,0.625864,-0.636602,-6.458059,6.465729,0.000000,0.626547,-0.626543,0.626540,-0.626536,0.626537,-0.626539,-6.457685,6.457685
0,707,14.140000,commanding,-0.015340,0.630466,-0.633534,0.628932,-0.630466,0.625864,-0.636602,-6.458059,6.459593,0.000000,0.626547,-0.626543,0.626540,-0.626536,0.626537,-0.626539,-6.457685,6.457685
0,708,14.160000,commanding,-0.015340,0.630466,-0.633534,0.628932,-0.630466,0.625864,-0.636602,-6.458059,6.451923,0.000000,0.626547,-0.626543,0.626540,-0.626536,0.626537,-0.626539,-6.457685,6.457685
0,709,14.180000,commanding,-0.015340,0.630466,-0.633534,0.628932,-0.630466,0.625864,-0.636602,-6.458059,6.461127,0.000000,0.626547,-0.626543,0.626540,-0.626536,0.626537,-0.626539,-6.457685,6.457685
0,710,14.200000,commanding,-0.015340,0.630466,-0.633534,0.628932,-0.630466,0.625864,-0.636602,-6.458059,6.465729,0.000000,0.626547,-0.626543,0.626540,-0.626536,0.626537,-0.626539,-6.457685,6.457685
0,711,14.220000,commanding,-0.015340,0.630466,-0.633534,0.628932,-0.630466,0.625864,-0.636602,-6.458059,6.456525,0.000000,0.626547,-0.626543,0.626540,-0.626536,0.626537,-0.626539,-6.457685,6.457685
0,712,14.240000,commanding,-0.015340,0.630466,-0.633534,0.628932,-0.630466,0.625864,-0.636602,-6.458059,6.451923,0.000000,0.626547,-0.626543,0.626540,-0.626536,0.626537,-0.626539,-6.457685,6.457685
0,713,14.260000,commanding,-0.015340,0.630466,-0.633534,0.628932,-0.630466,0.625864,-0.636602,-6.458059,6.462661,0.000000,0.626547,-0.626543,0.626540,-0.626536,0.626537,-0.626539,-6.457685,6.457685
0,714,14.280000,commanding,-0.015340,0.630466,-0.633534,0.628932,-0.630466,0.625864,-0.635068,-6.458059,6.464195,0.000000,0.626547,-0.626543,0.626540,-0.626536,0.626537,-0.626539,-6.457685,6.457685
0,715,14.300000,commanding,-0.015340,0.630466,-0.633534,0.628932,-0.630466,0.625864,-0.635068,-6.458059,6.453457,0.000000,0.626547,-0.626543,0.626540,-0.626536,0.626537,-0.626539,-6.457685,6.457685
0,716,14.320000,commanding,-0.015340,0.630466,-0.633534,0.628932,-0.630466,0.625864,-0.635068,-6.458059,6.454991,0.000000,0.626547,-0.626543,0.626540,-0.626536,0.626537,-0.626539,-6.457685,6.457685
0,717,14.340000,commanding,-0.015340,0.630466,-0.633534,0.628932,-0.630466,0.625864,-0.635068,-6.459593,6.464195,0.000000,0.626547,-0.626543,0.626540,-0.626536,0.626537,-0.626539,-6.457685,6.457685
0,718,14.360000,commanding,-0.015340,0.630466,-0.633534,0.628932,-0.630466,0.625864,-0.635068,-6.458059,6.464195,0.000000,0.626547,-0.626543,0.626540,-0.626536,0.626537,-0.626539,-6.457685,6.457685
0,719,14.380000,commanding,-0.015340,0.630466,-0.633534,0.628932,-0.630466,0.625864,-0.635068,-6.458059,6.453457,0.000000,0.626547,-0.626543,0.626540,-0.626536,0.626537,-0.626539,-6.457685,6.457685
0,720,14.400000,commanding,-0.015340,0.630466,-0.633534,0.628932,-0.630466,0.625864,-0.635068,-6.459593,6.454991,0.000000,0.626547,-0.626543,0.626540,-0.626536,0.626537,-0.626539,-6.457685,6.457685
0,721,14.420000,commanding,-0.015340,0.630466,-0.633534,0.628932,-0.630466,0.625864,-0.635068,-6.458059,6.465729,0.000000,0.626547,-0.626543,0.626540,-0.626536,0.626537,-0.626539,-6.457685,6.457685
0,722,14.440000,commanding,-0.015340,0.630466,-0.633534,0.628932,-0.630466,0.625864,-0.635068,-6.459593,6.462661,0.000000,0.626547,-0.626543,0.626540,-0.626536,0.626537,-0.626539,-6.457685,6.457685
0,723,14.460000,commanding,-0.015340,0.630466,-0.633534,0.628932,-0.630466,0.625864,-0.635068,-6.459593,6.451923,0.000000,0.626547,-0.626543,0.626540,-0.626536,0.626537,-0.626539,-6.457685,6.457685
0,724,14.480000,commanding,-0.015340,0.630466,-0.633534,0.630466,-0.630466,0.625864,-0.635068,-6.459593,6.454991,0.000000,0.626547,-0.626543,0.626540,-0.626536,0.626537,-0.626539,-6.457685,6.457685
0,725,14.500000,commanding,-0.015340,0.630466,-0.633534,0.628932,-0.628932,0.625864,-0.635068,-6.458059,6.465729,0.000000,0.626547,-0.626543,0.626540,-0.626536,0.626537,-0.626539,-6.457685,6.457685
0,726,14.520000,commanding,-0.015340,0.630466,-0.633534,0.628932,-0.628932,0.625864,-0.635068,-6.458059,6.462661,0.000000,0.626547,-0.626543,0.626540,-0.626536,0.626537,-0.626539,-6.457685,6.457685
0,727,14.540000,commanding,-0.015340,0.630466,-0.633534,0.628932,-0.628932,0.625864,-0.635068,-6.458059,6.451923,0.000000,0.626547,-0.626543,0.626540,-0.626536,0.626537,-0.626539,-6.457685,6.457685
0,728,14.560000,commanding,-0.015340,0.630466,-0.633534,0.628932,-0.628932,0.625864,-0.635068,-6.459593,6.454991,0.000000,0.626547,-0.626543,0.626540,-0.626536,0.626537,-0.626539,-6.457685,6.457685
0,729,14.580000,commanding,-0.015340,0.630466,-0.633534,0.628932,-0.628932,0.625864,-0.635068,-6.459593,6.465729,0.000000,0.626547,-0.626543,0.626540,-0.626536,0.626537,-0.626539,-6.457685,6.457685
0,730,14.600000,commanding,-0.015340,0.630466,-0.633534,0.628932,-0.628932,0.625864,-0.635068,-6.459593,6.462661,0.000000,0.626547,-0.626543,0.626540,-0.626536,0.626537,-0.626539,-6.457685,6.457685
0,731,14.620000,commanding,-0.015340,0.628932,-0.633534,0.628932,-0.628932,0.625864,-0.635068,-6.459593,6.451923,0.000000,0.626547,-0.626543,0.626540,-0.626536,0.626537,-0.626539,-6.457685,6.457685
0,732,14.640000,commanding,-0.015340,0.628932,-0.633534,0.628932,-0.628932,0.625864,-0.635068,-6.458059,6.454991,0.000000,0.626547,-0.626543,0.626540,-0.626536,0.626537,-0.626539,-6.457685,6.457685
0,733,14.660000,commanding,-0.015340,0.628932,-0.633534,0.628932,-0.628932,0.625864,-0.633534,-6.458059,6.465729,0.000000,0.626547,-0.626543,0.626540,-0.626536,0.626537,-0.626539,-6.457685,6.457685
0,734,14.680000,commanding,-0.015340,0.627398,-0.633534,0.628932,-0.628932,0.625864,-0.633534,-6.459593,6.462661,0.000000,0.626547,-0.626543,0.626540,-0.626536,0.626537,-0.626539,-6.457685,6.457685
0,735,14.700000,commanding,-0.015340,0.627398,-0.633534,0.628932,-0.628932,0.625864,-0.633534,-6.458059,6.450389,0.000000,0.626547,-0.626543,0.626540,-0.626536,0.626537,-0.626539,-6.457685,6.457685
0,736,14.720000,commanding,-0.015340,0.627398,-0.633534,0.628932,-0.628932,0.625864,-0.633534,-6.458059,6.456525,0.000000,0.626547,-0.626543,0.626540,-0.626536,0.626537,-0.626539,-6.457685,6.457685
0,737,14.740000,commanding,-0.015340,0.627398,-0.633534,0.628932,-0.628932,0.625864,-0.633534,-6.458059,6.467263,0.000000,0.626547,-0.626543,0.626540,-0.626536,0.626537,-0.626539,-6.457685,6.457685
0,738,14.760000,commanding,-0.015340,0.627398,-0.633534,0.628932,-0.628932,0.625864,-0.633534,-6.458059,6.461127,0.000000,0.626547,-0.626543,0.626540,-0.626536,0.626537,-0.626539,-6.457685,6.457685
0,739,14.780000,commanding,-0.015340,0.627398,-0.633534,0.628932,-0.628932,0.625864,-0.633534,-6.458059,6.451923,0.000000,0.626547,-0.626543,0.626540,-0.626536,0.626537,-0.626539,-6.457685,6.457685
0,740,14.800000,commanding,-0.015340,0.627398,-0.633534,0.628932,-0.628932,0.625864,-0.633534,-6.458059,6.456525,0.000000,0.626547,-0.626543,0.626540,-0.626536,0.626537,-0.626539,-6.457685,6.457685
0,741,14.820000,commanding,-0.015340,0.627398,-0.633534,0.628932,-0.628932,0.625864,-0.633534,-6.459593,6.467263,0.000000,0.626547,-0.626543,0.626540,-0.626536,0.626537,-0.626539,-6.457685,6.457685
0,742,14.840000,commanding,-0.015340,0.627398,-0.633534,0.628932,-0.628932,0.625864,-0.633534,-6.458059,6.461127,0.000000,0.626547,-0.626543,0.626540,-0.626536,0.626537,-0.626539,-6.457685,6.457685
0,743,14.860000,commanding,-0.015340,0.627398,-0.633534,0.628932,-0.628932,0.625864,-0.633534,-6.459593,6.451923,0.000000,0.626547,-0.626543,0.626540,-0.626536,0.626537,-0.626539,-6.457685,6.457685
0,744,14.880000,commanding,-0.015340,0.627398,-0.633534,0.628932,-0.628932,0.625864,-0.633534,-6.459593,6.456525,0.000000,0.626547,-0.626543,0.626540,-0.626536,0.626537,-0.626539,-6.457685,6.457685
0,745,14.900000,commanding,-0.013806,0.627398,-0.633534,0.628932,-0.628932,0.625864,-0.633534,-6.459593,6.465729,0.000000,0.626547,-0.626543,0.626540,-0.626536,0.626537,-0.626539,-6.457685,6.457685
0,746,14.920000,commanding,-0.015340,0.627398,-0.633534,0.628932,-0.628932,0.625864,-0.633534,-6.458059,6.461127,0.000000,0.626547,-0.626543,0.626540,-0.626536,0.626537,-0.626539,-6.457685,6.457685
0,747,14.940000,commanding,-0.015340,0.627398,-0.633534,0.628932,-0.628932,0.625864,-0.633534,-6.458059,6.451923,0.000000,0.626547,-0.626543,0.626540,-0.626536,0.626537,-0.626539,-6.457685,6.457685
0,748,14.960000,commanding,-0.015340,0.627398,-0.633534,0.628932,-0.628932,0.625864,-0.633534,-6.459593,6.458059,0.000000,0.626547,-0.626543,0.626540,-0.626536,0.626537,-0.626539,-6.457685,6.457685
0,749,14.980000,commanding,-0.015340,0.627398,-0.633534,0.628932,-0.628932,0.625864,-0.633534,-6.458059,6.465729,0.000000,0.626547,-0.626543,0.626540,-0.626536,0.626537,-0.626539,-6.457685,6.457685
0,750,15.000000,commanding,-0.015340,0.627398,-0.633534,0.628932,-0.628932,0.625864,-0.633534,-6.458059,6.461127,0.000000,0.626547,-0.626543,0.626540,-0.626536,0.626537,-0.626539,-6.457685,6.457685
0,751,15.020000,commanding,-0.015340,0.627398,-0.633534,0.628932,-0.628932,0.625864,-0.633534,-6.458059,6.451923,0.000000,0.626547,-0.626543,0.626540,-0.626536,0.626537,-0.626539,-6.457685,6.457685
0,752,15.040000,commanding,-0.015340,0.627398,-0.633534,0.628932,-0.628932,0.625864,-0.633534,-6.458059,6.458059,0.000000,0.626547,-0.626543,0.626540,-0.626536,0.626537,-0.626539,-6.457685,6.457685
0,753,15.060000,commanding,-0.015340,0.627398,-0.633534,0.628932,-0.628932,0.625864,-0.633534,-6.458059,6.465729,0.000000,0.626547,-0.626543,0.626540,-0.626536,0.626537,-0.626539,-6.457685,6.457685
0,754,15.080000,commanding,-0.015340,0.627398,-0.633534,0.628932,-0.628932,0.625864,-0.633534,-6.458059,6.461127,0.000000,0.626547,-0.626543,0.626540,-0.626536,0.626537,-0.626539,-6.457685,6.457685
0,755,15.100000,commanding,-0.015340,0.627398,-0.633534,0.628932,-0.628932,0.625864,-0.633534,-6.459593,6.451923,0.000000,0.626547,-0.626543,0.626540,-0.626536,0.626537,-0.626539,-6.457685,6.457685
0,756,15.120000,commanding,-0.015340,0.627398,-0.633534,0.628932,-0.628932,0.625864,-0.633534,-6.458059,6.458059,0.000000,0.626547,-0.626543,0.626540,-0.626536,0.626537,-0.626539,-6.457685,6.457685
0,757,15.140000,commanding,-0.015340,0.627398,-0.633534,0.628932,-0.628932,0.625864,-0.633534,-6.459593,6.465729,0.000000,0.626547,-0.626543,0.626540,-0.626536,0.626537,-0.626539,-6.457685,6.457685
0,758,15.160000,commanding,-0.015340,0.627398,-0.633534,0.628932,-0.628932,0.625864,-0.632000,-6.458059,6.461127,0.000000,0.626547,-0.626543,0.626540,-0.626536,0.626537,-0.626539,-6.457685,6.457685
0,759,15.180000,commanding,-0.015340,0.627398,-0.633534,0.628932,-0.628932,0.625864,-0.632000,-6.458059,6.451923,0.000000,0.626547,-0.626543,0.626540,-0.626536,0.626537,-0.626539,-6.457685,6.457685
0,760,15.200000,commanding,-0.015340,0.627398,-0.633534,0.628932,-0.628932,0.625864,-0.632000,-6.458059,6.458059,0.000000,0.626547,-0.626543,0.626540,-0.626536,0.626537,-0.626539,-6.457685,6.457685
0,761,15.220000,commanding,-0.015340,0.627398,-0.633534,0.628932,-0.628932,0.625864,-0.632000,-6.458059,6.465729,0.000000,0.626547,-0.626543,0.626540,-0.626536,0.626537,-0.626539,-6.457685,6.457685
0,762,15.240000,commanding,-0.015340,0.627398,-0.633534,0.628932,-0.628932,0.625864,-0.632000,-6.459593,6.461127,0.000000,0.626547,-0.626543,0.626540,-0.626536,0.626537,-0.626539,-6.457685,6.457685
0,763,15.260000,commanding,-0.015340,0.627398,-0.633534,0.628932,-0.628932,0.625864,-0.632000,-6.459593,6.451923,0.000000,0.626547,-0.626543,0.626540,-0.626536,0.626537,-0.626539,-6.457685,6.457685
0,764,15.280000,commanding,-0.015340,0.627398,-0.633534,0.628932,-0.628932,0.625864,-0.632000,-6.459593,6.458059,0.000000,0.626547,-0.626543,0.626540,-0.626536,0.626537,-0.626539,-6.457685,6.457685
0,765,15.300000,commanding,-0.015340,0.627398,-0.633534,0.628932,-0.628932,0.625864,-0.632000,-6.458059,6.465729,0.000000,0.626547,-0.626543,0.626540,-0.626536,0.626537,-0.626539,-6.457685,6.457685
0,766,15.320000,commanding,-0.015340,0.627398,-0.633534,0.628932,-0.628932,0.625864,-0.632000,-6.459593,6.461127,0.000000,0.626547,-0.626543,0.626540,-0.626536,0.626537,-0.626539,-6.457685,6.457685
0,767,15.340000,commanding,-0.015340,0.627398,-0.633534,0.628932,-0.628932,0.625864,-0.632000,-6.459593,6.451923,0.000000,0.626547,-0.626543,0.626540,-0.626536,0.626537,-0.626539,-6.457685,6.457685
0,768,15.360000,commanding,-0.015340,0.627398,-0.633534,0.628932,-0.628932,0.625864,-0.632000,-6.459593,6.458059,0.000000,0.626547,-0.626543,0.626540,-0.626536,0.626537,-0.626539,-6.457685,6.457685
0,769,15.380000,commanding,-0.015340,0.627398,-0.633534,0.628932,-0.628932,0.625864,-0.632000,-6.458059,6.465729,0.000000,0.626547,-0.626543,0.626540,-0.626536,0.626537,-0.626539,-6.457685,6.457685
0,770,15.400000,commanding,-0.015340,0.627398,-0.633534,0.628932,-0.628932,0.625864,-0.632000,-6.458059,6.459593,0.000000,0.626547,-0.626543,0.626540,-0.626536,0.626537,-0.626539,-6.457685,6.457685
0,771,15.420000,commanding,-0.015340,0.627398,-0.633534,0.628932,-0.628932,0.625864,-0.632000,-6.459593,6.451923,0.000000,0.626547,-0.626543,0.626540,-0.626536,0.626537,-0.626539,-6.457685,6.457685
0,772,15.440000,commanding,-0.015340,0.627398,-0.633534,0.628932,-0.628932,0.625864,-0.632000,-6.459593,6.458059,0.000000,0.626547,-0.626543,0.626540,-0.626536,0.626537,-0.626539,-6.457685,6.457685
0,773,15.460000,commanding,-0.015340,0.627398,-0.633534,0.628932,-0.628932,0.625864,-0.632000,-6.458059,6.465729,0.000000,0.626547,-0.626543,0.626540,-0.626536,0.626537,-0.626539,-6.457685,6.457685
0,774,15.480000,commanding,-0.015340,0.627398,-0.632000,0.628932,-0.627398,0.625864,-0.632000,-6.459593,6.461127,0.000000,0.626547,-0.626543,0.626540,-0.626536,0.626537,-0.626539,-6.457685,6.457685
0,775,15.500000,commanding,-0.015340,0.627398,-0.633534,0.628932,-0.627398,0.625864,-0.632000,-6.458059,6.453457,0.000000,0.626547,-0.626543,0.626540,-0.626536,0.626537,-0.626539,-6.457685,6.457685
0,776,15.520000,commanding,-0.015340,0.627398,-0.633534,0.628932,-0.627398,0.625864,-0.632000,-6.458059,6.458059,0.000000,0.626547,-0.626543,0.626540,-0.626536,0.626537,-0.626539,-6.457685,6.457685
0,777,15.540000,commanding,-0.015340,0.627398,-0.633534,0.628932,-0.627398,0.625864,-0.632000,-6.458059,6.465729,0.000000,0.626547,-0.626543,0.626540,-0.626536,0.626537,-0.626539,-6.457685,6.457685
0,778,15.560000,commanding,-0.015340,0.627398,-0.633534,0.628932,-0.627398,0.625864,-0.632000,-6.458059,6.461127,0.000000,0.626547,-0.626543,0.626540,-0.626536,0.626537,-0.626539,-6.457685,6.457685
0,779,15.580000,commanding,-0.015340,0.627398,-0.633534,0.628932,-0.627398,0.625864,-0.632000,-6.458059,6.453457,0.000000,0.626547,-0.626543,0.626540,-0.626536,0.626537,-0.626539,-6.457685,6.457685
0,780,15.600000,commanding,-0.015340,0.627398,-0.633534,0.628932,-0.627398,0.625864,-0.632000,-6.459593,6.458059,0.000000,0.626547,-0.626543,0.626540,-0.626536,0.626537,-0.626539,-6.457685,6.457685
0,781,15.620000,commanding,-0.015340,0.627398,-0.633534,0.628932,-0.627398,0.625864,-0.632000,-6.459593,6.464195,0.000000,0.626547,-0.626543,0.626540,-0.626536,0.626537,-0.626539,-6.457685,6.457685
0,782,15.640000,commanding,-0.015340,0.627398,-0.633534,0.628932,-0.627398,0.625864,-0.632000,-6.458059,6.459593,0.000000,0.626547,-0.626543,0.626540,-0.626536,0.626537,-0.626539,-6.457685,6.457685
0,783,15.660000,commanding,-0.015340,0.627398,-0.633534,0.628932,-0.627398,0.625864,-0.632000,-6.458059,6.453457,0.000000,0.626547,-0.626543,0.626540,-0.626536,0.626537,-0.626539,-6.457685,6.457685
0,784,15.680000,commanding,-0.015340,0.627398,-0.633534,0.628932,-0.627398,0.625864,-0.632000,-6.458059,6.459593,0.000000,0.626547,-0.626543,0.626540,-0.626536,0.626537,-0.626539,-6.457685,6.457685
0,785,15.700000,commanding,-0.015340,0.627398,-0.633534,0.628932,-0.627398,0.625864,-0.632000,-6.459593,6.464195,0.000000,0.626547,-0.626543,0.626540,-0.626536,0.626537,-0.626539,-6.457685,6.457685
0,786,15.720000,commanding,-0.015340,0.625864,-0.633534,0.628932,-0.627398,0.625864,-0.632000,-6.459593,6.459593,0.000000,0.626547,-0.626543,0.626540,-0.626536,0.626537,-0.626539,-6.457685,6.457685
0,787,15.740000,commanding,-0.015340,0.625864,-0.633534,0.628932,-0.627398,0.625864,-0.632000,-6.459593,6.453457,0.000000,0.626547,-0.626543,0.626540,-0.626536,0.626537,-0.626539,-6.457685,6.457685
0,788,15.760000,commanding,-0.015340,0.625864,-0.633534,0.628932,-0.627398,0.625864,-0.632000,-6.458059,6.461127,0.000000,0.626547,-0.626543,0.626540,-0.626536,0.626537,-0.626539,-6.457685,6.457685
0,789,15.780000,commanding,-0.015340,0.625864,-0.633534,0.628932,-0.627398,0.625864,-0.632000,-6.459593,6.464195,0.000000,0.626547,-0.626543,0.626540,-0.626536,0.626537,-0.626539,-6.457685,6.457685
0,790,15.800000,commanding,-0.015340,0.625864,-0.633534,0.628932,-0.627398,0.625864,-0.630466,-6.459593,6.459593,0.000000,0.626547,-0.626543,0.626540,-0.626536,0.626537,-0.626539,-6.457685,6.457685
0,791,15.820000,commanding,-0.015340,0.625864,-0.633534,0.628932,-0.627398,0.625864,-0.630466,-6.458059,6.453457,0.000000,0.626547,-0.626543,0.626540,-0.626536,0.626537,-0.626539,-6.457685,6.457685
0,792,15.840000,commanding,-0.015340,0.625864,-0.633534,0.628932,-0.627398,0.625864,-0.630466,-6.459593,6.459593,0.000000,0.626547,-0.626543,0.626540,-0.626536,0.626537,-0.626539,-6.457685,6.457685
0,793,15.860000,commanding,-0.015340,0.625864,-0.633534,0.628932,-0.627398,0.625864,-0.630466,-6.458059,6.464195,0.000000,0.626547,-0.626543,0.626540,-0.626536,0.626537,-0.626539,-6.457685,6.457685
0,794,15.880000,commanding,-0.015340,0.625864,-0.633534,0.628932,-0.627398,0.625864,-0.630466,-6.459593,6.458059,0.000000,0.626547,-0.626543,0.626540,-0.626536,0.626537,-0.626539,-6.457685,6.457685
0,795,15.900000,commanding,-0.015340,0.625864,-0.633534,0.628932,-0.627398,0.625864,-0.630466,-6.459593,6.453457,0.000000,0.626547,-0.626543,0.626540,-0.626536,0.626537,-0.626539,-6.457685,6.457685
0,796,15.920000,commanding,-0.015340,0.625864,-0.633534,0.628932,-0.627398,0.625864,-0.630466,-6.459593,6.459593,0.000000,0.626547,-0.626543,0.626540,-0.626536,0.626537,-0.626539,-6.457685,6.457685
0,797,15.940000,commanding,-0.015340,0.625864,-0.633534,0.628932,-0.627398,0.625864,-0.630466,-6.458059,6.464195,0.000000,0.626547,-0.626543,0.626540,-0.626536,0.626537,-0.626539,-6.457685,6.457685
0,798,15.960000,commanding,-0.015340,0.625864,-0.633534,0.628932,-0.627398,0.625864,-0.630466,-6.458059,6.459593,0.000000,0.626547,-0.626543,0.626540,-0.626536,0.626537,-0.626539,-6.457685,6.457685
0,799,15.980000,commanding,-0.015340,0.625864,-0.633534,0.628932,-0.627398,0.625864,-0.630466,-6.459593,6.453457,0.000000,0.626547,-0.626543,0.626540,-0.626536,0.626537,-0.626539,-6.457685,6.457685
0,800,16.000000,commanding,-0.015340,0.625864,-0.633534,0.628932,-0.627398,0.625864,-0.630466,-6.459593,6.461127,0.000000,0.626547,-0.626543,0.626540,-0.626536,0.626537,-0.626539,-6.457685,6.457685
0,801,16.020000,commanding,-0.015340,0.625864,-0.633534,0.628932,-0.627398,0.625864,-0.630466,-6.458059,6.464195,0.000000,0.626547,-0.626543,0.626540,-0.626536,0.626537,-0.626539,-6.457685,6.457685
0,802,16.040000,commanding,-0.015340,0.625864,-0.633534,0.627398,-0.627398,0.625864,-0.630466,-6.459593,6.459593,0.000000,0.626547,-0.626543,0.626540,-0.626536,0.626537,-0.626539,-6.457685,6.457685
0,803,16.060000,commanding,-0.015340,0.625864,-0.633534,0.627398,-0.627398,0.625864,-0.630466,-6.458059,6.453457,0.000000,0.626547,-0.626543,0.626540,-0.626536,0.626537,-0.626539,-6.457685,6.457685
0,804,16.080000,commanding,-0.015340,0.625864,-0.633534,0.627398,-0.627398,0.625864,-0.630466,-6.458059,6.459593,0.000000,0.626547,-0.626543,0.626540,-0.626536,0.626537,-0.626539,-6.457685,6.457685
0,805,16.100000,commanding,-0.015340,0.625864,-0.633534,0.627398,-0.627398,0.625864,-0.630466,-6.458059,6.464195,0.000000,0.626547,-0.626543,0.626540,-0.626536,0.626537,-0.626539,-6.457685,6.457685
0,806,16.120000,commanding,-0.015340,0.625864,-0.633534,0.627398,-0.627398,0.625864,-0.630466,-6.458059,6.458059,0.000000,0.626547,-0.626543,0.626540,-0.626536,0.626537,-0.626539,-6.457685,6.457685
0,807,16.140000,commanding,-0.015340,0.625864,-0.633534,0.627398,-0.627398,0.625864,-0.630466,-6.458059,6.453457,0.000000,0.626547,-0.626543,0.626540,-0.626536,0.626537,-0.626539,-6.457685,6.457685
0,808,16.160000,commanding,-0.015340,0.625864,-0.633534,0.627398,-0.627398,0.625864,-0.630466,-6.459593,6.461127,0.000000,0.626547,-0.626543,0.626540,-0.626536,0.626537,-0.626539,-6.457685,6.457685
0,809,16.180000,commanding,-0.015340,0.625864,-0.633534,0.627398,-0.627398,0.625864,-0.630466,-6.458059,6.464195,0.000000,0.626547,-0.626543,0.626540,-0.626536,0.626537,-0.626539,-6.457685,6.457685
0,810,16.200000,commanding,-0.015340,0.625864,-0.633534,0.627398,-0.627398,0.625864,-0.630466,-6.459593,6.458059,0.000000,0.626547,-0.626543,0.626540,-0.626536,0.626537,-0.626539,-6.457685,6.457685
0,811,16.220000,commanding,-0.015340,0.625864,-0.633534,0.627398,-0.627398,0.625864,-0.630466,-6.458059,6.453457,0.000000,0.626547,-0.626543,0.626540,-0.626536,0.626537,-0.626539,-6.457685,6.457685
0,812,16.240000,commanding,-0.015340,0.625864,-0.633534,0.627398,-0.627398,0.625864,-0.630466,-6.458059,6.461127,0.000000,0.626547,-0.626543,0.626540,-0.626536,0.626537,-0.626539,-6.457685,6.457685
0,813,16.260000,commanding,-0.015340,0.625864,-0.633534,0.627398,-0.627398,0.625864,-0.630466,-6.459593,6.464195,0.000000,0.626547,-0.626543,0.626540,-0.626536,0.626537,-0.626539,-6.457685,6.457685
0,814,16.280000,commanding,-0.015340,0.625864,-0.633534,0.627398,-0.627398,0.625864,-0.630466,-6.458059,6.458059,0.000000,0.626547,-0.626543,0.626540,-0.626536,0.626537,-0.626539,-6.457685,6.457685
0,815,16.300000,commanding,-0.015340,0.625864,-0.633534,0.627398,-0.627398,0.625864,-0.630466,-6.458059,6.453457,0.000000,0.626547,-0.626543,0.626540,-0.626536,0.626537,-0.626539,-6.457685,6.457685
0,816,16.320000,commanding,-0.015340,0.625864,-0.633534,0.627398,-0.627398,0.625864,-0.630466,-6.458059,6.461127,0.000000,0.626547,-0.626543,0.626540,-0.626536,0.626537,-0.626539,-6.457685,6.457685
0,817,16.340000,commanding,-0.015340,0.625864,-0.633534,0.627398,-0.627398,0.625864,-0.630466,-6.458059,6.464195,0.000000,0.626547,-0.626543,0.626540,-0.626536,0.626537,-0.626539,-6.457685,6.457685
0,818,16.360000,commanding,-0.015340,0.625864,-0.633534,0.627398,-0.627398,0.625864,-0.630466,-6.459593,6.458059,0.000000,0.626547,-0.626543,0.626540,-0.626536,0.626537,-0.626539,-6.457685,6.457685
0,819,16.380000,commanding,-0.015340,0.625864,-0.633534,0.627398,-0.627398,0.625864,-0.630466,-6.458059,6.453457,0.000000,0.626547,-0.626543,0.626540,-0.626536,0.626537,-0.626539,-6.457685,6.457685
0,820,16.400000,commanding,-0.015340,0.625864,-0.633534,0.627398,-0.627398,0.625864,-0.630466,-6.459593,6.459593,0.000000,0.626547,-0.626543,0.626540,-0.626536,0.626537,-0.626539,-6.457685,6.457685
0,821,16.420000,commanding,-0.013806,0.625864,-0.633534,0.627398,-0.627398,0.625864,-0.630466,-6.459593,6.464195,0.000000,0.626547,-0.626543,0.626540,-0.626536,0.626537,-0.626539,-6.457685,6.457685
0,822,16.440000,commanding,-0.015340,0.625864,-0.633534,0.627398,-0.627398,0.625864,-0.630466,-6.458059,6.458059,0.000000,0.626547,-0.626543,0.626540,-0.626536,0.626537,-0.626539,-6.457685,6.457685
0,823,16.460000,commanding,-0.015340,0.625864,-0.633534,0.627398,-0.627398,0.625864,-0.630466,-6.459593,6.453457,0.000000,0.626547,-0.626543,0.626540,-0.626536,0.626537,-0.626539,-6.457685,6.457685
0,824,16.480000,commanding,-0.015340,0.625864,-0.633534,0.627398,-0.627398,0.625864,-0.630466,-6.458059,6.461127,0.000000,0.626547,-0.626543,0.626540,-0.626536,0.626537,-0.626539,-6.457685,6.457685
0,825,16.500000,commanding,-0.015340,0.625864,-0.633534,0.627398,-0.627398,0.625864,-0.630466,-6.458059,6.464195,0.000000,0.626547,-0.626543,0.626540,-0.626536,0.626537,-0.626539,-6.457685,6.457685
0,826,16.520000,commanding,-0.015340,0.625864,-0.633534,0.627398,-0.627398,0.625864,-0.630466,-6.458059,6.458059,0.000000,0.626547,-0.626543,0.626540,-0.626536,0.626537,-0.626539,-6.457685,6.457685
0,827,16.540000,commanding,-0.015340,0.625864,-0.633534,0.627398,-0.627398,0.625864,-0.630466,-6.458059,6.453457,0.000000,0.626547,-0.626543,0.626540,-0.626536,0.626537,-0.626539,-6.457685,6.457685
0,828,16.560000,commanding,-0.013806,0.625864,-0.633534,0.627398,-0.627398,0.625864,-0.630466,-6.459593,6.461127,0.000000,0.626547,-0.626543,0.626540,-0.626536,0.626537,-0.626539,-6.457685,6.457685
0,829,16.580000,commanding,-0.015340,0.625864,-0.633534,0.627398,-0.627398,0.625864,-0.630466,-6.458059,6.464195,0.000000,0.626547,-0.626543,0.626540,-0.626536,0.626537,-0.626539,-6.457685,6.457685
0,830,16.600000,commanding,-0.015340,0.625864,-0.633534,0.627398,-0.627398,0.625864,-0.630466,-6.458059,6.458059,0.000000,0.626547,-0.626543,0.626540,-0.626536,0.626537,-0.626539,-6.457685,6.457685
0,831,16.620000,commanding,-0.013806,0.625864,-0.633534,0.627398,-0.627398,0.625864,-0.630466,-6.459593,6.453457,0.000000,0.626547,-0.626543,0.626540,-0.626536,0.626537,-0.626539,-6.457685,6.457685
0,832,16.640000,commanding,-0.015340,0.625864,-0.633534,0.627398,-0.627398,0.625864,-0.630466,-6.459593,6.461127,0.000000,0.626547,-0.626543,0.626540,-0.626536,0.626537,-0.626539,-6.457685,6.457685
0,833,16.660000,commanding,-0.015340,0.625864,-0.633534,0.627398,-0.627398,0.625864,-0.630466,-6.459593,6.464195,0.000000,0.626547,-0.626543,0.626540,-0.626536,0.626537,-0.626539,-6.457685,6.457685
0,834,16.680000,commanding,-0.015340,0.625864,-0.633534,0.627398,-0.627398,0.625864,-0.630466,-6.459593,6.458059,0.000000,0.626547,-0.626543,0.626540,-0.626536,0.626537,-0.626539,-6.457685,6.457685
0,835,16.700000,commanding,-0.015340,0.625864,-0.633534,0.627398,-0.627398,0.625864,-0.630466,-6.459593,6.453457,0.000000,0.626547,-0.626543,0.626540,-0.626536,0.626537,-0.626539,-6.457685,6.457685
0,836,16.720000,commanding,-0.015340,0.625864,-0.633534,0.627398,-0.627398,0.625864,-0.630466,-6.458059,6.461127,0.000000,0.626547,-0.626543,0.626540,-0.626536,0.626537,-0.626539,-6.457685,6.457685
0,837,16.740000,commanding,-0.015340,0.625864,-0.633534,0.627398,-0.627398,0.625864,-0.630466,-6.459593,6.464195,0.000000,0.626547,-0.626543,0.626540,-0.626536,0.626537,-0.626539,-6.457685,6.457685
0,838,16.760000,commanding,-0.015340,0.625864,-0.633534,0.627398,-0.627398,0.625864,-0.628932,-6.458059,6.458059,0.000000,0.626547,-0.626543,0.626540,-0.626536,0.626537,-0.626539,-6.457685,6.457685
0,839,16.780000,commanding,-0.015340,0.625864,-0.633534,0.627398,-0.627398,0.625864,-0.628932,-6.458059,6.453457,0.000000,0.626547,-0.626543,0.626540,-0.626536,0.626537,-0.626539,-6.457685,6.457685
0,840,16.800000,commanding,-0.015340,0.625864,-0.633534,0.627398,-0.627398,0.625864,-0.627398,-6.458059,6.459593,0.000000,0.626547,-0.626543,0.626540,-0.626536,0.626537,-0.626539,-6.457685,6.457685
0,841,16.820000,commanding,-0.015340,0.625864,-0.633534,0.627398,-0.627398,0.625864,-0.627398,-6.459593,6.464195,0.000000,0.626547,-0.626543,0.626540,-0.626536,0.626537,-0.626539,-6.457685,6.457685
0,842,16.840000,commanding,-0.015340,0.625864,-0.633534,0.627398,-0.627398,0.625864,-0.627398,-6.458059,6.458059,0.000000,0.626547,-0.626543,0.626540,-0.626536,0.626537,-0.626539,-6.457685,6.457685
0,843,16.860000,commanding,-0.015340,0.625864,-0.633534,0.627398,-0.627398,0.625864,-0.627398,-6.459593,6.454991,0.000000,0.626547,-0.626543,0.626540,-0.626536,0.626537,-0.626539,-6.457685,6.457685
0,844,16.880000,commanding,-0.015340,0.625864,-0.633534,0.627398,-0.627398,0.625864,-0.627398,-6.458059,6.461127,0.000000,0.626547,-0.626543,0.626540,-0.626536,0.626537,-0.626539,-6.457685,6.457685
0,845,16.900000,commanding,-0.013806,0.625864,-0.633534,0.627398,-0.627398,0.625864,-0.627398,-6.458059,6.462661,0.000000,0.626547,-0.626543,0.626540,-0.626536,0.626537,-0.626539,-6.457685,6.457685
0,846,16.920000,commanding,-0.015340,0.625864,-0.633534,0.627398,-0.627398,0.625864,-0.627398,-6.459593,6.458059,0.000000,0.626547,-0.626543,0.626540,-0.626536,0.626537,-0.626539,-6.457685,6.457685
0,847,16.940000,commanding,-0.015340,0.625864,-0.633534,0.627398,-0.627398,0.625864,-0.627398,-6.459593,6.454991,0.000000,0.626547,-0.626543,0.626540,-0.626536,0.626537,-0.626539,-6.457685,6.457685
0,848,16.960000,commanding,-0.015340,0.625864,-0.633534,0.627398,-0.627398,0.625864,-0.627398,-6.459593,6.462661,0.000000,0.626547,-0.626543,0.626540,-0.626536,0.626537,-0.626539,-6.457685,6.457685
0,849,16.980000,commanding,-0.015340,0.624330,-0.633534,0.627398,-0.627398,0.625864,-0.627398,-6.458059,6.462661,0.000000,0.626547,-0.626543,0.626540,-0.626536,0.626537,-0.626539,-6.457685,6.457685
0,850,17.000000,commanding,-0.015340,0.622796,-0.633534,0.627398,-0.627398,0.625864,-0.627398,-6.458059,6.456525,0.000000,0.626547,-0.626543,0.626540,-0.626536,0.626537,-0.626539,-6.457685,6.457685
0,851,17.020000,commanding,-0.015340,0.622796,-0.633534,0.627398,-0.627398,0.625864,-0.627398,-6.458059,6.454991,0.000000,0.626547,-0.626543,0.626540,-0.626536,0.626537,-0.626539,-6.457685,6.457685
0,852,17.040000,commanding,-0.015340,0.622796,-0.633534,0.627398,-0.627398,0.625864,-0.627398,-6.458059,6.462661,0.000000,0.626547,-0.626543,0.626540,-0.626536,0.626537,-0.626539,-6.457685,6.457685
0,853,17.060000,commanding,-0.015340,0.624330,-0.633534,0.627398,-0.627398,0.625864,-0.627398,-6.458059,6.461127,0.000000,0.626547,-0.626543,0.626540,-0.626536,0.626537,-0.626539,-6.457685,6.457685
0,854,17.080000,commanding,-0.015340,0.622796,-0.633534,0.627398,-0.627398,0.625864,-0.627398,-6.458059,6.453457,0.000000,0.626547,-0.626543,0.626540,-0.626536,0.626537,-0.626539,-6.457685,6.457685
0,855,17.100000,commanding,-0.015340,0.622796,-0.633534,0.627398,-0.627398,0.625864,-0.627398,-6.458059,6.456525,0.000000,0.626547,-0.626543,0.626540,-0.626536,0.626537,-0.626539,-6.457685,6.457685
0,856,17.120000,commanding,-0.015340,0.622796,-0.633534,0.627398,-0.627398,0.625864,-0.627398,-6.459593,6.464195,0.000000,0.626547,-0.626543,0.626540,-0.626536,0.626537,-0.626539,-6.457685,6.457685
0,857,17.140000,commanding,-0.015340,0.622796,-0.633534,0.627398,-0.627398,0.625864,-0.627398,-6.458059,6.461127,0.000000,0.626547,-0.626543,0.626540,-0.626536,0.626537,-0.626539,-6.457685,6.457685
0,858,17.160000,commanding,-0.015340,0.622796,-0.633534,0.627398,-0.627398,0.625864,-0.627398,-6.458059,6.453457,0.000000,0.626547,-0.626543,0.626540,-0.626536,0.626537,-0.626539,-6.457685,6.457685
0,859,17.180000,commanding,-0.015340,0.624330,-0.633534,0.627398,-0.627398,0.625864,-0.627398,-6.459593,6.456525,0.000000,0.626547,-0.626543,0.626540,-0.626536,0.626537,-0.626539,-6.457685,6.457685
0,860,17.200000,commanding,-0.015340,0.622796,-0.633534,0.627398,-0.627398,0.625864,-0.627398,-6.458059,6.465729,0.000000,0.626547,-0.626543,0.626540,-0.626536,0.626537,-0.626539,-6.457685,6.457685
0,861,17.220000,commanding,-0.015340,0.622796,-0.633534,0.627398,-0.627398,0.625864,-0.627398,-6.458059,6.461127,0.000000,0.626547,-0.626543,0.626540,-0.626536,0.626537,-0.626539,-6.457685,6.457685
0,862,17.240000,commanding,-0.015340,0.622796,-0.633534,0.627398,-0.627398,0.625864,-0.627398,-6.459593,6.453457,0.000000,0.626547,-0.626543,0.626540,-0.626536,0.626537,-0.626539,-6.457685,6.457685
0,863,17.260000,commanding,-0.015340,0.622796,-0.633534,0.627398,-0.627398,0.625864,-0.627398,-6.458059,6.456525,0.000000,0.626547,-0.626543,0.626540,-0.626536,0.626537,-0.626539,-6.457685,6.457685
0,864,17.280000,commanding,-0.015340,0.622796,-0.633534,0.627398,-0.627398,0.625864,-0.627398,-6.458059,6.464195,0.000000,0.626547,-0.626543,0.626540,-0.626536,0.626537,-0.626539,-6.457685,6.457685
0,865,17.300000,commanding,-0.015340,0.622796,-0.633534,0.627398,-0.627398,0.625864,-0.627398,-6.458059,6.461127,0.000000,0.626547,-0.626543,0.626540,-0.626536,0.626537,-0.626539,-6.457685,6.457685
0,866,17.320000,commanding,-0.015340,0.622796,-0.633534,0.627398,-0.627398,0.625864,-0.627398,-6.459593,6.453457,0.000000,0.626547,-0.626543,0.626540,-0.626536,0.626537,-0.626539,-6.457685,6.457685
0,867,17.340000,commanding,-0.015340,0.622796,-0.633534,0.627398,-0.627398,0.625864,-0.627398,-6.458059,6.456525,0.000000,0.626547,-0.626543,0.626540,-0.626536,0.626537,-0.626539,-6.457685,6.457685
0,868,17.360000,commanding,-0.015340,0.622796,-0.633534,0.627398,-0.627398,0.625864,-0.627398,-6.458059,6.465729,0.000000,0.626547,-0.626543,0.626540,-0.626536,0.626537,-0.626539,-6.457685,6.457685
0,869,17.380000,commanding,-0.015340,0.622796,-0.633534,0.627398,-0.627398,0.625864,-0.627398,-6.458059,6.461127,0.000000,0.626547,-0.626543,0.626540,-0.626536,0.626537,-0.626539,-6.457685,6.457685
0,870,17.400000,commanding,-0.015340,0.622796,-0.633534,0.627398,-0.627398,0.625864,-0.627398,-6.458059,6.453457,0.000000,0.626547,-0.626543,0.626540,-0.626536,0.626537,-0.626539,-6.457685,6.457685
0,871,17.420000,commanding,-0.015340,0.622796,-0.633534,0.627398,-0.625864,0.625864,-0.627398,-6.459593,6.458059,0.000000,0.626547,-0.626543,0.626540,-0.626536,0.626537,-0.626539,-6.457685,6.457685
0,872,17.440000,commanding,-0.015340,0.622796,-0.633534,0.627398,-0.625864,0.625864,-0.627398,-6.459593,6.465729,0.000000,0.626547,-0.626543,0.626540,-0.626536,0.626537,-0.626539,-6.457685,6.457685
0,873,17.460000,commanding,-0.015340,0.622796,-0.633534,0.627398,-0.625864,0.625864,-0.627398,-6.459593,6.461127,0.000000,0.626547,-0.626543,0.626540,-0.626536,0.626537,-0.626539,-6.457685,6.457685
0,874,17.480000,commanding,-0.015340,0.622796,-0.633534,0.627398,-0.625864,0.625864,-0.627398,-6.459593,6.451923,0.000000,0.626547,-0.626543,0.626540,-0.626536,0.626537,-0.626539,-6.457685,6.457685
0,875,17.500000,commanding,-0.015340,0.622796,-0.633534,0.627398,-0.625864,0.625864,-0.627398,-6.459593,6.458059,0.000000,0.626547,-0.626543,0.626540,-0.626536,0.626537,-0.626539,-6.457685,6.457685
0,876,17.520000,commanding,-0.015340,0.622796,-0.633534,0.627398,-0.625864,0.625864,-0.627398,-6.458059,6.465729,0.000000,0.626547,-0.626543,0.626540,-0.626536,0.626537,-0.626539,-6.457685,6.457685
0,877,17.540000,commanding,-0.015340,0.622796,-0.633534,0.627398,-0.625864,0.625864,-0.627398,-6.458059,6.461127,0.000000,0.626547,-0.626543,0.626540,-0.626536,0.626537,-0.626539,-6.457685,6.457685
0,878,17.560000,commanding,-0.015340,0.622796,-0.633534,0.627398,-0.625864,0.625864,-0.627398,-6.458059,6.453457,0.000000,0.626547,-0.626543,0.626540,-0.626536,0.626537,-0.626539,-6.457685,6.457685
0,879,17.580000,commanding,-0.015340,0.622796,-0.633534,0.627398,-0.625864,0.625864,-0.627398,-6.459593,6.458059,0.000000,0.626547,-0.626543,0.626540,-0.626536,0.626537,-0.626539,-6.457685,6.457685
0,880,17.600000,commanding,-0.015340,0.622796,-0.633534,0.627398,-0.625864,0.625864,-0.627398,-6.459593,6.465729,0.000000,0.626547,-0.626543,0.626540,-0.626536,0.626537,-0.626539,-6.457685,6.457685
0,881,17.620000,commanding,-0.015340,0.622796,-0.633534,0.627398,-0.625864,0.625864,-0.627398,-6.458059,6.461127,0.000000,0.626547,-0.626543,0.626540,-0.626536,0.626537,-0.626539,-6.457685,6.457685
0,882,17.640000,commanding,-0.015340,0.622796,-0.633534,0.627398,-0.625864,0.625864,-0.627398,-6.458059,6.453457,0.000000,0.626547,-0.626543,0.626540,-0.626536,0.626537,-0.626539,-6.457685,6.457685
0,883,17.660000,commanding,-0.015340,0.622796,-0.633534,0.627398,-0.625864,0.624330,-0.627398,-6.458059,6.458059,0.000000,0.626547,-0.626543,0.626540,-0.626536,0.626537,-0.626539,-6.457685,6.457685
0,884,17.680000,commanding,-0.015340,0.622796,-0.633534,0.627398,-0.624330,0.625864,-0.627398,-6.458059,6.465729,0.000000,0.626547,-0.626543,0.626540,-0.626536,0.626537,-0.626539,-6.457685,6.457685
0,885,17.700000,commanding,-0.015340,0.622796,-0.633534,0.627398,-0.625864,0.625864,-0.628932,-6.459593,6.461127,0.000000,0.626547,-0.626543,0.626540,-0.626536,0.626537,-0.626539,-6.457685,6.457685
0,886,17.720000,commanding,-0.013806,0.622796,-0.633534,0.627398,-0.625864,0.625864,-0.627398,-6.458059,6.453457,0.000000,0.626547,-0.626543,0.626540,-0.626536,0.626537,-0.626539,-6.457685,6.457685
0,887,17.740000,commanding,-0.015340,0.622796,-0.633534,0.627398,-0.625864,0.625864,-0.627398,-6.458059,6.458059,0.000000,0.626547,-0.626543,0.626540,-0.626536,0.626537,-0.626539,-6.457685,6.457685
0,888,17.760000,commanding,-0.013806,0.622796,-0.633534,0.627398,-0.625864,0.625864,-0.627398,-6.459593,6.465729,0.000000,0.626547,-0.626543,0.626540,-0.626536,0.626537,-0.626539,-6.457685,6.457685
0,889,17.780000,commanding,-0.015340,0.622796,-0.633534,0.627398,-0.625864,0.625864,-0.627398,-6.458059,6.461127,0.000000,0.626547,-0.626543,0.626540,-0.626536,0.626537,-0.626539,-6.457685,6.457685
0,890,17.800000,commanding,-0.013806,0.622796,-0.633534,0.627398,-0.625864,0.625864,-0.627398,-6.459593,6.453457,0.000000,0.626547,-0.626543,0.626540,-0.626536,0.626537,-0.626539,-6.457685,6.457685
0,891,17.820000,commanding,-0.015340,0.622796,-0.633534,0.627398,-0.625864,0.625864,-0.627398,-6.459593,6.458059,0.000000,0.626547,-0.626543,0.626540,-0.626536,0.626537,-0.626539,-6.457685,6.457685
0,892,17.840000,commanding,-0.015340,0.622796,-0.633534,0.627398,-0.624330,0.625864,-0.627398,-6.458059,6.464195,0.000000,0.626547,-0.626543,0.626540,-0.626536,0.626537,-0.626539,-6.457685,6.457685
0,893,17.860000,commanding,-0.015340,0.622796,-0.633534,0.627398,-0.625864,0.625864,-0.627398,-6.459593,6.459593,0.000000,0.626547,-0.626543,0.626540,-0.626536,0.626537,-0.626539,-6.457685,6.457685
0,894,17.880000,commanding,-0.015340,0.622796,-0.633534,0.627398,-0.625864,0.625864,-0.627398,-6.458059,6.453457,0.000000,0.626547,-0.626543,0.626540,-0.626536,0.626537,-0.626539,-6.457685,6.457685
0,895,17.900000,commanding,-0.015340,0.622796,-0.633534,0.627398,-0.624330,0.625864,-0.627398,-6.458059,6.459593,0.000000,0.626547,-0.626543,0.626540,-0.626536,0.626537,-0.626539,-6.457685,6.457685
0,896,17.920000,commanding,-0.015340,0.622796,-0.633534,0.627398,-0.624330,0.625864,-0.627398,-6.459593,6.464195,0.000000,0.626547,-0.626543,0.626540,-0.626536,0.626537,-0.626539,-6.457685,6.457685
0,897,17.940000,commanding,-0.015340,0.622796,-0.633534,0.627398,-0.625864,0.625864,-0.627398,-6.459593,6.459593,0.000000,0.626547,-0.626543,0.626540,-0.626536,0.626537,-0.626539,-6.457685,6.457685
0,898,17.960000,commanding,-0.015340,0.622796,-0.633534,0.627398,-0.624330,0.625864,-0.627398,-6.459593,6.453457,0.000000,0.626547,-0.626543,0.626540,-0.626536,0.626537,-0.626539,-6.457685,6.457685
0,899,17.980000,commanding,-0.015340,0.622796,-0.633534,0.625864,-0.624330,0.624330,-0.627398,-6.459593,6.459593,0.000000,0.626547,-0.626543,0.626540,-0.626536,0.626537,-0.626539,-6.457685,6.457685
0,900,18.000000,commanding,-0.015340,0.622796,-0.633534,0.625864,-0.624330,0.625864,-0.627398,-6.458059,6.464195,0.000000,0.626547,-0.626543,0.626540,-0.626536,0.626537,-0.626539,-6.457685,6.457685
0,901,18.020000,commanding,-0.015340,0.622796,-0.633534,0.625864,-0.624330,0.625864,-0.627398,-6.458059,6.459593,0.000000,0.626547,-0.626543,0.626540,-0.626536,0.626537,-0.626539,-6.457685,6.457685
0,902,18.040000,commanding,-0.015340,0.622796,-0.633534,0.625864,-0.624330,0.625864,-0.627398,-6.458059,6.454991,0.000000,0.626547,-0.626543,0.626540,-0.626536,0.626537,-0.626539,-6.457685,6.457685
0,903,18.060000,commanding,-0.015340,0.622796,-0.633534,0.625864,-0.624330,0.625864,-0.627398,-6.458059,6.459593,0.000000,0.626547,-0.626543,0.626540,-0.626536,0.626537,-0.626539,-6.457685,6.457685
0,904,18.080000,commanding,-0.015340,0.622796,-0.633534,0.625864,-0.624330,0.624330,-0.627398,-6.459593,6.464195,0.000000,0.626547,-0.626543,0.626540,-0.626536,0.626537,-0.626539,-6.457685,6.457685
0,905,18.100000,commanding,-0.015340,0.622796,-0.633534,0.625864,-0.624330,0.625864,-0.627398,-6.458059,6.459593,0.000000,0.626537,-0.626530,0.626532,-0.626529,0.626525,-0.626529,-6.457668,6.457652
0,906,18.120000,commanding,-0.015340,0.622796,-0.633534,0.625864,-0.624330,0.625864,-0.627398,-6.459593,6.453457,0.000000,0.626469,-0.626443,0.626479,-0.626477,0.626439,-0.626461,-6.457546,6.457421
0,907,18.140000,commanding,-0.015340,0.622796,-0.633534,0.625864,-0.624330,0.624330,-0.627398,-6.458059,6.459593,0.000000,0.626289,-0.626212,0.626337,-0.626338,0.626211,-0.626279,-6.457220,6.456806
0,908,18.160000,commanding,-0.015340,0.622796,-0.633534,0.625864,-0.624330,0.624330,-0.627398,-6.459593,6.464195,0.000000,0.625944,-0.625772,0.626065,-0.626074,0.625775,-0.625932,-6.456596,6.455633
0,909,18.180000,commanding,-0.015340,0.622796,-0.633534,0.625864,-0.624330,0.624330,-0.627398,-6.458059,6.458059,0.000000,0.625388,-0.625060,0.625627,-0.625647,0.625072,-0.625373,-6.455584,6.453739
0,910,18.200000,commanding,-0.015340,0.622796,-0.633534,0.625864,-0.624330,0.624330,-0.627398,-6.458059,6.451923,0.000000,0.624576,-0.624021,0.624986,-0.625024,0.624045,-0.624555,-6.454100,6.450971
0,911,18.220000,commanding,-0.015340,0.622796,-0.633534,0.625864,-0.624330,0.624330,-0.627398,-6.458059,6.454991,0.000000,0.623468,-0.622602,0.624112,-0.624173,0.622642,-0.623439,-6.452062,6.447190
0,912,18.240000,commanding,-0.015340,0.622796,-0.633534,0.625864,-0.624330,0.624330,-0.627398,-6.456525,6.456525,0.000000,0.622026,-0.620754,0.622973,-0.623066,0.620815,-0.621987,-6.449397,6.442265
0,913,18.260000,commanding,-0.015340,0.621262,-0.633534,0.625864,-0.624330,0.624330,-0.627398,-6.454991,6.450389,0.000000,0.620217,-0.618434,0.621544,-0.621675,0.618521,-0.620166,-6.446033,6.436076
0,914,18.280000,commanding,-0.015340,0.618194,-0.633534,0.624330,-0.624330,0.624330,-0.624330,-6.453457,6.442719,0.000000,0.618010,-0.615600,0.619799,-0.619978,0.615720,-0.617944,-6.441905,6.428516
0,915,18.300000,commanding,-0.013806,0.618194,-0.633534,0.619728,-0.621262,0.622796,-0.622796,-6.453457,6.439651,0.000000,0.615381,-0.612217,0.617717,-0.617952,0.612376,-0.615296,-6.436949,6.419484
0,916,18.320000,commanding,-0.013806,0.616660,-0.633534,0.618194,-0.621262,0.619728,-0.621262,-6.453457,6.435049,0.000000,0.612304,-0.608253,0.615278,-0.615581,0.608458,-0.612199,-6.431110,6.408891
0,917,18.340000,commanding,-0.015340,0.613592,-0.633534,0.619728,-0.618194,0.612058,-0.619728,-6.451923,6.425846,0.000000,0.608762,-0.603680,0.612467,-0.612846,0.603937,-0.608632,-6.424334,6.396658
0,918,18.360000,commanding,-0.015340,0.608990,-0.633534,0.618194,-0.616660,0.608990,-0.616660,-6.444253,6.419710,0.000000,0.604739,-0.598472,0.609267,-0.609735,0.598789,-0.604580,-6.416572,6.382715
0,919,18.380000,commanding,-0.015340,0.604388,-0.633534,0.615126,-0.612058,0.604388,-0.612058,-6.431981,6.412040,0.000000,0.600221,-0.592609,0.605668,-0.606235,0.592995,-0.600030,-6.407780,6.367000
0,920,18.400000,commanding,-0.015340,0.601320,-0.632000,0.608990,-0.610524,0.602854,-0.608990,-6.422778,6.399768,0.000000,0.595200,-0.586073,0.601659,-0.602338,0.586535,-0.594973,-6.397915,6.349461
0,921,18.420000,commanding,-0.015340,0.599786,-0.625864,0.604388,-0.607456,0.596719,-0.604388,-6.421244,6.385962,0.000000,0.589670,-0.578850,0.597234,-0.598037,0.579397,-0.589402,-6.386943,6.330055
0,922,18.440000,commanding,-0.015340,0.593651,-0.616660,0.602854,-0.602854,0.590583,-0.598253,-6.413574,6.372156,0.000000,0.583627,-0.570929,0.592387,-0.593327,0.571570,-0.583315,-6.374829,6.308744
0,923,18.460000,commanding,-0.015340,0.585981,-0.607456,0.599786,-0.598253,0.582913,-0.595185,-6.401302,6.356816,0.000000,0.577073,-0.562302,0.587115,-0.588204,0.563046,-0.576711,-6.361544,6.285503
0,924,18.480000,commanding,-0.015340,0.579845,-0.601320,0.593651,-0.595185,0.576777,-0.589049,-6.389030,6.343011,0.000000,0.570009,-0.552964,0.581417,-0.582669,0.553819,-0.569593,-6.347062,6.260312
0,925,18.500000,commanding,-0.015340,0.572175,-0.595185,0.585981,-0.590583,0.569107,-0.579845,-6.378292,6.326137,0.000000,0.562442,-0.542912,0.575293,-0.576721,0.543889,-0.561967,-6.331363,6.233159
0,926,18.520000,commanding,-0.015340,0.566039,-0.585981,0.581379,-0.582913,0.559903,-0.572175,-6.367554,6.303127,0.000000,0.554379,-0.532146,0.568747,-0.570365,0.533254,-0.553840,-6.314427,6.204038
0,927,18.540000,commanding,-0.015340,0.559903,-0.576777,0.579845,-0.578311,0.552233,-0.567573,-6.353748,6.284719,0.000000,0.545829,-0.520668,0.561782,-0.563604,0.521918,-0.545222,-6.296239,6.172954
0,928,18.560000,commanding,-0.015340,0.553767,-0.566039,0.573709,-0.569107,0.541495,-0.561437,-6.339943,6.269379,0.000000,0.536806,-0.508484,0.554404,-0.556444,0.509884,-0.536124,-6.276788,6.139915
0,929,18.580000,commanding,-0.013806,0.547631,-0.556835,0.566039,-0.562971,0.532291,-0.553767,-6.324603,6.247904,0.000000,0.527323,-0.495598,0.546620,-0.548893,0.497159,-0.526561,-6.256064,6.104937
0,930,18.600000,commanding,-0.013806,0.539961,-0.546097,0.556835,-0.555301,0.523087,-0.546097,-6.310797,6.215690,0.000000,0.517395,-0.482018,0.538439,-0.540958,0.483752,-0.516548,-6.234064,6.068042
0,931,18.620000,commanding,-0.015340,0.530757,-0.533825,0.549165,-0.550699,0.512350,-0.535359,-6.293923,6.189612,0.000000,0.507039,-0.467755,0.529871,-0.532651,0.469670,-0.506102,-6.210784,6.029260
0,932,18.640000,commanding,-0.015340,0.520019,-0.523087,0.539961,-0.544563,0.498544,-0.524621,-6.275515,6.175807,0.000000,0.496274,-0.452819,0.520925,-0.523981,0.454927,-0.495240,-6.186226,5.988625
0,933,18.660000,commanding,-0.013806,0.507748,-0.512350,0.530757,-0.536893,0.487806,-0.515418,-6.258642,6.157399,0.000000,0.485118,-0.437221,0.511614,-0.514960,0.439533,-0.483981,-6.160394,5.946176
0,934,18.680000,commanding,-0.013806,0.498544,-0.498544,0.523087,-0.529223,0.475534,-0.506214,-6.240234,6.125185,0.000000,0.473593,-0.420975,0.501950,-0.505601,0.423501,-0.472346,-6.133293,5.901960
0,935,18.700000,commanding,-0.013806,0.487806,-0.484738,0.515418,-0.520019,0.461728,-0.495476,-6.220292,6.091438,0.000000,0.461717,-0.404095,0.491947,-0.495917,0.406846,-0.460356,-6.104935,5.856027
0,936,18.720000,commanding,-0.015340,0.478602,-0.470932,0.509282,-0.512350,0.449456,-0.486272,-6.198816,6.066894,0.000000,0.449514,-0.386595,0.481618,-0.485923,0.389583,-0.448031,-6.075329,5.808432
0,937,18.740000,commanding,-0.015340,0.467864,-0.455592,0.501612,-0.501612,0.434117,-0.475534,-6.175807,6.050020,0.000000,0.437005,-0.368491,0.470978,-0.475631,0.371727,-0.435394,-6.044492,5.759236
0,938,18.760000,commanding,-0.015340,0.455592,-0.440252,0.492408,-0.490874,0.418777,-0.461728,-6.151263,6.030078,0.000000,0.424212,-0.349800,0.460042,-0.465058,0.353294,-0.422466,-6.012440,5.708503
0,939,18.780000,commanding,-0.015340,0.444854,-0.424913,0.480136,-0.483204,0.403437,-0.452524,-6.128253,5.999399,0.000000,0.411157,-0.330536,0.448825,-0.454219,0.334301,-0.409271,-5.979194,5.656302
0,940,18.800000,commanding,-0.015340,0.435651,-0.409573,0.470932,-0.472466,0.386563,-0.440252,-6.105244,5.964117,0.000000,0.397864,-0.310719,0.437343,-0.443128,0.314765,-0.395829,-5.944774,5.602706
0,941,18.820000,commanding,-0.015340,0.423379,-0.394233,0.460194,-0.461728,0.371223,-0.427981,-6.079166,5.947244,0.000000,0.384355,-0.290365,0.425612,-0.431803,0.294703,-0.382165,-5.909206,5.547792
0,942,18.840000,commanding,-0.015340,0.412641,-0.377359,0.447922,-0.450990,0.352816,-0.415709,-6.051554,5.936506,0.000000,0.370652,-0.269492,0.413648,-0.420259,0.274135,-0.368300,-5.872515,5.491638
0,943,18.860000,commanding,-0.015340,0.400369,-0.358952,0.437185,-0.440252,0.335942,-0.403437,-6.030078,5.908894,0.000000,0.356778,-0.248119,0.401467,-0.408511,0.253077,-0.354257,-5.834731,5.434329
0,944,18.880000,commanding,-0.015340,0.386563,-0.342078,0.424913,-0.427981,0.317534,-0.388097,-6.011671,5.864409,0.000000,0.342756,-0.226265,0.389087,-0.396578,0.231549,-0.340058,-5.795883,5.375950
0,945,18.900000,commanding,-0.015340,0.374291,-0.323670,0.414175,-0.418777,0.299126,-0.375825,-5.985593,5.846001,0.000000,0.328608,-0.203948,0.376523,-0.384474,0.209571,-0.325726,-5.756004,5.316589
0,946,18.920000,commanding,-0.013806,0.360485,-0.303728,0.403437,-0.409573,0.277651,-0.362019,-5.948777,5.836797,0.000000,0.314355,-0.181190,0.363792,-0.372216,0.187161,-0.311281,-5.715129,5.256339
0,947,18.940000,commanding,-0.013806,0.346680,-0.283786,0.392699,-0.400369,0.257709,-0.349748,-5.925768,5.806117,0.000000,0.300020,-0.158010,0.350912,-0.359821,0.164340,-0.296747,-5.673293,5.195292
0,948,18.960000,commanding,-0.015340,0.332874,-0.263845,0.380427,-0.389631,0.237767,-0.337476,-5.910428,5.766234,0.000000,0.285624,-0.134429,0.337898,-0.347305,0.141129,-0.282144,-5.630534,5.133543
0,949,18.980000,commanding,-0.015340,0.317534,-0.242369,0.368155,-0.377359,0.217825,-0.320602,-5.892020,5.749360,0.000000,0.271188,-0.110468,0.324769,-0.334685,0.117548,-0.267494,-5.586891,5.071190
0,950,19.000000,commanding,-0.013806,0.303728,-0.219359,0.357418,-0.365087,0.196350,-0.305262,-5.858273,5.735554,0.000000,0.256733,-0.086150,0.311540,-0.321977,0.093620,-0.252816,-5.542406,5.008331
0,951,19.020000,commanding,-0.015340,0.289922,-0.199418,0.345146,-0.352816,0.177942,-0.292990,-5.824525,5.700273,0.000000,0.242279,-0.061497,0.298229,-0.309198,0.069368,-0.238132,-5.497119,4.945065
0,952,19.040000,commanding,-0.015340,0.274583,-0.179476,0.331340,-0.339010,0.158000,-0.280718,-5.803049,5.669593,0.000000,0.227846,-0.036534,0.284853,-0.296364,0.044813,-0.223462,-5.451076,4.881495
0,953,19.060000,commanding,-0.013806,0.262311,-0.158000,0.319068,-0.326738,0.136524,-0.266913,-5.793845,5.652719,0.000000,0.213455,-0.011285,0.271429,-0.283491,0.019982,-0.208825,-5.404320,4.817720
0,954,19.080000,commanding,-0.015340,0.248505,-0.136524,0.306796,-0.314466,0.111981,-0.253107,-5.767768,5.634311,0.000000,0.199124,0.014225,0.257973,-0.270596,-0.005102,-0.194240,-5.356899,4.753843
0,955,19.100000,commanding,-0.015340,0.234699,-0.113515,0.296058,-0.302194,0.088971,-0.237767,-5.724816,5.597496,0.000000,0.184873,0.039968,0.244504,-0.257695,-0.030412,-0.179728,-5.308857,4.689966
0,956,19.120000,commanding,-0.013806,0.219359,-0.088971,0.283786,-0.289922,0.064427,-0.220893,-5.704875,5.569884,0.000000,0.170720,0.065916,0.231038,-0.244806,-0.055920,-0.165305,-5.260245,4.626191
0,957,19.140000,commanding,-0.015340,0.207087,-0.065961,0.271515,-0.277651,0.041417,-0.207087,-5.697205,5.556078,0.000000,0.156683,0.092042,0.217592,-0.231944,-0.081598,-0.150991,-5.211111,4.562620
0,958,19.160000,commanding,-0.015340,0.191748,-0.041417,0.257709,-0.266913,0.018408,-0.191748,-5.668059,5.531535,0.000000,0.142781,0.118312,0.204184,-0.219126,-0.107417,-0.136803,-5.161504,4.499355
0,959,19.180000,commanding,-0.013806,0.177942,-0.016874,0.243903,-0.254641,-0.004602,-0.176408,-5.626642,5.500855,0.000000,0.129030,0.144697,0.190832,-0.206369,-0.133346,-0.122759,-5.111475,4.436496
0,960,19.200000,commanding,-0.015340,0.162602,0.007670,0.231631,-0.243903,-0.026078,-0.161068,-5.608234,5.476311,0.000000,0.115447,0.171162,0.177553,-0.193689,-0.159351,-0.108876,-5.061076,4.374142
0,961,19.220000,commanding,-0.015340,0.148796,0.030680,0.217825,-0.231631,-0.050621,-0.145728,-5.599030,5.457904,0.000000,0.102050,0.197673,0.164364,-0.181104,-0.185399,-0.095171,-5.010359,4.312394
0,962,19.240000,commanding,-0.015340,0.134990,0.058291,0.202485,-0.216291,-0.076699,-0.130388,-5.560680,5.430292,0.000000,0.088854,0.224192,0.151284,-0.168629,-0.211454,-0.081661,-4.959375,4.251347
0,963,19.260000,commanding,-0.015340,0.121184,0.081301,0.190214,-0.205553,-0.099709,-0.118117,-5.526933,5.402680,0.000000,0.075875,0.250682,0.138330,-0.156282,-0.237479,-0.068360,-4.908177,4.191096
0,964,19.280000,commanding,-0.015340,0.107379,0.105845,0.177942,-0.190214,-0.125786,-0.104311,-5.511593,5.376603,0.000000,0.063129,0.277103,0.125521,-0.144079,-0.263436,-0.055286,-4.856819,4.131736
0,965,19.300000,commanding,-0.013806,0.095107,0.131922,0.165670,-0.177942,-0.150330,-0.090505,-5.496253,5.352059,0.000000,0.050630,0.303413,0.112873,-0.132038,-0.289284,-0.042453,-4.805354,4.073356
0,966,19.320000,commanding,-0.013806,0.082835,0.156466,0.154932,-0.165670,-0.174874,-0.076699,-5.459438,5.330583,0.000000,0.038393,0.329569,0.100406,-0.120175,-0.314981,-0.029875,-4.753835,4.016047
0,967,19.340000,commanding,-0.015340,0.069029,0.181010,0.142660,-0.153398,-0.197884,-0.062893,-5.430292,5.306040,0.000000,0.026432,0.355528,0.088137,-0.108507,-0.340485,-0.017569,-4.702317,3.959894
0,968,19.360000,commanding,-0.013806,0.052155,0.207087,0.130388,-0.142660,-0.223961,-0.049087,-5.411884,5.276894,0.000000,0.014760,0.381243,0.076084,-0.097051,-0.365750,-0.005547,-4.650852,3.904979
0,969,19.380000,commanding,-0.013806,0.039884,0.231631,0.119651,-0.130388,-0.246971,-0.035282,-5.387341,5.253884,0.000000,0.003390,0.406666,0.064266,-0.085823,-0.390732,0.006177,-4.599494,3.851383
0,970,19.400000,commanding,-0.013806,0.027612,0.256175,0.107379,-0.118117,-0.273049,-0.023010,-5.359729,5.230874,0.000000,-0.007666,0.431751,0.052699,-0.074840,-0.415381,0.017590,-4.548296,3.799183
0,971,19.420000,commanding,-0.015340,0.016874,0.280718,0.096641,-0.108913,-0.296058,-0.010738,-5.336719,5.206331,0.000000,-0.018395,0.456447,0.041403,-0.064119,-0.439652,0.028679,-4.497312,3.748450
0,972,19.440000,commanding,-0.015340,0.006136,0.308330,0.084369,-0.098175,-0.319068,0.001534,-5.312175,5.180253,0.000000,-0.028786,0.480705,0.030393,-0.053675,-0.463495,0.039431,-4.446595,3.699254
0,973,19.460000,commanding,-0.015340,-0.004602,0.332874,0.072097,-0.088971,-0.345146,0.013806,-5.284564,5.155709,0.000000,-0.038829,0.504474,0.019687,-0.043525,-0.486860,0.049837,-4.396196,3.651659
0,974,19.480000,commanding,-0.015340,-0.018408,0.357418,0.058291,-0.073631,-0.371223,0.026078,-5.258486,5.131166,0.000000,-0.048514,0.527704,0.009302,-0.033683,-0.509700,0.059883,-4.346167,3.605725
0,975,19.500000,commanding,-0.015340,-0.030680,0.381961,0.047553,-0.062893,-0.395767,0.038350,-5.235476,5.106622,0.000000,-0.057830,0.550345,-0.000746,-0.024164,-0.531963,0.069560,-4.296561,3.561509
0,976,19.520000,commanding,-0.015340,-0.041417,0.406505,0.036816,-0.050621,-0.420311,0.049087,-5.214001,5.080544,0.000000,-0.066771,0.572348,-0.010443,-0.014982,-0.553602,0.078858,-4.247426,3.519060
0,977,19.540000,commanding,-0.015340,-0.053689,0.431049,0.026078,-0.039884,-0.444854,0.061359,-5.187923,5.056001,0.000000,-0.075327,0.593662,-0.019772,-0.006152,-0.574569,0.087769,-4.198814,3.478425
0,978,19.560000,commanding,-0.015340,-0.062893,0.457126,0.015340,-0.030680,-0.469398,0.070563,-5.160311,5.034525,0.000000,-0.083492,0.614242,-0.028721,0.002315,-0.594816,0.096283,-4.150773,3.439643
0,979,19.580000,commanding,-0.015340,-0.072097,0.480136,0.006136,-0.021476,-0.492408,0.079767,-5.138836,5.009981,0.000000,-0.091260,0.634042,-0.037276,0.010407,-0.614301,0.104393,-4.103351,3.402749
0,980,19.600000,commanding,-0.013806,-0.082835,0.509282,-0.006136,-0.012272,-0.518486,0.090505,-5.115826,4.980836,0.000000,-0.098626,0.653019,-0.045426,0.018113,-0.632979,0.112094,-4.056596,3.367771
0,981,19.620000,commanding,-0.015340,-0.090505,0.533825,-0.013806,-0.004602,-0.539961,0.101243,-5.088214,4.956292,0.000000,-0.105586,0.671133,-0.053161,0.025424,-0.650811,0.119379,-4.010553,3.334731
0,982,19.640000,commanding,-0.015340,-0.098175,0.558369,-0.021476,0.001534,-0.562971,0.110447,-5.063671,4.933282,0.000000,-0.112136,0.688347,-0.060471,0.032332,-0.667760,0.126244,-3.965267,3.303647
0,983,19.660000,commanding,-0.015340,-0.105845,0.582913,-0.029146,0.010738,-0.585981,0.121184,-5.042195,4.911806,0.000000,-0.118275,0.704627,-0.067349,0.038829,-0.683795,0.132687,-3.920782,3.274527
0,984,19.680000,commanding,-0.015340,-0.111981,0.608990,-0.036816,0.018408,-0.605922,0.128854,-5.013049,4.884195,0.000000,-0.124002,0.719946,-0.073790,0.044911,-0.698885,0.138704,-3.877139,3.247373
0,985,19.700000,commanding,-0.015340,-0.119651,0.632000,-0.044485,0.024544,-0.625864,0.134990,-4.988506,4.858117,0.000000,-0.129319,0.734280,-0.079788,0.050575,-0.713007,0.144296,-3.834380,3.222182
0,986,19.720000,commanding,-0.015340,-0.127320,0.655010,-0.052155,0.032214,-0.647340,0.141126,-4.967030,4.833573,0.000000,-0.134227,0.747610,-0.085343,0.055818,-0.726144,0.149465,-3.792545,3.198941
0,987,19.740000,commanding,-0.015340,-0.131922,0.676486,-0.058291,0.038350,-0.665748,0.147262,-4.940952,4.809030,0.000000,-0.138730,0.759924,-0.090454,0.060642,-0.738281,0.154211,-3.751669,3.177631
0,988,19.760000,commanding,-0.015340,-0.138058,0.697961,-0.067495,0.044485,-0.685689,0.153398,-4.911806,4.784486,0.000000,-0.142833,0.771216,-0.095124,0.065048,-0.749412,0.158541,-3.711791,3.158224
0,989,19.780000,commanding,-0.015340,-0.142660,0.716369,-0.072097,0.050621,-0.704097,0.158000,-4.890331,4.761476,0.000000,-0.146544,0.781485,-0.099357,0.069041,-0.759537,0.162460,-3.672943,3.140685
0,990,19.800000,commanding,-0.015340,-0.147262,0.733243,-0.078233,0.055223,-0.719437,0.164136,-4.867321,4.735399,0.000000,-0.149871,0.790738,-0.103160,0.072628,-0.768662,0.165977,-3.635159,3.124970
0,991,19.820000,commanding,-0.013806,-0.151864,0.750117,-0.082835,0.059825,-0.733243,0.168738,-4.841243,4.709321,0.000000,-0.152824,0.798991,-0.106542,0.075818,-0.776801,0.169101,-3.598469,3.111027
0,992,19.840000,commanding,-0.013806,-0.156466,0.765456,-0.085903,0.064427,-0.748583,0.173340,-4.815166,4.684777,0.000000,-0.155416,0.806264,-0.109516,0.078623,-0.783975,0.171846,-3.562901,3.098794
0,993,19.860000,commanding,-0.015340,-0.159534,0.779262,-0.090505,0.067495,-0.760854,0.176408,-4.792156,4.661768,0.000000,-0.157662,0.812587,-0.112096,0.081055,-0.790213,0.174225,-3.528482,3.088202
0,994,19.880000,commanding,-0.013806,-0.162602,0.791534,-0.095107,0.069029,-0.770058,0.177942,-4.770680,4.638758,0.000000,-0.159578,0.817998,-0.114300,0.083133,-0.795551,0.176255,-3.495235,3.079170
0,995,19.900000,commanding,-0.015340,-0.162602,0.803806,-0.098175,0.072097,-0.780796,0.179476,-4.743069,4.612680,0.000000,-0.161183,0.822540,-0.116147,0.084875,-0.800033,0.177956,-3.463184,3.071609
0,996,19.920000,commanding,-0.015340,-0.165670,0.813010,-0.104311,0.076699,-0.790000,0.184078,-4.716991,4.583535,0.000000,-0.162496,0.826267,-0.117661,0.086302,-0.803711,0.179350,-3.432347,3.065421
0,997,19.940000,commanding,-0.013806,-0.167204,0.820680,-0.107379,0.078233,-0.797670,0.185612,-4.695515,4.562059,0.000000,-0.163542,0.829240,-0.118867,0.087438,-0.806644,0.180459,-3.402742,3.060495
0,998,19.960000,commanding,-0.015340,-0.168738,0.826816,-0.110447,0.081301,-0.802272,0.187146,-4.669438,4.535981,0.000000,-0.164345,0.831525,-0.119794,0.088312,-0.808900,0.181312,-3.374384,3.056714
0,999,19.980000,commanding,-0.015340,-0.168738,0.831418,-0.111981,0.082835,-0.806874,0.188680,-4.644894,4.514505,0.000000,-0.164933,0.833200,-0.120472,0.088951,-0.810552,0.181936,-3.347284,3.053947
0,1000,20.000000,commanding,-0.013806,-0.170272,0.834486,-0.113515,0.082835,-0.809942,0.188680,-4.617282,4.489962,0.000000,-0.165335,0.834347,-0.120937,0.089389,-0.811684,0.182363,-3.321452,3.052052
0,1001,20.020000,commanding,-0.015340,-0.170272,0.836020,-0.115049,0.082835,-0.811476,0.188680,-4.595806,4.465418,0.000000,-0.165585,0.835058,-0.121224,0.089661,-0.812386,0.182628,-3.296894,3.050879
0,1002,20.040000,commanding,-0.013806,-0.171806,0.836020,-0.115049,0.082835,-0.813010,0.190214,-4.572797,4.440874,0.000000,-0.165715,0.835430,-0.121375,0.089803,-0.812754,0.182766,-3.273615,3.050265
0,1003,20.060000,commanding,-0.015340,-0.171806,0.836020,-0.115049,0.082835,-0.813010,0.188680,-4.546719,4.416331,0.000000,-0.165764,0.835570,-0.121432,0.089856,-0.812892,0.182818,-3.251615,3.050034
0,1004,20.080000,commanding,-0.015340,-0.171806,0.836020,-0.115049,0.082835,-0.813010,0.188680,-4.520641,4.390253,0.000000,-0.165771,0.835591,-0.121440,0.089864,-0.812912,0.182826,-3.230892,3.050000
0,1005,20.100000,commanding,-0.013806,-0.171806,0.837554,-0.115049,0.082835,-0.813010,0.190214,-4.499166,4.367243,0.000000,-0.165771,0.835591,-0.121440,0.089864,-0.812912,0.182826,-3.211441,3.050000
0,1006,20.120000,commanding,-0.015340,-0.171806,0.837554,-0.115049,0.082835,-0.813010,0.190214,-4.474622,4.342700,0.000000,-0.165771,0.835591,-0.121440,0.089864,-0.812912,0.182826,-3.193253,3.050000
0,1007,20.140000,commanding,-0.013806,-0.171806,0.837554,-0.115049,0.084369,-0.813010,0.190214,-4.447010,4.319690,0.000000,-0.165771,0.835591,-0.121440,0.089864,-0.812912,0.182826,-3.176318,3.050000
0,1008,20.160000,commanding,-0.015340,-0.171806,0.837554,-0.116583,0.084369,-0.813010,0.188680,-4.422467,4.296680,0.000000,-0.165771,0.835591,-0.121440,0.089864,-0.812912,0.182826,-3.160619,3.050000
0,1009,20.180000,commanding,-0.015340,-0.171806,0.837554,-0.115049,0.084369,-0.813010,0.188680,-4.397923,4.269069,0.000000,-0.165771,0.835591,-0.121440,0.089864,-0.812912,0.182826,-3.146138,3.050000
0,1010,20.200000,commanding,-0.015340,-0.171806,0.837554,-0.116583,0.084369,-0.813010,0.190214,-4.373379,4.241457,0.000000,-0.165771,0.835591,-0.121440,0.089864,-0.812912,0.182826,-3.132853,3.050000
0,1011,20.220000,commanding,-0.015340,-0.171806,0.837554,-0.115049,0.084369,-0.813010,0.190214,-4.350370,4.219981,0.000000,-0.165771,0.835591,-0.121440,0.089864,-0.812912,0.182826,-3.120739,3.050000
0,1012,20.240000,commanding,-0.015340,-0.171806,0.837554,-0.116583,0.084369,-0.813010,0.188680,-4.325826,4.196971,0.000000,-0.165771,0.835591,-0.121440,0.089864,-0.812912,0.182826,-3.109767,3.050000
0,1013,20.260000,commanding,-0.015340,-0.171806,0.837554,-0.115049,0.084369,-0.813010,0.190214,-4.301282,4.172428,0.000000,-0.165771,0.835591,-0.121440,0.089864,-0.812912,0.182826,-3.099903,3.050000
0,1014,20.280000,commanding,-0.015340,-0.171806,0.837554,-0.115049,0.084369,-0.813010,0.190214,-4.273670,4.146350,0.000000,-0.165771,0.835591,-0.121440,0.089864,-0.812912,0.182826,-3.091110,3.050000
0,1015,20.300000,commanding,-0.015340,-0.171806,0.837554,-0.116583,0.084369,-0.813010,0.190214,-4.250661,4.121806,0.000000,-0.165771,0.835591,-0.121440,0.089864,-0.812912,0.182826,-3.083349,3.050000
0,1016,20.320000,commanding,-0.015340,-0.171806,0.837554,-0.115049,0.084369,-0.813010,0.188680,-4.226117,4.098797,0.000000,-0.165771,0.835591,-0.121440,0.089864,-0.812912,0.182826,-3.076573,3.050000
0,1017,20.340000,commanding,-0.015340,-0.171806,0.837554,-0.116583,0.084369,-0.813010,0.188680,-4.203107,4.075787,0.000000,-0.165771,0.835591,-0.121440,0.089864,-0.812912,0.182826,-3.070734,3.050000
0,1018,20.360000,commanding,-0.015340,-0.171806,0.837554,-0.116583,0.084369,-0.813010,0.188680,-4.175496,4.048175,0.000000,-0.165771,0.835591,-0.121440,0.089864,-0.812912,0.182826,-3.065779,3.050000
0,1019,20.380000,commanding,-0.015340,-0.171806,0.837554,-0.116583,0.084369,-0.813010,0.188680,-4.154020,4.023632,0.000000,-0.165771,0.835591,-0.121440,0.089864,-0.812912,0.182826,-3.061651,3.050000
0,1020,20.400000,commanding,-0.015340,-0.171806,0.837554,-0.116583,0.084369,-0.813010,0.190214,-4.132544,4.003690,0.000000,-0.165771,0.835591,-0.121440,0.089864,-0.812912,0.182826,-3.058287,3.050000
0,1021,20.420000,commanding,-0.015340,-0.171806,0.837554,-0.115049,0.084369,-0.813010,0.188680,-4.106467,3.977612,0.000000,-0.165771,0.835591,-0.121440,0.089864,-0.812912,0.182826,-3.055622,3.050000
0,1022,20.440000,commanding,-0.013806,-0.171806,0.837554,-0.116583,0.084369,-0.813010,0.190214,-4.078855,3.948467,0.000000,-0.165771,0.835591,-0.121440,0.089864,-0.812912,0.182826,-3.053585,3.050000
0,1023,20.460000,commanding,-0.015340,-0.171806,0.837554,-0.116583,0.084369,-0.813010,0.190214,-4.055845,3.926991,0.000000,-0.165771,0.835591,-0.121440,0.089864,-0.812912,0.182826,-3.052101,3.050000
0,1024,20.480000,commanding,-0.015340,-0.171806,0.837554,-0.116583,0.084369,-0.813010,0.190214,-4.032835,3.905515,0.000000,-0.165771,0.835591,-0.121440,0.089864,-0.812912,0.182826,-3.051089,3.050000
0,1025,20.500000,commanding,-0.015340,-0.171806,0.837554,-0.116583,0.084369,-0.813010,0.190214,-4.009826,3.880971,0.000000,-0.165771,0.835591,-0.121440,0.089864,-0.812912,0.182826,-3.050465,3.050000
0,1026,20.520000,commanding,-0.015340,-0.171806,0.837554,-0.116583,0.084369,-0.813010,0.190214,-3.983748,3.853360,0.000000,-0.165771,0.835591,-0.121440,0.089864,-0.812912,0.182826,-3.050139,3.050000
0,1027,20.540000,commanding,-0.015340,-0.171806,0.837554,-0.116583,0.084369,-0.813010,0.188680,-3.959204,3.828816,0.000000,-0.165771,0.835591,-0.121440,0.089864,-0.812912,0.182826,-3.050018,3.050000
0,1028,20.560000,commanding,-0.013806,-0.171806,0.837554,-0.116583,0.084369,-0.813010,0.190214,-3.934661,3.804272,0.000000,-0.165771,0.835591,-0.121440,0.089864,-0.812912,0.182826,-3.050000,3.050000
0,1029,20.580000,commanding,-0.013806,-0.171806,0.837554,-0.116583,0.084369,-0.813010,0.188680,-3.911651,3.781263,0.000000,-0.165771,0.835591,-0.121440,0.089864,-0.812912,0.182826,-3.050000,3.050000
0,1030,20.600000,commanding,-0.015340,-0.171806,0.837554,-0.116583,0.084369,-0.813010,0.188680,-3.887107,3.758253,0.000000,-0.165771,0.835591,-0.121440,0.089864,-0.812912,0.182826,-3.050000,3.050000
0,1031,20.620000,commanding,-0.015340,-0.171806,0.837554,-0.116583,0.084369,-0.813010,0.190214,-3.861030,3.733709,0.000000,-0.165771,0.835591,-0.121440,0.089864,-0.812912,0.182826,-3.050000,3.050000
0,1032,20.640000,commanding,-0.015340,-0.171806,0.837554,-0.115049,0.084369,-0.813010,0.188680,-3.838020,3.707632,0.000000,-0.165771,0.835591,-0.121440,0.089864,-0.812912,0.182826,-3.050000,3.050000
0,1033,20.660000,commanding,-0.015340,-0.171806,0.837554,-0.116583,0.084369,-0.813010,0.188680,-3.815010,3.681554,0.000000,-0.165771,0.835591,-0.121440,0.089864,-0.812912,0.182826,-3.050000,3.050000
0,1034,20.680000,commanding,-0.015340,-0.171806,0.837554,-0.116583,0.084369,-0.813010,0.190214,-3.787399,3.657010,0.000000,-0.165771,0.835591,-0.121440,0.089864,-0.812912,0.182826,-3.050000,3.050000
0,1035,20.700000,commanding,-0.015340,-0.171806,0.837554,-0.115049,0.084369,-0.813010,0.190214,-3.765923,3.632467,0.000000,-0.165771,0.835591,-0.121440,0.089864,-0.812912,0.182826,-3.050000,3.050000
0,1036,20.720000,commanding,-0.015340,-0.171806,0.837554,-0.116583,0.084369,-0.813010,0.190214,-3.741379,3.607923,0.000000,-0.165771,0.835591,-0.121440,0.089864,-0.812912,0.182826,-3.050000,3.050000
0,1037,20.740000,commanding,-0.015340,-0.171806,0.837554,-0.116583,0.084369,-0.813010,0.190214,-3.716835,3.584913,0.000000,-0.165771,0.835591,-0.121440,0.089864,-0.812912,0.182826,-3.050000,3.050000
0,1038,20.760000,commanding,-0.015340,-0.171806,0.837554,-0.116583,0.084369,-0.813010,0.190214,-3.690758,3.560369,0.000000,-0.165771,0.835591,-0.121440,0.089864,-0.812912,0.182826,-3.050000,3.050000
0,1039,20.780000,commanding,-0.015340,-0.171806,0.837554,-0.116583,0.084369,-0.813010,0.188680,-3.667748,3.534292,0.000000,-0.165771,0.835591,-0.121440,0.089864,-0.812912,0.182826,-3.050000,3.050000
0,1040,20.800000,commanding,-0.013806,-0.171806,0.837554,-0.116583,0.084369,-0.813010,0.188680,-3.641670,3.508214,0.000000,-0.165771,0.835591,-0.121440,0.089864,-0.812912,0.182826,-3.050000,3.050000
0,1041,20.820000,commanding,-0.013806,-0.171806,0.837554,-0.115049,0.084369,-0.813010,0.188680,-3.617127,3.488272,0.000000,-0.165771,0.835591,-0.121440,0.089864,-0.812912,0.182826,-3.050000,3.050000
0,1042,20.840000,commanding,-0.015340,-0.171806,0.837554,-0.116583,0.084369,-0.813010,0.190214,-3.594117,3.462195,0.000000,-0.165771,0.835591,-0.121440,0.089864,-0.812912,0.182826,-3.050000,3.050000
0,1043,20.860000,commanding,-0.013806,-0.171806,0.837554,-0.116583,0.084369,-0.813010,0.190214,-3.571107,3.436117,0.000000,-0.165771,0.835591,-0.121440,0.089864,-0.812912,0.182826,-3.050000,3.050000
0,1044,20.880000,commanding,-0.015340,-0.171806,0.837554,-0.116583,0.084369,-0.813010,0.188680,-3.545030,3.413107,0.000000,-0.165771,0.835591,-0.121440,0.089864,-0.812912,0.182826,-3.050000,3.050000
0,1045,20.900000,commanding,-0.015340,-0.171806,0.837554,-0.116583,0.084369,-0.813010,0.188680,-3.520486,3.390098,0.000000,-0.165771,0.835591,-0.121440,0.089864,-0.812912,0.182826,-3.050000,3.050000
0,1046,20.920000,commanding,-0.015340,-0.171806,0.837554,-0.116583,0.084369,-0.813010,0.190214,-3.495942,3.362486,0.000000,-0.165771,0.835591,-0.121440,0.089864,-0.812912,0.182826,-3.050000,3.050000
0,1047,20.940000,commanding,-0.013806,-0.171806,0.837554,-0.116583,0.084369,-0.813010,0.190214,-3.471399,3.339476,0.000000,-0.165771,0.835591,-0.121440,0.089864,-0.812912,0.182826,-3.050000,3.050000
0,1048,20.960000,commanding,-0.015340,-0.171806,0.837554,-0.116583,0.084369,-0.813010,0.188680,-3.445321,3.316466,0.000000,-0.165771,0.835591,-0.121440,0.089864,-0.812912,0.182826,-3.050000,3.050000
0,1049,20.980000,commanding,-0.015340,-0.171806,0.837554,-0.116583,0.084369,-0.813010,0.190214,-3.423845,3.291923,0.000000,-0.165771,0.835591,-0.121440,0.089864,-0.812912,0.182826,-3.050000,3.050000
0,1050,21.000000,commanding,-0.015340,-0.171806,0.839087,-0.116583,0.084369,-0.813010,0.190214,-3.400835,3.267379,0.000000,-0.165771,0.835591,-0.121440,0.089864,-0.812912,0.182826,-3.050000,3.050000
0,1051,21.020000,commanding,-0.015340,-0.171806,0.839087,-0.116583,0.084369,-0.813010,0.188680,-3.373224,3.244369,0.000000,-0.165771,0.835591,-0.121440,0.089864,-0.812912,0.182826,-3.050000,3.050000
0,1052,21.040000,commanding,-0.015340,-0.171806,0.839087,-0.116583,0.084369,-0.813010,0.188680,-3.348680,3.218292,0.000000,-0.165771,0.835591,-0.121440,0.089864,-0.812912,0.182826,-3.050000,3.050000
0,1053,21.060000,commanding,-0.015340,-0.171806,0.839087,-0.116583,0.084369,-0.813010,0.190214,-3.325670,3.193748,0.000000,-0.165771,0.835591,-0.121440,0.089864,-0.812912,0.182826,-3.050000,3.050000
0,1054,21.080000,commanding,-0.015340,-0.171806,0.839087,-0.116583,0.084369,-0.813010,0.190214,-3.301127,3.170738,0.000000,-0.165771,0.835591,-0.121440,0.089864,-0.812912,0.182826,-3.050000,3.050000
0,1055,21.100000,commanding,-0.015340,-0.171806,0.839087,-0.116583,0.084369,-0.813010,0.188680,-3.276583,3.146195,0.000000,-0.165771,0.835591,-0.121440,0.089864,-0.812912,0.182826,-3.050000,3.050000
0,1056,21.120000,commanding,-0.015340,-0.171806,0.839087,-0.116583,0.084369,-0.813010,0.190214,-3.252039,3.121651,0.000000,-0.165771,0.835591,-0.121440,0.089864,-0.812912,0.182826,-3.050000,3.050000
0,1057,21.140000,commanding,-0.015340,-0.171806,0.839087,-0.116583,0.084369,-0.813010,0.190214,-3.227496,3.103243,0.000000,-0.165771,0.835591,-0.121440,0.089864,-0.812912,0.182826,-3.050000,3.050000
0,1058,21.160000,commanding,-0.013806,-0.171806,0.839087,-0.116583,0.084369,-0.813010,0.190214,-3.201418,3.087903,0.000000,-0.165771,0.835591,-0.121440,0.089864,-0.812912,0.182826,-3.050000,3.050000
0,1059,21.180000,commanding,-0.015340,-0.171806,0.839087,-0.116583,0.084369,-0.813010,0.190214,-3.183010,3.071030,0.000000,-0.165771,0.835591,-0.121440,0.089864,-0.812912,0.182826,-3.050000,3.050000
0,1060,21.200000,commanding,-0.015340,-0.171806,0.839087,-0.116583,0.084369,-0.813010,0.188680,-3.158466,3.058758,0.000000,-0.165771,0.835591,-0.121440,0.089864,-0.812912,0.182826,-3.050000,3.050000
0,1061,21.220000,commanding,-0.015340,-0.171806,0.839087,-0.116583,0.084369,-0.813010,0.188680,-3.132389,3.055690,0.000000,-0.165771,0.835591,-0.121440,0.089864,-0.812912,0.182826,-3.050000,3.050000
0,1062,21.240000,commanding,-0.013806,-0.171806,0.839087,-0.118117,0.084369,-0.813010,0.190214,-3.112447,3.054156,0.000000,-0.165771,0.835591,-0.121440,0.089864,-0.812912,0.182826,-3.050000,3.050000
0,1063,21.260000,commanding,-0.015340,-0.171806,0.839087,-0.118117,0.084369,-0.813010,0.190214,-3.098641,3.040350,0.000000,-0.165771,0.835591,-0.121440,0.089864,-0.812912,0.182826,-3.050000,3.050000
0,1064,21.280000,commanding,-0.013806,-0.171806,0.840621,-0.118117,0.084369,-0.813010,0.190214,-3.081767,3.026544,0.000000,-0.165771,0.835591,-0.121440,0.089864,-0.812912,0.182826,-3.050000,3.050000
0,1065,21.300000,commanding,-0.015340,-0.171806,0.840621,-0.118117,0.084369,-0.813010,0.190214,-3.061826,3.029612,0.000000,-0.165771,0.835591,-0.121440,0.089864,-0.812912,0.182826,-3.050000,3.050000
0,1066,21.320000,commanding,-0.015340,-0.171806,0.840621,-0.118117,0.084369,-0.814544,0.190214,-3.055690,3.041884,0.000000,-0.165771,0.835591,-0.121440,0.089864,-0.812912,0.182826,-3.050000,3.050000
0,1067,21.340000,commanding,-0.015340,-0.171806,0.840621,-0.118117,0.084369,-0.814544,0.190214,-3.061826,3.035748,0.000000,-0.165771,0.835591,-0.121440,0.089864,-0.812912,0.182826,-3.050000,3.050000
0,1068,21.360000,commanding,-0.015340,-0.171806,0.840621,-0.118117,0.084369,-0.814544,0.188680,-3.055690,3.023476,0.000000,-0.165771,0.835591,-0.121440,0.089864,-0.812912,0.182826,-3.050000,3.050000
0,1069,21.380000,commanding,-0.015340,-0.171806,0.840621,-0.118117,0.084369,-0.814544,0.190214,-3.037282,3.034214,0.000000,-0.165771,0.835591,-0.121440,0.089864,-0.812912,0.182826,-3.050000,3.050000
0,1070,21.400000,commanding,-0.013806,-0.171806,0.840621,-0.118117,0.084369,-0.814544,0.190214,-3.041884,3.057224,0.000000,-0.165771,0.835591,-0.121440,0.089864,-0.812912,0.182826,-3.050000,3.050000
0,1071,21.420000,commanding,-0.015340,-0.171806,0.840621,-0.118117,0.084369,-0.814544,0.190214,-3.057224,3.057224,0.000000,-0.165771,0.835591,-0.121440,0.089864,-0.812912,0.182826,-3.050000,3.050000
0,1072,21.440000,commanding,-0.015340,-0.171806,0.840621,-0.118117,0.084369,-0.814544,0.188680,-3.054156,3.040350,0.000000,-0.165771,0.835591,-0.121440,0.089864,-0.812912,0.182826,-3.050000,3.050000
0,1073,21.460000,commanding,-0.015340,-0.171806,0.840621,-0.118117,0.084369,-0.814544,0.190214,-3.041884,3.044952,0.000000,-0.165771,0.835591,-0.121440,0.089864,-0.812912,0.182826,-3.050000,3.050000
0,1074,21.480000,commanding,-0.015340,-0.171806,0.840621,-0.118117,0.084369,-0.814544,0.190214,-3.044952,3.058758,0.000000,-0.165771,0.835591,-0.121440,0.089864,-0.812912,0.182826,-3.050000,3.050000
0,1075,21.500000,commanding,-0.013806,-0.171806,0.840621,-0.118117,0.084369,-0.814544,0.190214,-3.057224,3.054156,0.000000,-0.165771,0.835591,-0.121440,0.089864,-0.812912,0.182826,-3.050000,3.050000
0,1076,21.520000,commanding,-0.015340,-0.171806,0.840621,-0.118117,0.084369,-0.814544,0.190214,-3.052622,3.040350,0.000000,-0.165771,0.835591,-0.121440,0.089864,-0.812912,0.182826,-3.050000,3.050000
0,1077,21.540000,commanding,-0.015340,-0.171806,0.840621,-0.118117,0.084369,-0.814544,0.188680,-3.043418,3.044952,0.000000,-0.165771,0.835591,-0.121440,0.089864,-0.812912,0.182826,-3.050000,3.050000
0,1078,21.560000,commanding,-0.015340,-0.171806,0.840621,-0.118117,0.084369,-0.814544,0.190214,-3.046486,3.058758,0.000000,-0.165771,0.835591,-0.121440,0.089864,-0.812912,0.182826,-3.050000,3.050000
0,1079,21.580000,commanding,-0.015340,-0.171806,0.840621,-0.118117,0.084369,-0.814544,0.188680,-3.055690,3.052622,0.000000,-0.165771,0.835591,-0.121440,0.089864,-0.812912,0.182826,-3.050000,3.050000
0,1080,21.600000,commanding,-0.013806,-0.171806,0.840621,-0.118117,0.085903,-0.814544,0.190214,-3.049554,3.040350,0.000000,-0.165771,0.835591,-0.121440,0.089864,-0.812912,0.182826,-3.050000,3.050000
0,1081,21.620000,commanding,-0.013806,-0.171806,0.840621,-0.118117,0.087437,-0.814544,0.190214,-3.043418,3.044952,0.000000,-0.165771,0.835591,-0.121440,0.089864,-0.812912,0.182826,-3.050000,3.050000
0,1082,21.640000,commanding,-0.015340,-0.171806,0.840621,-0.118117,0.087437,-0.814544,0.190214,-3.049554,3.057224,0.000000,-0.165771,0.835591,-0.121440,0.089864,-0.812912,0.182826,-3.050000,3.050000
0,1083,21.660000,commanding,-0.013806,-0.171806,0.840621,-0.118117,0.087437,-0.814544,0.188680,-3.055690,3.052622,0.000000,-0.165771,0.835591,-0.121440,0.089864,-0.812912,0.182826,-3.050000,3.050000
0,1084,21.680000,commanding,-0.015340,-0.171806,0.840621,-0.118117,0.087437,-0.814544,0.190214,-3.046486,3.040350,0.000000,-0.165771,0.835591,-0.121440,0.089864,-0.812912,0.182826,-3.050000,3.050000
0,1085,21.700000,commanding,-0.015340,-0.171806,0.840621,-0.118117,0.087437,-0.814544,0.188680,-3.044952,3.044952,0.000000,-0.165771,0.835591,-0.121440,0.089864,-0.812912,0.182826,-3.050000,3.050000
0,1086,21.720000,commanding,-0.015340,-0.171806,0.840621,-0.118117,0.087437,-0.814544,0.188680,-3.051088,3.057224,0.000000,-0.165771,0.835591,-0.121440,0.089864,-0.812912,0.182826,-3.050000,3.050000
0,1087,21.740000,commanding,-0.015340,-0.171806,0.840621,-0.118117,0.087437,-0.814544,0.190214,-3.054156,3.052622,0.000000,-0.165771,0.835591,-0.121440,0.089864,-0.812912,0.182826,-3.050000,3.050000
0,1088,21.760000,commanding,-0.015340,-0.171806,0.840621,-0.118117,0.087437,-0.814544,0.190214,-3.043418,3.040350,0.000000,-0.165771,0.835591,-0.121440,0.089864,-0.812912,0.182826,-3.050000,3.050000
0,1089,21.780000,commanding,-0.015340,-0.171806,0.840621,-0.118117,0.087437,-0.814544,0.188680,-3.044952,3.046486,0.000000,-0.165771,0.835591,-0.121440,0.089864,-0.812912,0.182826,-3.050000,3.050000
0,1090,21.800000,commanding,-0.013806,-0.171806,0.840621,-0.118117,0.087437,-0.814544,0.190214,-3.055690,3.057224,0.000000,-0.165771,0.835591,-0.121440,0.089864,-0.812912,0.182826,-3.050000,3.050000
0,1091,21.820000,commanding,-0.015340,-0.171806,0.840621,-0.118117,0.087437,-0.814544,0.190214,-3.054156,3.051088,0.000000,-0.165771,0.835591,-0.121440,0.089864,-0.812912,0.182826,-3.050000,3.050000
0,1092,21.840000,commanding,-0.015340,-0.171806,0.840621,-0.118117,0.087437,-0.814544,0.190214,-3.041884,3.041884,0.000000,-0.165771,0.835591,-0.121440,0.089864,-0.812912,0.182826,-3.050000,3.050000
0,1093,21.860000,commanding,-0.013806,-0.171806,0.840621,-0.118117,0.087437,-0.814544,0.190214,-3.044952,3.046486,0.000000,-0.165771,0.835591,-0.121440,0.089864,-0.812912,0.182826,-3.050000,3.050000
0,1094,21.880000,commanding,-0.015340,-0.171806,0.840621,-0.118117,0.087437,-0.814544,0.190214,-3.057224,3.057224,0.000000,-0.165771,0.835591,-0.121440,0.089864,-0.812912,0.182826,-3.050000,3.050000
0,1095,21.900000,commanding,-0.013806,-0.171806,0.840621,-0.118117,0.087437,-0.814544,0.190214,-3.052622,3.051088,0.000000,-0.165771,0.835591,-0.121440,0.089864,-0.812912,0.182826,-3.050000,3.050000
0,1096,21.920000,commanding,-0.015340,-0.171806,0.840621,-0.118117,0.087437,-0.814544,0.190214,-3.043418,3.041884,0.000000,-0.165771,0.835591,-0.121440,0.089864,-0.812912,0.182826,-3.050000,3.050000
0,1097,21.940000,commanding,-0.013806,-0.171806,0.840621,-0.118117,0.087437,-0.814544,0.190214,-3.046486,3.048020,0.000000,-0.165771,0.835591,-0.121440,0.089864,-0.812912,0.182826,-3.050000,3.050000
0,1098,21.960000,commanding,-0.015340,-0.171806,0.840621,-0.118117,0.087437,-0.814544,0.188680,-3.055690,3.057224,0.000000,-0.165771,0.835591,-0.121440,0.089864,-0.812912,0.182826,-3.050000,3.050000
0,1099,21.980000,commanding,-0.015340,-0.171806,0.840621,-0.118117,0.087437,-0.814544,0.190214,-3.049554,3.049554,0.000000,-0.165771,0.835591,-0.121440,0.089864,-0.812912,0.182826,-3.050000,3.050000
0,1100,22.000000,commanding,-0.013806,-0.171806,0.840621,-0.118117,0.087437,-0.814544,0.188680,-3.043418,3.041884,0.000000,-0.165771,0.835591,-0.121440,0.089864,-0.812912,0.182826,-3.050000,3.050000
0,1101,22.020000,commanding,-0.013806,-0.171806,0.840621,-0.118117,0.087437,-0.814544,0.190214,-3.049554,3.048020,0.000000,-0.165771,0.835591,-0.121440,0.089864,-0.812912,0.182826,-3.050000,3.050000
0,1102,22.040000,commanding,-0.015340,-0.171806,0.840621,-0.118117,0.087437,-0.814544,0.188680,-3.055690,3.057224,0.000000,-0.165771,0.835591,-0.121440,0.089864,-0.812912,0.182826,-3.050000,3.050000
0,1103,22.060000,commanding,-0.013806,-0.171806,0.840621,-0.118117,0.087437,-0.814544,0.188680,-3.044952,3.048020,0.000000,-0.165771,0.835591,-0.121440,0.089864,-0.812912,0.182826,-3.050000,3.050000
0,1104,22.080000,commanding,-0.015340,-0.171806,0.840621,-0.118117,0.087437,-0.814544,0.188680,-3.044952,3.043418,0.000000,-0.165771,0.835591,-0.121440,0.089864,-0.812912,0.182826,-3.050000,3.050000
0,1105,22.100000,commanding,-0.013806,-0.171806,0.840621,-0.118117,0.087437,-0.814544,0.190214,-3.055690,3.049554,0.000000,-0.165771,0.835591,-0.121440,0.089864,-0.812912,0.182826,-3.050000,3.050000
0,1106,22.120000,commanding,-0.015340,-0.171806,0.840621,-0.118117,0.087437,-0.814544,0.190214,-3.054156,3.057224,0.000000,-0.165771,0.835591,-0.121440,0.089864,-0.812912,0.182826,-3.050000,3.050000
0,1107,22.140000,commanding,-0.015340,-0.171806,0.840621,-0.118117,0.087437,-0.814544,0.188680,-3.041884,3.046486,0.000000,-0.165771,0.835591,-0.121440,0.089864,-0.812912,0.182826,-3.050000,3.050000
0,1108,22.160000,commanding,-0.015340,-0.171806,0.840621,-0.118117,0.087437,-0.814544,0.190214,-3.044952,3.043418,0.000000,-0.165771,0.835591,-0.121440,0.089864,-0.812912,0.182826,-3.050000,3.050000
0,1109,22.180000,commanding,-0.015340,-0.171806,0.840621,-0.118117,0.087437,-0.814544,0.188680,-3.057224,3.051088,0.000000,-0.165771,0.835591,-0.121440,0.089864,-0.812912,0.182826,-3.050000,3.050000
0,1110,22.200000,commanding,-0.015340,-0.171806,0.840621,-0.118117,0.087437,-0.814544,0.190214,-3.054156,3.057224,0.000000,-0.165771,0.835591,-0.121440,0.089864,-0.812912,0.182826,-3.050000,3.050000
0,1111,22.220000,commanding,-0.013806,-0.171806,0.840621,-0.118117,0.087437,-0.814544,0.188680,-3.043418,3.044952,0.000000,-0.165771,0.835591,-0.121440,0.089864,-0.812912,0.182826,-3.050000,3.050000
0,1112,22.240000,commanding,-0.015340,-0.171806,0.840621,-0.118117,0.087437,-0.814544,0.188680,-3.046486,3.043418,0.000000,-0.165771,0.835591,-0.121440,0.089864,-0.812912,0.182826,-3.050000,3.050000
0,1113,22.260000,commanding,-0.015340,-0.171806,0.840621,-0.118117,0.087437,-0.814544,0.190214,-3.055690,3.051088,0.000000,-0.165771,0.835591,-0.121440,0.089864,-0.812912,0.182826,-3.050000,3.050000
0,1114,22.280000,commanding,-0.015340,-0.171806,0.840621,-0.118117,0.087437,-0.814544,0.188680,-3.051088,3.055690,0.000000,-0.165771,0.835591,-0.121440,0.089864,-0.812912,0.182826,-3.050000,3.050000
0,1115,22.300000,commanding,-0.015340,-0.171806,0.840621,-0.118117,0.087437,-0.814544,0.190214,-3.043418,3.044952,0.000000,-0.165771,0.835591,-0.121440,0.089864,-0.812912,0.182826,-3.050000,3.050000
0,1116,22.320000,commanding,-0.015340,-0.171806,0.840621,-0.118117,0.087437,-0.814544,0.190214,-3.049554,3.044952,0.000000,-0.165771,0.835591,-0.121440,0.089864,-0.812912,0.182826,-3.050000,3.050000
0,1117,22.340000,commanding,-0.015340,-0.171806,0.840621,-0.118117,0.087437,-0.814544,0.190214,-3.055690,3.052622,0.000000,-0.165771,0.835591,-0.121440,0.089864,-0.812912,0.182826,-3.050000,3.050000
0,1118,22.360000,commanding,-0.015340,-0.171806,0.840621,-0.118117,0.087437,-0.814544,0.190214,-3.044952,3.055690,0.000000,-0.165771,0.835591,-0.121440,0.089864,-0.812912,0.182826,-3.050000,3.050000
0,1119,22.380000,commanding,-0.015340,-0.171806,0.840621,-0.118117,0.087437,-0.814544,0.188680,-3.044952,3.043418,0.000000,-0.165771,0.835591,-0.121440,0.089864,-0.812912,0.182826,-3.050000,3.050000
0,1120,22.400000,commanding,-0.015340,-0.171806,0.840621,-0.118117,0.087437,-0.814544,0.188680,-3.055690,3.044952,0.000000,-0.165771,0.835591,-0.121440,0.089864,-0.812912,0.182826,-3.050000,3.050000
0,1121,22.420000,commanding,-0.015340,-0.171806,0.840621,-0.118117,0.087437,-0.814544,0.188680,-3.054156,3.054156,0.000000,-0.165771,0.835591,-0.121440,0.089864,-0.812912,0.182826,-3.050000,3.050000
0,1122,22.440000,commanding,-0.015340,-0.171806,0.840621,-0.118117,0.087437,-0.814544,0.188680,-3.041884,3.055690,0.000000,-0.165771,0.835591,-0.121440,0.089864,-0.812912,0.182826,-3.050000,3.050000
0,1123,22.460000,commanding,-0.013806,-0.171806,0.840621,-0.118117,0.087437,-0.814544,0.188680,-3.044952,3.043418,0.000000,-0.165771,0.835591,-0.121440,0.089864,-0.812912,0.182826,-3.050000,3.050000
0,1124,22.480000,commanding,-0.013806,-0.171806,0.840621,-0.118117,0.087437,-0.814544,0.190214,-3.057224,3.044952,0.000000,-0.165771,0.835591,-0.121440,0.089864,-0.812912,0.182826,-3.050000,3.050000
0,1125,22.500000,commanding,-0.015340,-0.171806,0.840621,-0.118117,0.087437,-0.814544,0.190214,-3.052622,3.055690,0.000000,-0.165771,0.835591,-0.121440,0.089864,-0.812912,0.182826,-3.050000,3.050000
0,1126,22.520000,commanding,-0.015340,-0.171806,0.840621,-0.118117,0.087437,-0.814544,0.188680,-3.043418,3.055690,0.000000,-0.165771,0.835591,-0.121440,0.089864,-0.812912,0.182826,-3.050000,3.050000
0,1127,22.540000,commanding,-0.013806,-0.171806,0.840621,-0.118117,0.087437,-0.814544,0.188680,-3.046486,3.041884,0.000000,-0.165771,0.835591,-0.121440,0.089864,-0.812912,0.182826,-3.050000,3.050000
0,1128,22.560000,commanding,-0.015340,-0.171806,0.840621,-0.118117,0.087437,-0.814544,0.188680,-3.055690,3.044952,0.000000,-0.165771,0.835591,-0.121440,0.089864,-0.812912,0.182826,-3.050000,3.050000
0,1129,22.580000,commanding,-0.015340,-0.171806,0.840621,-0.118117,0.087437,-0.814544,0.188680,-3.049554,3.057224,0.000000,-0.165771,0.835591,-0.121440,0.089864,-0.812912,0.182826,-3.050000,3.050000
0,1130,22.600000,commanding,-0.015340,-0.171806,0.840621,-0.118117,0.087437,-0.814544,0.188680,-3.044952,3.055690,0.000000,-0.165771,0.835591,-0.121440,0.089864,-0.812912,0.182826,-3.050000,3.050000
0,1131,22.620000,commanding,-0.015340,-0.171806,0.840621,-0.118117,0.087437,-0.814544,0.188680,-3.049554,3.041884,0.000000,-0.165771,0.835591,-0.121440,0.089864,-0.812912,0.182826,-3.050000,3.050000
0,1132,22.640000,commanding,-0.015340,-0.171806,0.840621,-0.118117,0.087437,-0.814544,0.188680,-3.055690,3.044952,0.000000,-0.165771,0.835591,-0.121440,0.089864,-0.812912,0.182826,-3.050000,3.050000
0,1133,22.660000,commanding,-0.015340,-0.171806,0.840621,-0.118117,0.087437,-0.814544,0.190214,-3.046486,3.057224,0.000000,-0.165771,0.835591,-0.121440,0.089864,-0.812912,0.182826,-3.050000,3.050000
0,1134,22.680000,commanding,-0.013806,-0.171806,0.840621,-0.118117,0.087437,-0.814544,0.190214,-3.044952,3.055690,0.000000,-0.165771,0.835591,-0.121440,0.089864,-0.812912,0.182826,-3.050000,3.050000
0,1135,22.700000,commanding,-0.015340,-0.171806,0.840621,-0.118117,0.087437,-0.814544,0.188680,-3.054156,3.041884,0.000000,-0.165771,0.835591,-0.121440,0.089864,-0.812912,0.182826,-3.050000,3.050000
0,1136,22.720000,commanding,-0.015340,-0.171806,0.840621,-0.118117,0.087437,-0.814544,0.188680,-3.054156,3.044952,0.000000,-0.165771,0.835591,-0.121440,0.089864,-0.812912,0.182826,-3.050000,3.050000
0,1137,22.740000,commanding,-0.015340,-0.171806,0.840621,-0.118117,0.087437,-0.814544,0.188680,-3.043418,3.057224,0.000000,-0.165771,0.835591,-0.121440,0.089864,-0.812912,0.182826,-3.050000,3.050000
0,1138,22.760000,commanding,-0.015340,-0.171806,0.840621,-0.118117,0.087437,-0.814544,0.188680,-3.044952,3.054156,0.000000,-0.165771,0.835591,-0.121440,0.089864,-0.812912,0.182826,-3.050000,3.050000
0,1139,22.780000,commanding,-0.015340,-0.171806,0.840621,-0.118117,0.087437,-0.814544,0.188680,-3.057224,3.041884,0.000000,-0.165771,0.835591,-0.121440,0.089864,-0.812912,0.182826,-3.050000,3.050000
0,1140,22.800000,commanding,-0.013806,-0.171806,0.840621,-0.118117,0.087437,-0.814544,0.188680,-3.054156,3.044952,0.000000,-0.165771,0.835591,-0.121440,0.089864,-0.812912,0.182826,-3.050000,3.050000
0,1141,22.820000,commanding,-0.015340,-0.171806,0.840621,-0.118117,0.087437,-0.814544,0.188680,-3.041884,3.057224,0.000000,-0.165771,0.835591,-0.121440,0.089864,-0.812912,0.182826,-3.050000,3.050000
0,1142,22.840000,commanding,-0.015340,-0.171806,0.840621,-0.118117,0.087437,-0.814544,0.188680,-3.046486,3.054156,0.000000,-0.165771,0.835591,-0.121440,0.089864,-0.812912,0.182826,-3.050000,3.050000
0,1143,22.860000,commanding,-0.015340,-0.171806,0.840621,-0.118117,0.087437,-0.814544,0.188680,-3.057224,3.040350,0.000000,-0.165771,0.835591,-0.121440,0.089864,-0.812912,0.182826,-3.050000,3.050000
0,1144,22.880000,commanding,-0.013806,-0.171806,0.840621,-0.118117,0.087437,-0.814544,0.188680,-3.051088,3.044952,0.000000,-0.165771,0.835591,-0.121440,0.089864,-0.812912,0.182826,-3.050000,3.050000
0,1145,22.900000,commanding,-0.015340,-0.171806,0.840621,-0.118117,0.087437,-0.814544,0.188680,-3.043418,3.058758,0.000000,-0.165771,0.835591,-0.121440,0.089864,-0.812912,0.182826,-3.050000,3.050000
0,1146,22.920000,commanding,-0.013806,-0.171806,0.840621,-0.118117,0.087437,-0.814544,0.188680,-3.048020,3.054156,0.000000,-0.165771,0.835591,-0.121440,0.089864,-0.812912,0.182826,-3.050000,3.050000
0,1147,22.940000,commanding,-0.015340,-0.171806,0.840621,-0.118117,0.087437,-0.814544,0.188680,-3.055690,3.040350,0.000000,-0.165771,0.835591,-0.121440,0.089864,-0.812912,0.182826,-3.050000,3.050000
0,1148,22.960000,commanding,-0.013806,-0.171806,0.840621,-0.118117,0.087437,-0.814544,0.188680,-3.046486,3.044952,0.000000,-0.165771,0.835591,-0.121440,0.089864,-0.812912,0.182826,-3.050000,3.050000
0,1149,22.980000,commanding,-0.013806,-0.171806,0.840621,-0.118117,0.087437,-0.814544,0.188680,-3.044952,3.058758,0.000000,-0.165771,0.835591,-0.121440,0.089864,-0.812912,0.182826,-3.050000,3.050000
0,1150,23.000000,commanding,-0.015340,-0.171806,0.840621,-0.118117,0.087437,-0.814544,0.188680,-3.052622,3.054156,0.000000,-0.165771,0.835591,-0.121440,0.089864,-0.812912,0.182826,-3.050000,3.050000
0,1151,23.020000,commanding,-0.015340,-0.171806,0.840621,-0.118117,0.087437,-0.814544,0.188680,-3.055690,3.040350,0.000000,-0.165771,0.835591,-0.121440,0.089864,-0.812912,0.182826,-3.050000,3.050000
0,1152,23.040000,commanding,-0.015340,-0.171806,0.840621,-0.118117,0.087437,-0.814544,0.188680,-3.043418,3.044952,0.000000,-0.165771,0.835591,-0.121440,0.089864,-0.812912,0.182826,-3.050000,3.050000
0,1153,23.060000,commanding,-0.013806,-0.171806,0.840621,-0.118117,0.087437,-0.814544,0.188680,-3.044952,3.058758,0.000000,-0.165771,0.835591,-0.121440,0.089864,-0.812912,0.182826,-3.050000,3.050000
0,1154,23.080000,commanding,-0.013806,-0.171806,0.840621,-0.118117,0.087437,-0.814544,0.188680,-3.055690,3.052622,0.000000,-0.165771,0.835591,-0.121440,0.089864,-0.812912,0.182826,-3.050000,3.050000
0,1155,23.100000,commanding,-0.013806,-0.171806,0.840621,-0.118117,0.087437,-0.814544,0.188680,-3.054156,3.040350,0.000000,-0.165771,0.835591,-0.121440,0.089864,-0.812912,0.182826,-3.050000,3.050000
0,1156,23.120000,commanding,-0.015340,-0.171806,0.840621,-0.118117,0.087437,-0.814544,0.188680,-3.041884,3.044952,0.000000,-0.165771,0.835591,-0.121440,0.089864,-0.812912,0.182826,-3.050000,3.050000
0,1157,23.140000,commanding,-0.015340,-0.171806,0.840621,-0.118117,0.087437,-0.814544,0.188680,-3.044952,3.057224,0.000000,-0.165771,0.835591,-0.121440,0.089864,-0.812912,0.182826,-3.050000,3.050000
0,1158,23.160000,commanding,-0.015340,-0.171806,0.840621,-0.118117,0.087437,-0.814544,0.188680,-3.057224,3.052622,0.000000,-0.165771,0.835591,-0.121440,0.089864,-0.812912,0.182826,-3.050000,3.050000
0,1159,23.180000,commanding,-0.015340,-0.171806,0.840621,-0.118117,0.087437,-0.814544,0.188680,-3.052622,3.040350,0.000000,-0.165771,0.835591,-0.121440,0.089864,-0.812912,0.182826,-3.050000,3.050000
0,1160,23.200000,commanding,-0.015340,-0.171806,0.840621,-0.118117,0.087437,-0.814544,0.188680,-3.043418,3.046486,0.000000,-0.165771,0.835591,-0.121440,0.089864,-0.812912,0.182826,-3.050000,3.050000
0,1161,23.220000,commanding,-0.013806,-0.171806,0.840621,-0.118117,0.087437,-0.814544,0.188680,-3.046486,3.057224,0.000000,-0.165771,0.835591,-0.121440,0.089864,-0.812912,0.182826,-3.050000,3.050000
0,1162,23.240000,commanding,-0.015340,-0.171806,0.840621,-0.118117,0.087437,-0.814544,0.188680,-3.055690,3.051088,0.000000,-0.165771,0.835591,-0.121440,0.089864,-0.812912,0.182826,-3.050000,3.050000
0,1163,23.260000,commanding,-0.015340,-0.171806,0.840621,-0.118117,0.087437,-0.814544,0.188680,-3.048020,3.041884,0.000000,-0.165771,0.835591,-0.121440,0.089864,-0.812912,0.182826,-3.050000,3.050000
0,1164,23.280000,commanding,-0.016874,-0.171806,0.840621,-0.118117,0.087437,-0.814544,0.188680,-3.043418,3.046486,0.000000,-0.165771,0.835591,-0.121440,0.089864,-0.812912,0.182826,-3.050000,3.050000
0,1165,23.300000,commanding,-0.016874,-0.171806,0.840621,-0.118117,0.087437,-0.814544,0.188680,-3.051088,3.057224,0.000000,-0.165771,0.835591,-0.121440,0.089864,-0.812912,0.182826,-3.050000,3.050000
0,1166,23.320000,commanding,-0.018408,-0.171806,0.842155,-0.118117,0.087437,-0.814544,0.188680,-3.055690,3.051088,0.000000,-0.165771,0.835591,-0.121440,0.089864,-0.812912,0.182826,-3.050000,3.050000
0,1167,23.340000,commanding,-0.018408,-0.171806,0.845223,-0.116583,0.087437,-0.814544,0.188680,-3.044952,3.041884,0.000000,-0.165771,0.835591,-0.121440,0.089864,-0.812912,0.182826,-3.050000,3.050000
0,1168,23.360000,commanding,-0.018408,-0.171806,0.849825,-0.115049,0.084369,-0.814544,0.188680,-3.044952,3.046486,0.000000,-0.165771,0.835591,-0.121440,0.089864,-0.812912,0.182826,-3.050000,3.050000
0,1169,23.380000,commanding,-0.018408,-0.173340,0.851359,-0.115049,0.081301,-0.820680,0.187146,-3.055690,3.057224,0.000000,-0.165771,0.835591,-0.121440,0.089864,-0.812912,0.182826,-3.050000,3.050000
0,1170,23.400000,commanding,-0.018408,-0.171806,0.854427,-0.115049,0.079767,-0.832952,0.188680,-3.055690,3.051088,,,,,,,,,
0,1171,23.420000,commanding,-0.018408,-0.171806,0.857495,-0.115049,0.079767,-0.851359,0.187146,-3.046486,3.037282,,,,,,,,,
0,1172,23.440000,commanding,-0.018408,-0.171806,0.863631,-0.115049,0.079767,-0.874369,0.187146,-3.046486,3.037282,,,,,,,,,
0,1173,23.460000,commanding,-0.018408,-0.171806,0.872835,-0.115049,0.079767,-0.906583,0.187146,-3.048020,3.038816,,,,,,,,,
0,1174,23.480000,commanding,-0.018408,-0.171806,0.889709,-0.115049,0.078233,-0.938796,0.188680,-3.046486,3.037282,,,,,,,,,
0,1175,23.500000,commanding,-0.018408,-0.173340,0.901981,-0.116583,0.078233,-0.966408,0.190214,-3.044952,3.037282,,,,,,,,,
0,1176,23.520000,commanding,-0.018408,-0.173340,0.914253,-0.118117,0.079767,-0.990952,0.191748,-3.046486,3.035748,,,,,,,,,
0,1177,23.540000,commanding,-0.018408,-0.173340,0.921922,-0.119651,0.081301,-1.010893,0.194816,-3.044952,3.038816,,,,,,,,,
0,1178,23.560000,commanding,-0.018408,-0.173340,0.928058,-0.119651,0.081301,-1.017029,0.197884,-3.044952,3.037282,,,,,,,,,
0,1179,23.580000,commanding,-0.018408,-0.173340,0.929592,-0.119651,0.081301,-1.015495,0.200951,-3.044952,3.037282,,,,,,,,,
0,1180,23.600000,commanding,-0.018408,-0.173340,0.929592,-0.121184,0.082835,-1.012427,0.205553,-3.046486,3.037282,,,,,,,,,
0,1181,23.620000,commanding,-0.018408,-0.173340,0.929592,-0.121184,0.082835,-1.007825,0.210155,-3.044952,3.037282,,,,,,,,,
0,1182,23.640000,commanding,-0.018408,-0.173340,0.929592,-0.121184,0.084369,-1.006291,0.211689,-3.044952,3.037282,,,,,,,,,
0,1183,23.660000,commanding,-0.018408,-0.173340,0.929592,-0.121184,0.084369,-1.004757,0.213223,-3.044952,3.037282,,,,,,,,,
0,1184,23.680000,commanding,-0.018408,-0.174874,0.929592,-0.121184,0.084369,-1.004757,0.213223,-3.044952,3.037282,,,,,,,,,
0,1185,23.700000,commanding,-0.018408,-0.173340,0.929592,-0.121184,0.084369,-1.004757,0.213223,-3.044952,3.037282,,,,,,,,,
0,1186,23.720000,commanding,-0.018408,-0.174874,0.929592,-0.121184,0.084369,-1.004757,0.213223,-3.044952,3.037282,,,,,,,,,
0,1187,23.740000,commanding,-0.018408,-0.174874,0.929592,-0.121184,0.084369,-1.004757,0.213223,-3.044952,3.037282,,,,,,,,,
0,1188,23.760000,commanding,-0.018408,-0.173340,0.929592,-0.121184,0.084369,-1.004757,0.213223,-3.044952,3.037282,,,,,,,,,
0,1189,23.780000,commanding,-0.018408,-0.173340,0.929592,-0.121184,0.084369,-1.004757,0.213223,-3.044952,3.037282,,,,,,,,,
0,1190,23.800000,commanding,-0.018408,-0.174874,0.929592,-0.121184,0.084369,-1.004757,0.213223,-3.044952,3.037282,,,,,,,,,
0,1191,23.820000,commanding,-0.018408,-0.173340,0.929592,-0.121184,0.084369,-1.004757,0.213223,-3.044952,3.037282,,,,,,,,,
0,1192,23.840000,commanding,-0.018408,-0.173340,0.929592,-0.121184,0.084369,-1.004757,0.213223,-3.044952,3.037282,,,,,,,,,
0,1193,23.860000,commanding,-0.018408,-0.174874,0.929592,-0.121184,0.084369,-1.004757,0.213223,-3.046486,3.037282,,,,,,,,,
0,1194,23.880000,commanding,-0.018408,-0.174874,0.929592,-0.121184,0.084369,-1.004757,0.213223,-3.044952,3.037282,,,,,,,,,
0,1195,23.900000,commanding,-0.018408,-0.174874,0.929592,-0.122718,0.082835,-1.004757,0.213223,-3.044952,3.037282,,,,,,,,,
0,1196,23.920000,commanding,-0.018408,-0.173340,0.929592,-0.121184,0.084369,-1.004757,0.213223,-3.044952,3.037282,,,,,,,,,
0,1197,23.940000,commanding,-0.018408,-0.174874,0.929592,-0.121184,0.084369,-1.004757,0.213223,-3.044952,3.037282,,,,,,,,,
0,1198,23.960000,commanding,-0.018408,-0.173340,0.931126,-0.121184,0.084369,-1.004757,0.213223,-3.044952,3.037282,,,,,,,,,
0,1199,23.980000,commanding,-0.018408,-0.173340,0.929592,-0.121184,0.084369,-1.004757,0.213223,-3.044952,3.037282,,,,,,,,,
0,1200,24.000000,commanding,-0.018408,-0.173340,0.929592,-0.121184,0.084369,-1.004757,0.213223,-3.044952,3.037282,,,,,,,,,
0,1201,24.020000,commanding,-0.018408,-0.173340,0.929592,-0.121184,0.084369,-1.004757,0.213223,-3.044952,3.037282,,,,,,,,,
0,1202,24.040000,commanding,-0.018408,-0.173340,0.929592,-0.121184,0.084369,-1.004757,0.213223,-3.044952,3.037282,,,,,,,,,
0,1203,24.060000,commanding,-0.018408,-0.174874,0.929592,-0.121184,0.084369,-1.004757,0.213223,-3.044952,3.037282,,,,,,,,,
0,1204,24.080000,commanding,-0.018408,-0.173340,0.929592,-0.121184,0.084369,-1.004757,0.213223,-3.044952,3.037282,,,,,,,,,
0,1205,24.100000,commanding,-0.018408,-0.174874,0.929592,-0.121184,0.084369,-1.004757,0.213223,-3.044952,3.037282,,,,,,,,,
0,1206,24.120000,commanding,-0.018408,-0.174874,0.931126,-0.121184,0.084369,-1.004757,0.213223,-3.044952,3.037282,,,,,,,,,
0,1207,24.140000,commanding,-0.018408,-0.174874,0.929592,-0.121184,0.084369,-1.004757,0.213223,-3.044952,3.037282,,,,,,,,,
0,1208,24.160000,commanding,-0.018408,-0.174874,0.929592,-0.121184,0.084369,-1.004757,0.213223,-3.044952,3.037282,,,,,,,,,
0,1209,24.180000,commanding,-0.018408,-0.173340,0.931126,-0.121184,0.084369,-1.004757,0.213223,-3.044952,3.037282,,,,,,,,,
0,1210,24.200000,commanding,-0.018408,-0.174874,0.929592,-0.121184,0.084369,-1.004757,0.213223,-3.044952,3.037282,,,,,,,,,
0,1211,24.220000,commanding,-0.018408,-0.173340,0.929592,-0.121184,0.084369,-1.004757,0.213223,-3.044952,3.037282,,,,,,,,,
0,1212,24.240000,commanding,-0.018408,-0.173340,0.929592,-0.121184,0.084369,-1.004757,0.213223,-3.044952,3.037282,,,,,,,,,
0,1213,24.260000,commanding,-0.018408,-0.174874,0.929592,-0.121184,0.084369,-1.004757,0.213223,-3.044952,3.037282,,,,,,,,,
0,1214,24.280000,commanding,-0.018408,-0.173340,0.929592,-0.121184,0.084369,-1.004757,0.213223,-3.044952,3.037282,,,,,,,,,
0,1215,24.300000,commanding,-0.018408,-0.174874,0.931126,-0.121184,0.084369,-1.004757,0.213223,-3.044952,3.037282,,,,,,,,,
0,1216,24.320000,commanding,-0.018408,-0.174874,0.929592,-0.121184,0.084369,-1.004757,0.213223,-3.046486,3.037282,,,,,,,,,
0,1217,24.340000,commanding,-0.018408,-0.174874,0.929592,-0.121184,0.084369,-1.004757,0.213223,-3.044952,3.037282,,,,,,,,,
0,1218,24.360000,commanding,-0.018408,-0.174874,0.931126,-0.121184,0.084369,-1.004757,0.213223,-3.044952,3.037282,,,,,,,,,
0,1219,24.380000,commanding,-0.018408,-0.174874,0.929592,-0.121184,0.084369,-1.004757,0.213223,-3.044952,3.037282,,,,,,,,,
0,1220,24.400000,commanding,-0.018408,-0.174874,0.929592,-0.121184,0.084369,-1.004757,0.213223,-3.044952,3.037282,,,,,,,,,
0,1221,24.420000,commanding,-0.018408,-0.173340,0.931126,-0.121184,0.084369,-1.004757,0.213223,-3.044952,3.037282,,,,,,,,,
0,1222,24.440000,commanding,-0.018408,-0.173340,0.929592,-0.121184,0.084369,-1.004757,0.213223,-3.044952,3.037282,,,,,,,,,
0,1223,24.460000,commanding,-0.018408,-0.174874,0.931126,-0.121184,0.084369,-1.004757,0.213223,-3.044952,3.037282,,,,,,,,,
0,1224,24.480000,commanding,-0.018408,-0.174874,0.931126,-0.121184,0.084369,-1.004757,0.213223,-3.044952,3.037282,,,,,,,,,
0,1225,24.500000,commanding,-0.018408,-0.173340,0.931126,-0.121184,0.084369,-1.004757,0.213223,-3.044952,3.037282,,,,,,,,,
0,1226,24.520000,commanding,-0.018408,-0.174874,0.929592,-0.121184,0.084369,-1.004757,0.213223,-3.044952,3.037282,,,,,,,,,
0,1227,24.540000,commanding,-0.018408,-0.174874,0.931126,-0.121184,0.082835,-1.004757,0.213223,-3.044952,3.037282,,,,,,,,,
0,1228,24.560000,commanding,-0.018408,-0.173340,0.931126,-0.121184,0.084369,-1.004757,0.213223,-3.044952,3.037282,,,,,,,,,
0,1229,24.580000,commanding,-0.018408,-0.174874,0.929592,-0.121184,0.084369,-1.004757,0.213223,-3.044952,3.037282,,,,,,,,,
0,1230,24.600000,commanding,-0.018408,-0.173340,0.929592,-0.121184,0.084369,-1.004757,0.213223,-3.044952,3.037282,,,,,,,,,
0,1231,24.620000,commanding,-0.018408,-0.174874,0.929592,-0.121184,0.084369,-1.004757,0.213223,-3.044952,3.037282,,,,,,,,,
0,1232,24.640000,commanding,-0.018408,-0.173340,0.929592,-0.121184,0.084369,-1.004757,0.213223,-3.044952,3.037282,,,,,,,,,
0,1233,24.660000,commanding,-0.018408,-0.173340,0.931126,-0.121184,0.084369,-1.004757,0.213223,-3.044952,3.037282,,,,,,,,,
0,1234,24.680000,commanding,-0.018408,-0.173340,0.931126,-0.121184,0.084369,-1.004757,0.213223,-3.044952,3.037282,,,,,,,,,
0,1235,24.700000,commanding,-0.018408,-0.174874,0.929592,-0.121184,0.084369,-1.004757,0.213223,-3.044952,3.037282,,,,,,,,,
0,1236,24.720000,commanding,-0.018408,-0.173340,0.931126,-0.121184,0.082835,-1.004757,0.213223,-3.044952,3.037282,,,,,,,,,
0,1237,24.740000,commanding,-0.018408,-0.173340,0.929592,-0.121184,0.082835,-1.004757,0.213223,-3.044952,3.037282,,,,,,,,,
0,1238,24.760000,commanding,-0.018408,-0.174874,0.931126,-0.121184,0.084369,-1.004757,0.213223,-3.044952,3.037282,,,,,,,,,
0,1239,24.780000,commanding,-0.018408,-0.174874,0.929592,-0.121184,0.084369,-1.004757,0.213223,-3.044952,3.037282,,,,,,,,,
0,1240,24.800000,commanding,-0.018408,-0.173340,0.929592,-0.121184,0.084369,-1.004757,0.213223,-3.044952,3.037282,,,,,,,,,
0,1241,24.820000,commanding,-0.018408,-0.173340,0.929592,-0.121184,0.084369,-1.004757,0.213223,-3.044952,3.037282,,,,,,,,,
0,1242,24.840000,commanding,-0.018408,-0.174874,0.929592,-0.121184,0.084369,-1.004757,0.213223,-3.044952,3.037282,,,,,,,,,
0,1243,24.860000,commanding,-0.018408,-0.174874,0.929592,-0.121184,0.084369,-1.004757,0.213223,-3.044952,3.037282,,,,,,,,,
0,1244,24.880000,commanding,-0.018408,-0.174874,0.931126,-0.121184,0.084369,-1.004757,0.213223,-3.044952,3.037282,,,,,,,,,
0,1245,24.900000,commanding,-0.018408,-0.174874,0.929592,-0.121184,0.082835,-1.004757,0.213223,-3.044952,3.037282,,,,,,,,,
0,1246,24.920000,commanding,-0.018408,-0.173340,0.929592,-0.121184,0.084369,-1.004757,0.213223,-3.044952,3.037282,,,,,,,,,
0,1247,24.940000,commanding,-0.018408,-0.173340,0.931126,-0.121184,0.084369,-1.004757,0.213223,-3.044952,3.037282,,,,,,,,,
0,1248,24.960000,commanding,-0.018408,-0.173340,0.931126,-0.121184,0.084369,-1.004757,0.213223,-3.044952,3.037282,,,,,,,,,
0,1249,24.980000,commanding,-0.018408,-0.174874,0.931126,-0.121184,0.082835,-1.004757,0.213223,-3.044952,3.037282,,,,,,,,,
0,1250,25.000000,commanding,-0.018408,-0.174874,0.929592,-0.121184,0.084369,-1.004757,0.213223,-3.044952,3.037282,,,,,,,,,
0,1251,25.020000,commanding,-0.018408,-0.174874,0.931126,-0.121184,0.084369,-1.004757,0.213223,-3.044952,3.037282,,,,,,,,,
0,1252,25.040000,commanding,-0.018408,-0.173340,0.931126,-0.121184,0.082835,-1.004757,0.213223,-3.044952,3.037282,,,,,,,,,
0,1253,25.060000,commanding,-0.018408,-0.174874,0.931126,-0.121184,0.082835,-1.004757,0.213223,-3.044952,3.037282,,,,,,,,,
0,1254,25.080000,commanding,-0.018408,-0.174874,0.931126,-0.121184,0.084369,-1.004757,0.213223,-3.044952,3.037282,,,,,,,,,
0,1255,25.100000,commanding,-0.018408,-0.174874,0.931126,-0.121184,0.082835,-1.004757,0.213223,-3.044952,3.037282,,,,,,,,,
0,1256,25.120000,commanding,-0.018408,-0.174874,0.931126,-0.121184,0.084369,-1.004757,0.213223,-3.044952,3.037282,,,,,,,,,
0,1257,25.140000,commanding,-0.018408,-0.174874,0.931126,-0.121184,0.082835,-1.004757,0.213223,-3.044952,3.037282,,,,,,,,,
0,1258,25.160000,commanding,-0.018408,-0.173340,0.931126,-0.121184,0.084369,-1.004757,0.213223,-3.044952,3.037282,,,,,,,,,
0,1259,25.180000,commanding,-0.018408,-0.173340,0.931126,-0.121184,0.084369,-1.004757,0.213223,-3.044952,3.037282,,,,,,,,,
0,1260,25.200000,commanding,-0.018408,-0.174874,0.931126,-0.121184,0.084369,-1.004757,0.213223,-3.044952,3.037282,,,,,,,,,
0,1261,25.220000,commanding,-0.018408,-0.173340,0.931126,-0.121184,0.084369,-1.004757,0.213223,-3.044952,3.037282,,,,,,,,,
0,1262,25.240000,commanding,-0.018408,-0.174874,0.929592,-0.121184,0.084369,-1.004757,0.213223,-3.044952,3.037282,,,,,,,,,
0,1263,25.260000,commanding,-0.018408,-0.173340,0.929592,-0.121184,0.082835,-1.004757,0.213223,-3.044952,3.037282,,,,,,,,,
0,1264,25.280000,commanding,-0.018408,-0.173340,0.931126,-0.121184,0.084369,-1.004757,0.213223,-3.044952,3.037282,,,,,,,,,
0,1265,25.300000,commanding,-0.018408,-0.174874,0.931126,-0.121184,0.084369,-1.004757,0.213223,-3.044952,3.037282,,,,,,,,,
0,1266,25.320000,commanding,-0.018408,-0.174874,0.931126,-0.121184,0.082835,-1.004757,0.213223,-3.044952,3.037282,,,,,,,,,
0,1267,25.340000,commanding,-0.018408,-0.173340,0.929592,-0.121184,0.084369,-1.004757,0.213223,-3.044952,3.037282,,,,,,,,,
0,1268,25.360000,commanding,-0.018408,-0.173340,0.929592,-0.121184,0.084369,-1.004757,0.213223,-3.044952,3.037282,,,,,,,,,
0,1269,25.380000,commanding,-0.018408,-0.174874,0.929592,-0.121184,0.084369,-1.004757,0.213223,-3.044952,3.037282,,,,,,,,,
0,1270,25.400000,commanding,-0.018408,-0.173340,0.931126,-0.121184,0.084369,-1.004757,0.213223,-3.044952,3.037282,,,,,,,,,
0,1271,25.420000,commanding,-0.018408,-0.173340,0.931126,-0.121184,0.082835,-1.004757,0.213223,-3.044952,3.037282,,,,,,,,,
0,1272,25.440000,commanding,-0.018408,-0.173340,0.931126,-0.121184,0.084369,-1.004757,0.213223,-3.044952,3.037282,,,,,,,,,
0,1273,25.460000,commanding,-0.018408,-0.173340,0.931126,-0.121184,0.084369,-1.004757,0.213223,-3.044952,3.037282,,,,,,,,,
0,1274,25.480000,commanding,-0.018408,-0.173340,0.931126,-0.121184,0.084369,-1.004757,0.213223,-3.044952,3.037282,,,,,,,,,
0,1275,25.500000,commanding,-0.018408,-0.173340,0.929592,-0.121184,0.082835,-1.004757,0.213223,-3.044952,3.037282,,,,,,,,,
0,1276,25.520000,commanding,-0.018408,-0.173340,0.929592,-0.121184,0.084369,-1.004757,0.213223,-3.044952,3.037282,,,,,,,,,
0,1277,25.540000,commanding,-0.018408,-0.174874,0.931126,-0.121184,0.084369,-1.004757,0.213223,-3.044952,3.037282,,,,,,,,,
0,1278,25.560000,commanding,-0.018408,-0.173340,0.931126,-0.121184,0.084369,-1.004757,0.213223,-3.044952,3.037282,,,,,,,,,
0,1279,25.580000,commanding,-0.018408,-0.173340,0.931126,-0.121184,0.084369,-1.004757,0.213223,-3.044952,3.037282,,,,,,,,,
0,1280,25.600000,commanding,-0.018408,-0.174874,0.931126,-0.121184,0.084369,-1.004757,0.213223,-3.044952,3.037282,,,,,,,,,
0,1281,25.620000,commanding,-0.018408,-0.174874,0.929592,-0.121184,0.084369,-1.004757,0.213223,-3.044952,3.037282,,,,,,,,,
0,1282,25.640000,commanding,-0.018408,-0.174874,0.929592,-0.121184,0.084369,-1.004757,0.213223,-3.044952,3.037282,,,,,,,,,
0,1283,25.660000,commanding,-0.018408,-0.174874,0.931126,-0.121184,0.084369,-1.004757,0.213223,-3.044952,3.037282,,,,,,,,,
0,1284,25.680000,commanding,-0.018408,-0.173340,0.929592,-0.121184,0.082835,-1.004757,0.213223,-3.044952,3.037282,,,,,,,,,
0,1285,25.700000,commanding,-0.018408,-0.174874,0.931126,-0.121184,0.084369,-1.004757,0.213223,-3.044952,3.037282,,,,,,,,,
0,1286,25.720000,commanding,-0.018408,-0.173340,0.929592,-0.121184,0.084369,-1.004757,0.213223,-3.044952,3.037282,,,,,,,,,
0,1287,25.740000,commanding,-0.018408,-0.173340,0.929592,-0.121184,0.084369,-1.004757,0.213223,-3.044952,3.037282,,,,,,,,,
0,1288,25.760000,commanding,-0.018408,-0.174874,0.931126,-0.121184,0.084369,-1.004757,0.213223,-3.044952,3.037282,,,,,,,,,
0,1289,25.780000,commanding,-0.018408,-0.174874,0.929592,-0.121184,0.084369,-1.004757,0.213223,-3.044952,3.037282,,,,,,,,,
0,1290,25.800000,commanding,-0.018408,-0.173340,0.931126,-0.121184,0.084369,-1.004757,0.213223,-3.044952,3.037282,,,,,,,,,
0,1291,25.820000,commanding,-0.018408,-0.173340,0.929592,-0.121184,0.084369,-1.004757,0.213223,-3.044952,3.037282,,,,,,,,,
0,1292,25.840000,commanding,-0.018408,-0.174874,0.931126,-0.121184,0.084369,-1.004757,0.213223,-3.044952,3.037282,,,,,,,,,
0,1293,25.860000,commanding,-0.018408,-0.174874,0.929592,-0.121184,0.084369,-1.004757,0.213223,-3.046486,3.037282,,,,,,,,,
0,1294,25.880000,commanding,-0.018408,-0.174874,0.929592,-0.121184,0.084369,-1.004757,0.213223,-3.044952,3.037282,,,,,,,,,
0,1295,25.900000,commanding,-0.018408,-0.174874,0.931126,-0.121184,0.084369,-1.004757,0.213223,-3.044952,3.037282,,,,,,,,,
0,1296,25.920000,commanding,-0.018408,-0.173340,0.929592,-0.121184,0.084369,-1.004757,0.213223,-3.044952,3.037282,,,,,,,,,
0,1297,25.940000,commanding,-0.018408,-0.173340,0.931126,-0.121184,0.084369,-1.004757,0.213223,-3.044952,3.037282,,,,,,,,,
0,1298,25.960000,commanding,-0.018408,-0.173340,0.931126,-0.121184,0.084369,-1.004757,0.213223,-3.044952,3.037282,,,,,,,,,
0,1299,25.980000,commanding,-0.018408,-0.173340,0.931126,-0.121184,0.084369,-1.004757,0.213223,-3.044952,3.037282,,,,,,,,,
0,1300,26.000000,commanding,-0.018408,-0.174874,0.931126,-0.121184,0.084369,-1.004757,0.213223,-3.044952,3.037282,,,,,,,,,
0,1301,26.020000,commanding,-0.018408,-0.173340,0.931126,-0.121184,0.084369,-1.004757,0.213223,-3.044952,3.037282,,,,,,,,,
0,1302,26.040000,commanding,-0.018408,-0.174874,0.931126,-0.121184,0.084369,-1.004757,0.213223,-3.044952,3.037282,,,,,,,,,
0,1303,26.060000,commanding,-0.018408,-0.173340,0.931126,-0.121184,0.084369,-1.004757,0.213223,-3.044952,3.037282,,,,,,,,,
0,1304,26.080000,commanding,-0.018408,-0.174874,0.929592,-0.121184,0.084369,-1.004757,0.213223,-3.044952,3.037282,,,,,,,,,
0,1305,26.100000,commanding,-0.018408,-0.173340,0.931126,-0.121184,0.084369,-1.004757,0.213223,-3.044952,3.037282,,,,,,,,,
0,1306,26.120000,commanding,-0.018408,-0.173340,0.931126,-0.121184,0.084369,-1.004757,0.213223,-3.044952,3.037282,,,,,,,,,
0,1307,26.140000,commanding,-0.018408,-0.174874,0.929592,-0.121184,0.084369,-1.004757,0.213223,-3.044952,3.037282,,,,,,,,,
0,1308,26.160000,commanding,-0.018408,-0.173340,0.931126,-0.121184,0.082835,-1.004757,0.213223,-3.044952,3.037282,,,,,,,,,
0,1309,26.180000,commanding,-0.018408,-0.174874,0.931126,-0.121184,0.084369,-1.004757,0.213223,-3.044952,3.037282,,,,,,,,,
0,1310,26.200000,commanding,-0.018408,-0.174874,0.931126,-0.121184,0.082835,-1.004757,0.213223,-3.044952,3.037282,,,,,,,,,
0,1311,26.220000,commanding,-0.018408,-0.174874,0.931126,-0.121184,0.084369,-1.004757,0.213223,-3.044952,3.037282,,,,,,,,,
0,1312,26.240000,commanding,-0.018408,-0.173340,0.931126,-0.121184,0.084369,-1.004757,0.213223,-3.044952,3.037282,,,,,,,,,
0,1313,26.260000,commanding,-0.018408,-0.173340,0.931126,-0.121184,0.084369,-1.004757,0.213223,-3.044952,3.037282,,,,,,,,,
0,1314,26.280000,commanding,-0.018408,-0.173340,0.929592,-0.121184,0.082835,-1.004757,0.213223,-3.044952,3.037282,,,,,,,,,
0,1315,26.300000,commanding,-0.018408,-0.173340,0.931126,-0.121184,0.084369,-1.004757,0.213223,-3.044952,3.037282,,,,,,,,,
0,1316,26.320000,commanding,-0.018408,-0.173340,0.931126,-0.121184,0.084369,-1.004757,0.213223,-3.044952,3.037282,,,,,,,,,
0,1317,26.340000,commanding,-0.018408,-0.173340,0.931126,-0.121184,0.084369,-1.004757,0.213223,-3.044952,3.037282,,,,,,,,,
0,1318,26.360000,commanding,-0.018408,-0.174874,0.931126,-0.121184,0.084369,-1.004757,0.213223,-3.044952,3.037282,,,,,,,,,
0,1319,26.380000,commanding,-0.018408,-0.173340,0.931126,-0.121184,0.084369,-1.004757,0.213223,-3.044952,3.037282,,,,,,,,,
0,1320,26.400000,commanding,-0.018408,-0.174874,0.931126,-0.121184,0.084369,-1.004757,0.213223,-3.044952,3.037282,,,,,,,,,
0,1321,26.420000,commanding,-0.018408,-0.173340,0.929592,-0.121184,0.084369,-1.004757,0.213223,-3.044952,3.037282,,,,,,,,,
0,1322,26.440000,commanding,-0.018408,-0.174874,0.929592,-0.121184,0.084369,-1.004757,0.213223,-3.044952,3.037282,,,,,,,,,
0,1323,26.460000,commanding,-0.018408,-0.173340,0.931126,-0.121184,0.082835,-1.004757,0.213223,-3.044952,3.037282,,,,,,,,,
0,1324,26.480000,commanding,-0.018408,-0.174874,0.931126,-0.121184,0.084369,-1.004757,0.213223,-3.044952,3.037282,,,,,,,,,
0,1325,26.500000,commanding,-0.018408,-0.174874,0.929592,-0.121184,0.084369,-1.004757,0.213223,-3.044952,3.037282,,,,,,,,,
0,1326,26.520000,commanding,-0.018408,-0.174874,0.929592,-0.121184,0.084369,-1.004757,0.213223,-3.046486,3.037282,,,,,,,,,
0,1327,26.540000,commanding,-0.018408,-0.174874,0.931126,-0.121184,0.084369,-1.004757,0.213223,-3.044952,3.037282,,,,,,,,,
0,1328,26.560000,commanding,-0.018408,-0.173340,0.931126,-0.121184,0.084369,-1.004757,0.213223,-3.044952,3.037282,,,,,,,,,
0,1329,26.580000,commanding,-0.018408,-0.174874,0.931126,-0.121184,0.084369,-1.004757,0.213223,-3.044952,3.037282,,,,,,,,,
0,1330,26.600000,commanding,-0.018408,-0.173340,0.931126,-0.121184,0.084369,-1.004757,0.213223,-3.044952,3.037282,,,,,,,,,
0,1331,26.620000,commanding,-0.018408,-0.174874,0.931126,-0.121184,0.084369,-1.004757,0.213223,-3.044952,3.037282,,,,,,,,,
0,1332,26.640000,commanding,-0.018408,-0.174874,0.931126,-0.121184,0.084369,-1.004757,0.213223,-3.044952,3.037282,,,,,,,,,
0,1333,26.660000,commanding,-0.018408,-0.174874,0.931126,-0.121184,0.084369,-1.004757,0.213223,-3.044952,3.037282,,,,,,,,,
0,1334,26.680000,commanding,-0.018408,-0.173340,0.931126,-0.121184,0.084369,-1.004757,0.213223,-3.044952,3.037282,,,,,,,,,
0,1335,26.700000,commanding,-0.018408,-0.174874,0.931126,-0.121184,0.084369,-1.004757,0.213223,-3.044952,3.037282,,,,,,,,,
0,1336,26.720000,commanding,-0.018408,-0.174874,0.931126,-0.121184,0.084369,-1.004757,0.213223,-3.044952,3.037282,,,,,,,,,
0,1337,26.740000,commanding,-0.018408,-0.174874,0.929592,-0.121184,0.084369,-1.004757,0.213223,-3.044952,3.037282,,,,,,,,,
0,1338,26.760000,commanding,-0.018408,-0.174874,0.931126,-0.121184,0.082835,-1.004757,0.213223,-3.044952,3.037282,,,,,,,,,
0,1339,26.780000,commanding,-0.018408,-0.174874,0.929592,-0.121184,0.084369,-1.004757,0.213223,-3.044952,3.037282,,,,,,,,,
0,1340,26.800000,commanding,-0.018408,-0.173340,0.931126,-0.121184,0.082835,-1.004757,0.213223,-3.044952,3.037282,,,,,,,,,
0,1341,26.820000,commanding,-0.018408,-0.173340,0.931126,-0.121184,0.084369,-1.004757,0.213223,-3.044952,3.037282,,,,,,,,,
0,1342,26.840000,commanding,-0.018408,-0.173340,0.931126,-0.121184,0.084369,-1.004757,0.213223,-3.044952,3.037282,,,,,,,,,
0,1343,26.860000,commanding,-0.018408,-0.174874,0.931126,-0.121184,0.084369,-1.004757,0.213223,-3.044952,3.037282,,,,,,,,,
0,1344,26.880000,commanding,-0.018408,-0.173340,0.929592,-0.121184,0.084369,-1.004757,0.213223,-3.044952,3.037282,,,,,,,,,
0,1345,26.900000,commanding,-0.018408,-0.173340,0.931126,-0.121184,0.084369,-1.004757,0.213223,-3.044952,3.037282,,,,,,,,,
0,1346,26.920000,commanding,-0.018408,-0.173340,0.931126,-0.121184,0.084369,-1.004757,0.213223,-3.044952,3.037282,,,,,,,,,
0,1347,26.940000,commanding,-0.018408,-0.174874,0.929592,-0.121184,0.084369,-1.004757,0.213223,-3.044952,3.037282,,,,,,,,,
0,1348,26.960000,commanding,-0.018408,-0.174874,0.929592,-0.121184,0.084369,-1.004757,0.213223,-3.044952,3.037282,,,,,,,,,
0,1349,26.980000,commanding,-0.018408,-0.173340,0.931126,-0.121184,0.084369,-1.004757,0.213223,-3.044952,3.037282,,,,,,,,,
0,1350,27.000000,commanding,-0.018408,-0.174874,0.931126,-0.121184,0.084369,-1.004757,0.213223,-3.044952,3.037282,,,,,,,,,
0,1351,27.020000,commanding,-0.018408,-0.173340,0.931126,-0.121184,0.084369,-1.004757,0.213223,-3.044952,3.037282,,,,,,,,,
0,1352,27.040000,commanding,-0.018408,-0.174874,0.929592,-0.121184,0.084369,-1.004757,0.213223,-3.044952,3.037282,,,,,,,,,
0,1353,27.060000,commanding,-0.018408,-0.174874,0.931126,-0.121184,0.084369,-1.004757,0.213223,-3.044952,3.037282,,,,,,,,,
0,1354,27.080000,commanding,-0.018408,-0.173340,0.929592,-0.121184,0.084369,-1.004757,0.213223,-3.044952,3.037282,,,,,,,,,
0,1355,27.100000,commanding,-0.018408,-0.174874,0.931126,-0.121184,0.084369,-1.004757,0.213223,-3.044952,3.037282,,,,,,,,,
0,1356,27.120000,commanding,-0.018408,-0.174874,0.931126,-0.121184,0.084369,-1.004757,0.213223,-3.044952,3.037282,,,,,,,,,
0,1357,27.140000,commanding,-0.018408,-0.174874,0.931126,-0.121184,0.084369,-1.004757,0.213223,-3.044952,3.037282,,,,,,,,,
0,1358,27.160000,commanding,-0.018408,-0.173340,0.931126,-0.121184,0.084369,-1.004757,0.213223,-3.044952,3.037282,,,,,,,,,
0,1359,27.180000,commanding,-0.018408,-0.173340,0.931126,-0.121184,0.084369,-1.004757,0.213223,-3.044952,3.037282,,,,,,,,,
0,1360,27.200000,commanding,-0.018408,-0.174874,0.931126,-0.121184,0.084369,-1.004757,0.213223,-3.044952,3.037282,,,,,,,,,
0,1361,27.220000,commanding,-0.018408,-0.173340,0.931126,-0.121184,0.084369,-1.004757,0.213223,-3.044952,3.037282,,,,,,,,,
0,1362,27.240000,commanding,-0.018408,-0.174874,0.931126,-0.121184,0.084369,-1.004757,0.213223,-3.044952,3.037282,,,,,,,,,
0,1363,27.260000,commanding,-0.018408,-0.174874,0.931126,-0.121184,0.084369,-1.004757,0.213223,-3.044952,3.037282,,,,,,,,,
0,1364,27.280000,commanding,-0.018408,-0.174874,0.931126,-0.121184,0.084369,-1.004757,0.213223,-3.044952,3.037282,,,,,,,,,
0,1365,27.300000,commanding,-0.018408,-0.174874,0.929592,-0.121184,0.084369,-1.004757,0.213223,-3.044952,3.037282,,,,,,,,,
0,1366,27.320000,commanding,-0.018408,-0.174874,0.931126,-0.121184,0.084369,-1.004757,0.213223,-3.044952,3.037282,,,,,,,,,
0,1367,27.340000,commanding,-0.018408,-0.173340,0.931126,-0.121184,0.084369,-1.004757,0.213223,-3.044952,3.037282,,,,,,,,,
0,1368,27.360000,commanding,-0.018408,-0.173340,0.931126,-0.121184,0.084369,-1.004757,0.213223,-3.044952,3.037282,,,,,,,,,
0,1369,27.380000,commanding,-0.018408,-0.173340,0.931126,-0.121184,0.084369,-1.004757,0.213223,-3.044952,3.037282,,,,,,,,,
0,1370,27.400000,commanding,-0.018408,-0.173340,0.931126,-0.121184,0.084369,-1.004757,0.213223,-3.044952,3.037282,,,,,,,,,
0,1371,27.420000,commanding,-0.018408,-0.173340,0.931126,-0.121184,0.084369,-1.004757,0.213223,-3.044952,3.037282,,,,,,,,,
0,1372,27.440000,commanding,-0.018408,-0.173340,0.929592,-0.121184,0.084369,-1.004757,0.213223,-3.044952,3.037282,,,,,,,,,
0,1373,27.460000,commanding,-0.018408,-0.174874,0.931126,-0.121184,0.084369,-1.004757,0.213223,-3.044952,3.037282,,,,,,,,,
0,1374,27.480000,commanding,-0.018408,-0.174874,0.931126,-0.121184,0.082835,-1.004757,0.213223,-3.044952,3.037282,,,,,,,,,
0,1375,27.500000,commanding,-0.018408,-0.174874,0.931126,-0.121184,0.084369,-1.004757,0.213223,-3.044952,3.037282,,,,,,,,,
0,1376,27.520000,commanding,-0.018408,-0.173340,0.931126,-0.121184,0.084369,-1.004757,0.213223,-3.044952,3.037282,,,,,,,,,
0,1377,27.540000,commanding,-0.018408,-0.173340,0.931126,-0.121184,0.084369,-1.004757,0.213223,-3.044952,3.037282,,,,,,,,,
0,1378,27.560000,commanding,-0.018408,-0.173340,0.931126,-0.121184,0.084369,-1.004757,0.213223,-3.044952,3.037282,,,,,,,,,
0,1379,27.580000,commanding,-0.018408,-0.173340,0.931126,-0.121184,0.084369,-1.004757,0.213223,-3.046486,3.037282,,,,,,,,,
0,1380,27.600000,commanding,-0.018408,-0.173340,0.931126,-0.121184,0.084369,-1.004757,0.213223,-3.044952,3.037282,,,,,,,,,
0,1381,27.620000,commanding,-0.018408,-0.174874,0.931126,-0.121184,0.084369,-1.004757,0.213223,-3.044952,3.037282,,,,,,,,,
0,1382,27.640000,commanding,-0.018408,-0.173340,0.931126,-0.121184,0.084369,-1.004757,0.213223,-3.044952,3.037282,,,,,,,,,
0,1383,27.660000,commanding,-0.018408,-0.173340,0.929592,-0.121184,0.084369,-1.004757,0.213223,-3.044952,3.037282,,,,,,,,,
0,1384,27.680000,commanding,-0.018408,-0.174874,0.931126,-0.121184,0.084369,-1.004757,0.213223,-3.044952,3.037282,,,,,,,,,
0,1385,27.700000,commanding,-0.018408,-0.173340,0.931126,-0.121184,0.084369,-1.004757,0.213223,-3.044952,3.037282,,,,,,,,,
0,1386,27.720000,commanding,-0.018408,-0.174874,0.931126,-0.121184,0.082835,-1.004757,0.213223,-3.044952,3.037282,,,,,,,,,
0,1387,27.740000,commanding,-0.018408,-0.174874,0.931126,-0.121184,0.084369,-1.004757,0.213223,-3.044952,3.037282,,,,,,,,,
0,1388,27.760000,commanding,-0.018408,-0.174874,0.929592,-0.121184,0.084369,-1.004757,0.213223,-3.044952,3.037282,,,,,,,,,
0,1389,27.780000,commanding,-0.018408,-0.174874,0.931126,-0.121184,0.082835,-1.004757,0.213223,-3.044952,3.037282,,,,,,,,,
0,1390,27.800000,commanding,-0.018408,-0.174874,0.929592,-0.121184,0.084369,-1.004757,0.213223,-3.044952,3.037282,,,,,,,,,
0,1391,27.820000,commanding,-0.018408,-0.173340,0.931126,-0.121184,0.084369,-1.004757,0.213223,-3.044952,3.037282,,,,,,,,,
0,1392,27.840000,commanding,-0.018408,-0.173340,0.931126,-0.121184,0.084369,-1.004757,0.213223,-3.044952,3.037282,,,,,,,,,
0,1393,27.860000,commanding,-0.018408,-0.174874,0.929592,-0.121184,0.084369,-1.004757,0.213223,-3.044952,3.037282,,,,,,,,,
0,1394,27.880000,commanding,-0.018408,-0.174874,0.931126,-0.121184,0.084369,-1.004757,0.213223,-3.044952,3.037282,,,,,,,,,
0,1395,27.900000,commanding,-0.018408,-0.174874,0.931126,-0.121184,0.084369,-1.004757,0.213223,-3.044952,3.037282,,,,,,,,,
0,1396,27.920000,commanding,-0.018408,-0.174874,0.931126,-0.121184,0.082835,-1.004757,0.213223,-3.044952,3.037282,,,,,,,,,
0,1397,27.940000,commanding,-0.018408,-0.174874,0.931126,-0.121184,0.084369,-1.004757,0.213223,-3.044952,3.037282,,,,,,,,,
0,1398,27.960000,commanding,-0.018408,-0.173340,0.931126,-0.121184,0.084369,-1.004757,0.213223,-3.044952,3.037282,,,,,,,,,
0,1399,27.980000,commanding,-0.018408,-0.174874,0.931126,-0.121184,0.082835,-1.004757,0.213223,-3.044952,3.037282,,,,,,,,,
0,1400,28.000000,commanding,-0.018408,-0.174874,0.929592,-0.121184,0.084369,-1.004757,0.213223,-3.044952,3.037282,,,,,,,,,
0,1401,28.020000,commanding,-0.018408,-0.174874,0.929592,-0.121184,0.084369,-1.004757,0.213223,-3.044952,3.037282,,,,,,,,,
0,1402,28.040000,commanding,-0.018408,-0.173340,0.931126,-0.121184,0.084369,-1.004757,0.213223,-3.044952,3.037282,,,,,,,,,
0,1403,28.060000,commanding,-0.018408,-0.174874,0.931126,-0.121184,0.084369,-1.004757,0.213223,-3.044952,3.037282,,,,,,,,,
0,1404,28.080000,commanding,-0.018408,-0.174874,0.931126,-0.121184,0.084369,-1.004757,0.213223,-3.044952,3.037282,,,,,,,,,
0,1405,28.100000,commanding,-0.018408,-0.173340,0.931126,-0.121184,0.084369,-1.004757,0.213223,-3.044952,3.037282,,,,,,,,,
0,1406,28.120000,commanding,-0.018408,-0.174874,0.931126,-0.121184,0.084369,-1.004757,0.213223,-3.044952,3.037282,,,,,,,,,
0,1407,28.140000,commanding,-0.018408,-0.173340,0.931126,-0.121184,0.084369,-1.004757,0.213223,-3.044952,3.037282,,,,,,,,,
0,1408,28.160000,commanding,-0.018408,-0.174874,0.931126,-0.121184,0.084369,-1.004757,0.213223,-3.044952,3.037282,,,,,,,,,
0,1409,28.180000,commanding,-0.018408,-0.173340,0.931126,-0.121184,0.084369,-1.004757,0.213223,-3.044952,3.037282,,,,,,,,,
0,1410,28.200000,commanding,-0.018408,-0.174874,0.931126,-0.121184,0.084369,-1.004757,0.213223,-3.044952,3.037282,,,,,,,,,
0,1411,28.220000,commanding,-0.018408,-0.174874,0.931126,-0.121184,0.084369,-1.004757,0.213223,-3.044952,3.037282,,,,,,,,,
0,1412,28.240000,commanding,-0.018408,-0.174874,0.931126,-0.121184,0.084369,-1.004757,0.213223,-3.044952,3.037282,,,,,,,,,
0,1413,28.260000,commanding,-0.018408,-0.173340,0.931126,-0.121184,0.084369,-1.004757,0.213223,-3.044952,3.037282,,,,,,,,,
0,1414,28.280000,commanding,-0.018408,-0.173340,0.929592,-0.121184,0.084369,-1.004757,0.213223,-3.044952,3.037282,,,,,,,,,
0,1415,28.300000,commanding,-0.018408,-0.173340,0.929592,-0.121184,0.084369,-1.004757,0.213223,-3.044952,3.037282,,,,,,,,,
0,1416,28.320000,commanding,-0.018408,-0.173340,0.931126,-0.121184,0.084369,-1.004757,0.213223,-3.044952,3.037282,,,,,,,,,
0,1417,28.340000,commanding,-0.018408,-0.173340,0.931126,-0.121184,0.084369,-1.004757,0.213223,-3.044952,3.037282,,,,,,,,,
0,1418,28.360000,commanding,-0.018408,-0.174874,0.929592,-0.121184,0.084369,-1.004757,0.213223,-3.044952,3.037282,,,,,,,,,
0,1419,28.380000,commanding,-0.018408,-0.174874,0.931126,-0.121184,0.084369,-1.004757,0.213223,-3.044952,3.037282,,,,,,,,,
0,1420,28.400000,commanding,-0.018408,-0.174874,0.931126,-0.121184,0.084369,-1.004757,0.213223,-3.044952,3.037282,,,,,,,,,
0,1421,28.420000,commanding,-0.018408,-0.173340,0.931126,-0.121184,0.084369,-1.004757,0.213223,-3.044952,3.037282,,,,,,,,,
0,1422,28.440000,commanding,-0.018408,-0.174874,0.931126,-0.121184,0.082835,-1.004757,0.213223,-3.044952,3.037282,,,,,,,,,
0,1423,28.460000,commanding,-0.018408,-0.173340,0.931126,-0.121184,0.084369,-1.004757,0.213223,-3.044952,3.037282,,,,,,,,,
0,1424,28.480000,commanding,-0.018408,-0.173340,0.931126,-0.121184,0.084369,-1.004757,0.213223,-3.044952,3.037282,,,,,,,,,
0,1425,28.500000,commanding,-0.018408,-0.173340,0.931126,-0.121184,0.084369,-1.004757,0.213223,-3.044952,3.037282,,,,,,,,,
0,1426,28.520000,commanding,-0.018408,-0.174874,0.931126,-0.121184,0.082835,-1.004757,0.213223,-3.044952,3.037282,,,,,,,,,
0,1427,28.540000,commanding,-0.018408,-0.173340,0.931126,-0.121184,0.084369,-1.004757,0.213223,-3.044952,3.037282,,,,,,,,,
0,1428,28.560000,commanding,-0.018408,-0.173340,0.931126,-0.121184,0.084369,-1.004757,0.213223,-3.044952,3.037282,,,,,,,,,
0,1429,28.580000,commanding,-0.018408,-0.173340,0.931126,-0.121184,0.084369,-1.004757,0.213223,-3.044952,3.037282,,,,,,,,,
0,1430,28.600000,commanding,-0.018408,-0.174874,0.931126,-0.121184,0.084369,-1.004757,0.213223,-3.044952,3.037282,,,,,,,,,
0,1431,28.620000,commanding,-0.018408,-0.173340,0.931126,-0.121184,0.084369,-1.004757,0.213223,-3.044952,3.037282,,,,,,,,,
0,1432,28.640000,commanding,-0.018408,-0.173340,0.931126,-0.121184,0.084369,-1.004757,0.213223,-3.044952,3.037282,,,,,,,,,
0,1433,28.660000,commanding,-0.018408,-0.174874,0.931126,-0.121184,0.084369,-1.004757,0.213223,-3.044952,3.037282,,,,,,,,,
0,1434,28.680000,commanding,-0.018408,-0.174874,0.929592,-0.121184,0.082835,-1.004757,0.213223,-3.044952,3.037282,,,,,,,,,
0,1435,28.700000,commanding,-0.018408,-0.173340,0.931126,-0.121184,0.084369,-1.004757,0.213223,-3.044952,3.037282,,,,,,,,,
0,1436,28.720000,commanding,-0.018408,-0.174874,0.931126,-0.121184,0.084369,-1.004757,0.213223,-3.044952,3.037282,,,,,,,,,
0,1437,28.740000,commanding,-0.018408,-0.174874,0.931126,-0.121184,0.084369,-1.004757,0.213223,-3.044952,3.037282,,,,,,,,,
0,1438,28.760000,commanding,-0.018408,-0.174874,0.931126,-0.121184,0.084369,-1.004757,0.213223,-3.044952,3.037282,,,,,,,,,
0,1439,28.780000,commanding,-0.018408,-0.174874,0.931126,-0.121184,0.084369,-1.004757,0.213223,-3.044952,3.037282,,,,,,,,,
0,1440,28.800000,commanding,-0.018408,-0.173340,0.931126,-0.121184,0.084369,-1.004757,0.213223,-3.044952,3.037282,,,,,,,,,
0,1441,28.820000,commanding,-0.018408,-0.174874,0.931126,-0.121184,0.084369,-1.004757,0.213223,-3.044952,3.037282,,,,,,,,,
0,1442,28.840000,commanding,-0.018408,-0.174874,0.931126,-0.121184,0.084369,-1.004757,0.213223,-3.044952,3.037282,,,,,,,,,
0,1443,28.860000,commanding,-0.018408,-0.174874,0.929592,-0.121184,0.084369,-1.004757,0.213223,-3.044952,3.037282,,,,,,,,,
0,1444,28.880000,commanding,-0.018408,-0.174874,0.931126,-0.121184,0.084369,-1.004757,0.213223,-3.044952,3.037282,,,,,,,,,
0,1445,28.900000,commanding,-0.018408,-0.174874,0.931126,-0.121184,0.084369,-1.004757,0.213223,-3.044952,3.037282,,,,,,,,,
0,1446,28.920000,commanding,-0.018408,-0.174874,0.931126,-0.121184,0.084369,-1.004757,0.213223,-3.044952,3.037282,,,,,,,,,
0,1447,28.940000,commanding,-0.018408,-0.173340,0.931126,-0.121184,0.084369,-1.004757,0.213223,-3.046486,3.037282,,,,,,,,,
0,1448,28.960000,commanding,-0.018408,-0.174874,0.931126,-0.121184,0.084369,-1.004757,0.213223,-3.044952,3.037282,,,,,,,,,
0,1449,28.980000,commanding,-0.018408,-0.174874,0.931126,-0.121184,0.084369,-1.004757,0.213223,-3.044952,3.037282,,,,,,,,,
0,1450,29.000000,commanding,-0.018408,-0.174874,0.931126,-0.121184,0.084369,-1.004757,0.213223,-3.044952,3.037282,,,,,,,,,
0,1451,29.020000,commanding,-0.018408,-0.173340,0.931126,-0.121184,0.084369,-1.004757,0.213223,-3.044952,3.037282,,,,,,,,,
0,1452,29.040000,commanding,-0.018408,-0.174874,0.929592,-0.121184,0.084369,-1.004757,0.213223,-3.044952,3.037282,,,,,,,,,
0,1453,29.060000,commanding,-0.018408,-0.174874,0.929592,-0.121184,0.084369,-1.004757,0.213223,-3.044952,3.037282,,,,,,,,,
0,1454,29.080000,commanding,-0.018408,-0.174874,0.931126,-0.121184,0.084369,-1.004757,0.213223,-3.044952,3.037282,,,,,,,,,
0,1455,29.100000,commanding,-0.018408,-0.173340,0.931126,-0.121184,0.084369,-1.004757,0.213223,-3.044952,3.037282,,,,,,,,,
0,1456,29.120000,commanding,-0.018408,-0.173340,0.931126,-0.121184,0.084369,-1.004757,0.213223,-3.044952,3.037282,,,,,,,,,
0,1457,29.140000,commanding,-0.018408,-0.174874,0.931126,-0.121184,0.084369,-1.004757,0.213223,-3.044952,3.037282,,,,,,,,,
0,1458,29.160000,commanding,-0.018408,-0.173340,0.931126,-0.121184,0.084369,-1.004757,0.213223,-3.044952,3.037282,,,,,,,,,
0,1459,29.180000,commanding,-0.018408,-0.174874,0.931126,-0.121184,0.084369,-1.004757,0.213223,-3.044952,3.037282,,,,,,,,,
0,1460,29.200000,commanding,-0.018408,-0.173340,0.931126,-0.121184,0.084369,-1.004757,0.213223,-3.046486,3.037282,,,,,,,,,
0,1461,29.220000,commanding,-0.018408,-0.174874,0.929592,-0.121184,0.084369,-1.004757,0.213223,-3.044952,3.037282,,,,,,,,,
0,1462,29.240000,commanding,-0.018408,-0.174874,0.931126,-0.121184,0.084369,-1.004757,0.213223,-3.044952,3.037282,,,,,,,,,
0,1463,29.260000,commanding,-0.018408,-0.173340,0.931126,-0.121184,0.084369,-1.004757,0.213223,-3.044952,3.037282,,,,,,,,,
0,1464,29.280000,commanding,-0.018408,-0.174874,0.931126,-0.121184,0.084369,-1.004757,0.213223,-3.044952,3.037282,,,,,,,,,
0,1465,29.300000,commanding,-0.018408,-0.174874,0.931126,-0.121184,0.084369,-1.004757,0.213223,-3.044952,3.037282,,,,,,,,,
0,1466,29.320000,commanding,-0.018408,-0.174874,0.931126,-0.121184,0.084369,-1.004757,0.213223,-3.044952,3.037282,,,,,,,,,
0,1467,29.340000,commanding,-0.018408,-0.174874,0.931126,-0.121184,0.084369,-1.004757,0.213223,-3.044952,3.037282,,,,,,,,,
0,1468,29.360000,commanding,-0.018408,-0.173340,0.931126,-0.121184,0.082835,-1.004757,0.213223,-3.044952,3.037282,,,,,,,,,
0,1469,29.380000,commanding,-0.018408,-0.174874,0.931126,-0.121184,0.084369,-1.004757,0.213223,-3.044952,3.037282,,,,,,,,,
0,1470,29.400000,commanding,-0.018408,-0.174874,0.931126,-0.121184,0.084369,-1.004757,0.213223,-3.044952,3.037282,,,,,,,,,
0,1471,29.420000,commanding,-0.018408,-0.173340,0.931126,-0.121184,0.084369,-1.004757,0.213223,-3.044952,3.037282,,,,,,,,,
0,1472,29.440000,commanding,-0.018408,-0.174874,0.931126,-0.121184,0.084369,-1.004757,0.213223,-3.044952,3.037282,,,,,,,,,
0,1473,29.460000,commanding,-0.018408,-0.173340,0.931126,-0.121184,0.084369,-1.004757,0.213223,-3.044952,3.037282,,,,,,,,,
0,1474,29.480000,commanding,-0.018408,-0.173340,0.929592,-0.121184,0.084369,-1.004757,0.213223,-3.044952,3.037282,,,,,,,,,
0,1475,29.500000,commanding,-0.018408,-0.173340,0.931126,-0.121184,0.082835,-1.004757,0.213223,-3.044952,3.037282,,,,,,,,,
0,1476,29.520000,commanding,-0.018408,-0.174874,0.931126,-0.121184,0.082835,-1.004757,0.213223,-3.044952,3.037282,,,,,,,,,
0,1477,29.540000,commanding,-0.018408,-0.173340,0.931126,-0.121184,0.084369,-1.004757,0.213223,-3.044952,3.037282,,,,,,,,,
0,1478,29.560000,commanding,-0.018408,-0.174874,0.931126,-0.121184,0.084369,-1.004757,0.213223,-3.044952,3.037282,,,,,,,,,
0,1479,29.580000,commanding,-0.018408,-0.173340,0.931126,-0.121184,0.084369,-1.004757,0.213223,-3.044952,3.037282,,,,,,,,,
0,1480,29.600000,commanding,-0.018408,-0.174874,0.931126,-0.121184,0.084369,-1.004757,0.213223,-3.044952,3.037282,,,,,,,,,
0,1481,29.620000,commanding,-0.018408,-0.174874,0.931126,-0.121184,0.084369,-1.004757,0.213223,-3.044952,3.037282,,,,,,,,,
0,1482,29.640000,commanding,-0.018408,-0.173340,0.931126,-0.121184,0.084369,-1.004757,0.213223,-3.044952,3.037282,,,,,,,,,
0,1483,29.660000,commanding,-0.018408,-0.173340,0.931126,-0.121184,0.084369,-1.004757,0.213223,-3.044952,3.037282,,,,,,,,,
0,1484,29.680000,commanding,-0.018408,-0.174874,0.931126,-0.121184,0.084369,-1.004757,0.213223,-3.044952,3.037282,,,,,,,,,
0,1485,29.700000,commanding,-0.018408,-0.174874,0.931126,-0.121184,0.084369,-1.004757,0.213223,-3.044952,3.037282,,,,,,,,,
0,1486,29.720000,commanding,-0.018408,-0.174874,0.931126,-0.121184,0.084369,-1.004757,0.213223,-3.044952,3.037282,,,,,,,,,
0,1487,29.740000,commanding,-0.018408,-0.173340,0.931126,-0.121184,0.084369,-1.004757,0.213223,-3.044952,3.037282,,,,,,,,,
0,1488,29.760000,commanding,-0.018408,-0.173340,0.931126,-0.121184,0.084369,-1.004757,0.213223,-3.044952,3.037282,,,,,,,,,
0,1489,29.780000,commanding,-0.018408,-0.173340,0.931126,-0.121184,0.084369,-1.004757,0.213223,-3.044952,3.035748,,,,,,,,,
0,1490,29.800000,commanding,-0.018408,-0.174874,0.929592,-0.121184,0.084369,-1.004757,0.213223,-3.044952,3.037282,,,,,,,,,
0,1491,29.820000,commanding,-0.018408,-0.174874,0.931126,-0.121184,0.084369,-1.004757,0.213223,-3.044952,3.037282,,,,,,,,,
0,1492,29.840000,commanding,-0.018408,-0.174874,0.931126,-0.121184,0.084369,-1.004757,0.213223,-3.044952,3.037282,,,,,,,,,
0,1493,29.860000,commanding,-0.018408,-0.173340,0.929592,-0.121184,0.084369,-1.004757,0.213223,-3.044952,3.037282,,,,,,,,,
0,1494,29.880000,commanding,-0.018408,-0.174874,0.931126,-0.121184,0.084369,-1.004757,0.213223,-3.046486,3.037282,,,,,,,,,
0,1495,29.900000,commanding,-0.018408,-0.174874,0.931126,-0.121184,0.084369,-1.004757,0.213223,-3.044952,3.037282,,,,,,,,,
0,1496,29.920000,commanding,-0.018408,-0.174874,0.931126,-0.121184,0.084369,-1.004757,0.213223,-3.044952,3.037282,,,,,,,,,
0,1497,29.940000,commanding,-0.018408,-0.174874,0.931126,-0.121184,0.084369,-1.004757,0.213223,-3.044952,3.037282,,,,,,,,,
0,1498,29.960000,commanding,-0.018408,-0.173340,0.931126,-0.121184,0.084369,-1.004757,0.213223,-3.044952,3.037282,,,,,,,,,
0,1499,29.980000,commanding,-0.018408,-0.173340,0.931126,-0.121184,0.084369,-1.004757,0.213223,-3.046486,3.037282,,,,,,,,,
0,1500,30.000000,commanding,-0.018408,-0.173340,0.931126,-0.121184,0.082835,-1.004757,0.213223,-3.044952,3.037282,,,,,,,,,
0,1501,30.020000,commanding,-0.018408,-0.174874,0.931126,-0.121184,0.082835,-1.004757,0.213223,-3.044952,3.037282,,,,,,,,,
0,1502,30.040000,commanding,-0.018408,-0.174874,0.931126,-0.121184,0.084369,-1.004757,0.213223,-3.044952,3.037282,,,,,,,,,
0,1503,30.060000,commanding,-0.018408,-0.173340,0.931126,-0.121184,0.084369,-1.004757,0.213223,-3.044952,3.037282,,,,,,,,,
0,1504,30.080000,commanding,-0.018408,-0.174874,0.931126,-0.121184,0.084369,-1.004757,0.213223,-3.044952,3.037282,,,,,,,,,
0,1505,30.100000,commanding,-0.018408,-0.173340,0.931126,-0.121184,0.084369,-1.004757,0.213223,-3.044952,3.037282,,,,,,,,,
0,1506,30.120000,commanding,-0.018408,-0.174874,0.931126,-0.121184,0.084369,-1.004757,0.213223,-3.044952,3.037282,,,,,,,,,
0,1507,30.140000,commanding,-0.018408,-0.174874,0.931126,-0.121184,0.084369,-1.004757,0.213223,-3.044952,3.037282,,,,,,,,,
0,1508,30.160000,commanding,-0.018408,-0.173340,0.929592,-0.121184,0.084369,-1.004757,0.213223,-3.044952,3.037282,,,,,,,,,
0,1509,30.180000,commanding,-0.018408,-0.173340,0.931126,-0.121184,0.084369,-1.004757,0.213223,-3.044952,3.037282,,,,,,,,,
0,1510,30.200000,commanding,-0.018408,-0.174874,0.931126,-0.121184,0.084369,-1.004757,0.213223,-3.044952,3.037282,,,,,,,,,
0,1511,30.220000,commanding,-0.018408,-0.173340,0.931126,-0.121184,0.084369,-1.004757,0.213223,-3.044952,3.037282,,,,,,,,,
0,1512,30.240000,commanding,-0.018408,-0.174874,0.931126,-0.121184,0.084369,-1.004757,0.213223,-3.044952,3.037282,,,,,,,,,
0,1513,30.260000,commanding,-0.018408,-0.173340,0.931126,-0.121184,0.084369,-1.004757,0.213223,-3.044952,3.037282,,,,,,,,,
0,1514,30.280000,commanding,-0.018408,-0.173340,0.931126,-0.121184,0.084369,-1.004757,0.213223,-3.044952,3.037282,,,,,,,,,
0,1515,30.300000,commanding,-0.018408,-0.173340,0.931126,-0.121184,0.082835,-1.004757,0.213223,-3.044952,3.037282,,,,,,,,,
0,1516,30.320000,commanding,-0.018408,-0.173340,0.931126,-0.121184,0.084369,-1.004757,0.213223,-3.044952,3.037282,,,,,,,,,
0,1517,30.340000,commanding,-0.018408,-0.173340,0.931126,-0.121184,0.084369,-1.004757,0.213223,-3.044952,3.037282,,,,,,,,,
0,1518,30.360000,commanding,-0.018408,-0.173340,0.931126,-0.121184,0.082835,-1.004757,0.213223,-3.044952,3.037282,,,,,,,,,
0,1519,30.380000,commanding,-0.018408,-0.174874,0.931126,-0.121184,0.084369,-1.004757,0.213223,-3.044952,3.037282,,,,,,,,,
0,1520,30.400000,commanding,-0.018408,-0.173340,0.931126,-0.121184,0.084369,-1.004757,0.213223,-3.044952,3.037282,,,,,,,,,
0,1521,30.420000,commanding,-0.018408,-0.173340,0.931126,-0.121184,0.084369,-1.004757,0.213223,-3.044952,3.037282,,,,,,,,,
0,1522,30.440000,commanding,-0.018408,-0.174874,0.929592,-0.121184,0.084369,-1.004757,0.213223,-3.044952,3.037282,,,,,,,,,
0,1523,30.460000,commanding,-0.018408,-0.173340,0.931126,-0.121184,0.084369,-1.004757,0.213223,-3.044952,3.037282,,,,,,,,,
0,1524,30.480000,commanding,-0.018408,-0.174874,0.931126,-0.121184,0.084369,-1.004757,0.213223,-3.044952,3.037282,,,,,,,,,
0,1525,30.500000,commanding,-0.018408,-0.173340,0.931126,-0.121184,0.084369,-1.004757,0.213223,-3.044952,3.037282,,,,,,,,,
0,1526,30.520000,commanding,-0.018408,-0.174874,0.931126,-0.121184,0.082835,-1.004757,0.213223,-3.044952,3.037282,,,,,,,,,
0,1527,30.540000,commanding,-0.018408,-0.174874,0.931126,-0.121184,0.084369,-1.004757,0.213223,-3.046486,3.037282,,,,,,,,,
0,1528,30.560000,commanding,-0.018408,-0.174874,0.931126,-0.121184,0.084369,-1.004757,0.213223,-3.044952,3.037282,,,,,,,,,
0,1529,30.580000,commanding,-0.018408,-0.173340,0.931126,-0.121184,0.084369,-1.004757,0.213223,-3.044952,3.037282,,,,,,,,,
0,1530,30.600000,commanding,-0.018408,-0.173340,0.931126,-0.121184,0.084369,-1.004757,0.213223,-3.044952,3.037282,,,,,,,,,
0,1531,30.620000,commanding,-0.018408,-0.173340,0.931126,-0.121184,0.084369,-1.004757,0.213223,-3.044952,3.037282,,,,,,,,,
0,1532,30.640000,commanding,-0.018408,-0.173340,0.931126,-0.121184,0.084369,-1.004757,0.213223,-3.044952,3.037282,,,,,,,,,
0,1533,30.660000,commanding,-0.018408,-0.174874,0.931126,-0.121184,0.084369,-1.004757,0.213223,-3.044952,3.037282,,,,,,,,,
0,1534,30.680000,commanding,-0.018408,-0.173340,0.931126,-0.121184,0.082835,-1.004757,0.213223,-3.044952,3.037282,,,,,,,,,
0,1535,30.700000,commanding,-0.018408,-0.174874,0.931126,-0.121184,0.084369,-1.004757,0.213223,-3.044952,3.037282,,,,,,,,,
0,1536,30.720000,commanding,-0.018408,-0.174874,0.931126,-0.121184,0.084369,-1.004757,0.213223,-3.044952,3.037282,,,,,,,,,
0,1537,30.740000,commanding,-0.018408,-0.173340,0.931126,-0.121184,0.084369,-1.004757,0.213223,-3.044952,3.037282,,,,,,,,,
0,1538,30.760000,commanding,-0.018408,-0.174874,0.931126,-0.121184,0.084369,-1.004757,0.213223,-3.044952,3.037282,,,,,,,,,
0,1539,30.780000,commanding,-0.018408,-0.174874,0.931126,-0.121184,0.084369,-1.004757,0.213223,-3.044952,3.037282,,,,,,,,,
0,1540,30.800000,commanding,-0.018408,-0.174874,0.931126,-0.121184,0.084369,-1.004757,0.213223,-3.044952,3.037282,,,,,,,,,
0,1541,30.820000,commanding,-0.018408,-0.174874,0.931126,-0.121184,0.084369,-1.004757,0.213223,-3.044952,3.037282,,,,,,,,,
0,1542,30.840000,commanding,-0.018408,-0.174874,0.931126,-0.121184,0.084369,-1.004757,0.213223,-3.044952,3.037282,,,,,,,,,
0,1543,30.860000,commanding,-0.018408,-0.173340,0.931126,-0.121184,0.084369,-1.004757,0.213223,-3.044952,3.037282,,,,,,,,,
0,1544,30.880000,commanding,-0.018408,-0.174874,0.931126,-0.121184,0.082835,-1.004757,0.213223,-3.044952,3.037282,,,,,,,,,
0,1545,30.900000,commanding,-0.018408,-0.174874,0.929592,-0.121184,0.084369,-1.004757,0.213223,-3.044952,3.037282,,,,,,,,,
0,1546,30.920000,commanding,-0.018408,-0.174874,0.929592,-0.121184,0.084369,-1.004757,0.213223,-3.044952,3.037282,,,,,,,,,
0,1547,30.940000,commanding,-0.018408,-0.174874,0.931126,-0.121184,0.084369,-1.004757,0.213223,-3.044952,3.037282,,,,,,,,,
0,1548,30.960000,commanding,-0.018408,-0.174874,0.929592,-0.121184,0.084369,-1.004757,0.213223,-3.044952,3.037282,,,,,,,,,
0,1549,30.980000,commanding,-0.018408,-0.174874,0.931126,-0.121184,0.084369,-1.004757,0.213223,-3.044952,3.037282,,,,,,,,,
0,1550,31.000000,commanding,-0.018408,-0.174874,0.931126,-0.121184,0.084369,-1.004757,0.213223,-3.044952,3.037282,,,,,,,,,
0,1551,31.020000,commanding,-0.018408,-0.174874,0.931126,-0.121184,0.084369,-1.004757,0.213223,-3.044952,3.037282,,,,,,,,,
0,1552,31.040000,commanding,-0.018408,-0.174874,0.931126,-0.121184,0.084369,-1.004757,0.213223,-3.044952,3.037282,,,,,,,,,
0,1553,31.060000,commanding,-0.018408,-0.174874,0.931126,-0.121184,0.084369,-1.004757,0.213223,-3.044952,3.037282,,,,,,,,,
0,1554,31.080000,commanding,-0.018408,-0.174874,0.931126,-0.121184,0.084369,-1.004757,0.213223,-3.044952,3.037282,,,,,,,,,
0,1555,31.100000,commanding,-0.018408,-0.174874,0.931126,-0.121184,0.082835,-1.004757,0.213223,-3.044952,3.037282,,,,,,,,,
0,1556,31.120000,commanding,-0.018408,-0.173340,0.931126,-0.121184,0.084369,-1.004757,0.213223,-3.044952,3.037282,,,,,,,,,
0,1557,31.140000,commanding,-0.018408,-0.174874,0.931126,-0.121184,0.084369,-1.004757,0.213223,-3.044952,3.037282,,,,,,,,,
0,1558,31.160000,commanding,-0.018408,-0.173340,0.931126,-0.121184,0.084369,-1.004757,0.213223,-3.044952,3.037282,,,,,,,,,
0,1559,31.180000,commanding,-0.018408,-0.174874,0.929592,-0.121184,0.084369,-1.004757,0.213223,-3.044952,3.037282,,,,,,,,,
0,1560,31.200000,commanding,-0.018408,-0.174874,0.931126,-0.121184,0.084369,-1.004757,0.213223,-3.044952,3.037282,,,,,,,,,
0,1561,31.220000,commanding,-0.018408,-0.174874,0.931126,-0.121184,0.084369,-1.004757,0.213223,-3.044952,3.037282,,,,,,,,,
0,1562,31.240000,commanding,-0.018408,-0.174874,0.929592,-0.121184,0.084369,-1.004757,0.213223,-3.044952,3.037282,,,,,,,,,
0,1563,31.260000,commanding,-0.018408,-0.174874,0.931126,-0.121184,0.084369,-1.004757,0.213223,-3.044952,3.037282,,,,,,,,,
0,1564,31.280000,commanding,-0.018408,-0.174874,0.931126,-0.121184,0.084369,-1.004757,0.213223,-3.044952,3.037282,,,,,,,,,
0,1565,31.300000,commanding,-0.018408,-0.174874,0.931126,-0.121184,0.084369,-1.004757,0.213223,-3.044952,3.037282,,,,,,,,,
0,1566,31.320000,commanding,-0.018408,-0.174874,0.931126,-0.121184,0.084369,-1.004757,0.213223,-3.044952,3.037282,,,,,,,,,
0,1567,31.340000,commanding,-0.018408,-0.174874,0.931126,-0.121184,0.084369,-1.004757,0.213223,-3.044952,3.037282,,,,,,,,,
0,1568,31.360000,commanding,-0.018408,-0.173340,0.931126,-0.121184,0.084369,-1.004757,0.213223,-3.044952,3.037282,,,,,,,,,
0,1569,31.380000,commanding,-0.018408,-0.174874,0.931126,-0.121184,0.084369,-1.004757,0.213223,-3.044952,3.037282,,,,,,,,,
0,1570,31.400000,commanding,-0.018408,-0.174874,0.929592,-0.121184,0.084369,-1.004757,0.213223,-3.044952,3.037282,,,,,,,,,
0,1571,31.420000,commanding,-0.018408,-0.174874,0.931126,-0.121184,0.084369,-1.004757,0.213223,-3.044952,3.037282,,,,,,,,,
0,1572,31.440000,commanding,-0.018408,-0.174874,0.931126,-0.121184,0.084369,-1.004757,0.213223,-3.044952,3.037282,,,,,,,,,
0,1573,31.460000,commanding,-0.018408,-0.174874,0.931126,-0.121184,0.084369,-1.004757,0.213223,-3.044952,3.037282,,,,,,,,,
0,1574,31.480000,commanding,-0.018408,-0.174874,0.931126,-0.121184,0.084369,-1.004757,0.213223,-3.044952,3.037282,,,,,,,,,
0,1575,31.500000,commanding,-0.018408,-0.173340,0.931126,-0.121184,0.084369,-1.004757,0.213223,-3.044952,3.037282,,,,,,,,,
0,1576,31.520000,commanding,-0.018408,-0.174874,0.931126,-0.121184,0.084369,-1.004757,0.213223,-3.044952,3.037282,,,,,,,,,
0,1577,31.540000,commanding,-0.018408,-0.174874,0.931126,-0.121184,0.084369,-1.004757,0.213223,-3.044952,3.037282,,,,,,,,,
0,1578,31.560000,commanding,-0.018408,-0.173340,0.931126,-0.121184,0.084369,-1.004757,0.213223,-3.044952,3.037282,,,,,,,,,
0,1579,31.580000,commanding,-0.018408,-0.174874,0.931126,-0.121184,0.084369,-1.004757,0.213223,-3.044952,3.037282,,,,,,,,,
0,1580,31.600000,commanding,-0.018408,-0.174874,0.931126,-0.121184,0.084369,-1.004757,0.213223,-3.044952,3.037282,,,,,,,,,
0,1581,31.620000,commanding,-0.018408,-0.174874,0.931126,-0.121184,0.084369,-1.004757,0.213223,-3.044952,3.037282,,,,,,,,,
0,1582,31.640000,commanding,-0.018408,-0.174874,0.931126,-0.121184,0.084369,-1.004757,0.213223,-3.044952,3.037282,,,,,,,,,
0,1583,31.660000,commanding,-0.018408,-0.174874,0.931126,-0.121184,0.084369,-1.004757,0.213223,-3.044952,3.037282,,,,,,,,,
0,1584,31.680000,commanding,-0.018408,-0.173340,0.929592,-0.121184,0.084369,-1.004757,0.213223,-3.044952,3.037282,,,,,,,,,
0,1585,31.700000,commanding,-0.018408,-0.173340,0.931126,-0.121184,0.084369,-1.004757,0.213223,-3.044952,3.037282,,,,,,,,,
0,1586,31.720000,commanding,-0.018408,-0.174874,0.931126,-0.121184,0.084369,-1.004757,0.213223,-3.044952,3.037282,,,,,,,,,
0,1587,31.740000,commanding,-0.018408,-0.174874,0.931126,-0.121184,0.084369,-1.004757,0.213223,-3.044952,3.037282,,,,,,,,,
0,1588,31.760000,commanding,-0.018408,-0.173340,0.931126,-0.121184,0.084369,-1.004757,0.213223,-3.044952,3.037282,,,,,,,,,
0,1589,31.780000,commanding,-0.018408,-0.173340,0.931126,-0.121184,0.084369,-1.004757,0.213223,-3.044952,3.037282,,,,,,,,,
0,1590,31.800000,commanding,-0.018408,-0.173340,0.931126,-0.121184,0.084369,-1.004757,0.213223,-3.044952,3.037282,,,,,,,,,
0,1591,31.820000,commanding,-0.018408,-0.174874,0.929592,-0.121184,0.084369,-1.004757,0.213223,-3.044952,3.037282,,,,,,,,,
0,1592,31.840000,commanding,-0.018408,-0.173340,0.931126,-0.121184,0.084369,-1.004757,0.213223,-3.044952,3.037282,,,,,,,,,
0,1593,31.860000,commanding,-0.018408,-0.174874,0.931126,-0.121184,0.084369,-1.004757,0.213223,-3.044952,3.037282,,,,,,,,,
0,1594,31.880000,commanding,-0.018408,-0.174874,0.931126,-0.121184,0.084369,-1.004757,0.213223,-3.044952,3.037282,,,,,,,,,
0,1595,31.900000,commanding,-0.018408,-0.174874,0.931126,-0.121184,0.084369,-1.004757,0.213223,-3.044952,3.037282,,,,,,,,,
0,1596,31.920000,commanding,-0.018408,-0.174874,0.929592,-0.121184,0.084369,-1.004757,0.213223,-3.044952,3.037282,,,,,,,,,
0,1597,31.940000,commanding,-0.018408,-0.174874,0.931126,-0.121184,0.084369,-1.004757,0.213223,-3.044952,3.037282,,,,,,,,,
0,1598,31.960000,commanding,-0.018408,-0.174874,0.931126,-0.121184,0.084369,-1.004757,0.213223,-3.044952,3.037282,,,,,,,,,
0,1599,31.980000,commanding,-0.018408,-0.174874,0.931126,-0.121184,0.084369,-1.004757,0.213223,-3.044952,3.037282,,,,,,,,,
0,1600,32.000000,commanding,-0.018408,-0.174874,0.931126,-0.121184,0.084369,-1.004757,0.213223,-3.044952,3.037282,,,,,,,,,
0,1601,32.020000,commanding,-0.018408,-0.173340,0.931126,-0.121184,0.084369,-1.004757,0.213223,-3.044952,3.037282,,,,,,,,,
0,1602,32.040000,commanding,-0.018408,-0.174874,0.931126,-0.121184,0.084369,-1.004757,0.213223,-3.044952,3.037282,,,,,,,,,
0,1603,32.060000,commanding,-0.018408,-0.174874,0.931126,-0.121184,0.084369,-1.004757,0.213223,-3.044952,3.037282,,,,,,,,,
0,1604,32.080000,commanding,-0.018408,-0.174874,0.931126,-0.121184,0.084369,-1.004757,0.213223,-3.044952,3.037282,,,,,,,,,
0,1605,32.100000,commanding,-0.018408,-0.173340,0.929592,-0.121184,0.082835,-1.004757,0.213223,-3.044952,3.035748,,,,,,,,,
0,1606,32.120000,commanding,-0.018408,-0.173340,0.929592,-0.121184,0.084369,-1.004757,0.213223,-3.044952,3.037282,,,,,,,,,
0,1607,32.140000,commanding,-0.018408,-0.174874,0.931126,-0.121184,0.084369,-1.004757,0.213223,-3.044952,3.037282,,,,,,,,,
0,1608,32.160000,commanding,-0.018408,-0.173340,0.931126,-0.121184,0.084369,-1.004757,0.213223,-3.044952,3.037282,,,,,,,,,
0,1609,32.180000,commanding,-0.018408,-0.173340,0.931126,-0.121184,0.084369,-1.004757,0.213223,-3.046486,3.037282,,,,,,,,,
0,1610,32.200000,commanding,-0.018408,-0.173340,0.931126,-0.121184,0.084369,-1.004757,0.213223,-3.044952,3.037282,,,,,,,,,
0,1611,32.220000,commanding,-0.018408,-0.174874,0.931126,-0.121184,0.084369,-1.004757,0.213223,-3.044952,3.037282,,,,,,,,,
0,1612,32.240000,commanding,-0.018408,-0.174874,0.931126,-0.121184,0.084369,-1.004757,0.213223,-3.044952,3.037282,,,,,,,,,
0,1613,32.260000,commanding,-0.018408,-0.174874,0.931126,-0.121184,0.084369,-1.004757,0.213223,-3.044952,3.037282,,,,,,,,,
0,1614,32.280000,commanding,-0.018408,-0.174874,0.931126,-0.121184,0.084369,-1.004757,0.213223,-3.044952,3.037282,,,,,,,,,
0,1615,32.300000,commanding,-0.018408,-0.173340,0.931126,-0.121184,0.084369,-1.004757,0.213223,-3.044952,3.037282,,,,,,,,,
0,1616,32.320000,commanding,-0.018408,-0.173340,0.931126,-0.121184,0.084369,-1.004757,0.213223,-3.044952,3.037282,,,,,,,,,
0,1617,32.340000,commanding,-0.018408,-0.173340,0.931126,-0.121184,0.084369,-1.004757,0.213223,-3.044952,3.037282,,,,,,,,,
0,1618,32.360000,commanding,-0.018408,-0.173340,0.931126,-0.121184,0.084369,-1.004757,0.213223,-3.044952,3.037282,,,,,,,,,
0,1619,32.380000,commanding,-0.018408,-0.173340,0.931126,-0.121184,0.084369,-1.004757,0.213223,-3.044952,3.037282,,,,,,,,,
0,1620,32.400000,commanding,-0.018408,-0.174874,0.931126,-0.121184,0.084369,-1.004757,0.213223,-3.044952,3.037282,,,,,,,,,
0,1621,32.420000,commanding,-0.018408,-0.173340,0.931126,-0.121184,0.084369,-1.004757,0.213223,-3.044952,3.037282,,,,,,,,,
0,1622,32.440000,commanding,-0.018408,-0.173340,0.931126,-0.121184,0.084369,-1.004757,0.213223,-3.044952,3.037282,,,,,,,,,
0,1623,32.460000,commanding,-0.018408,-0.173340,0.931126,-0.121184,0.084369,-1.004757,0.213223,-3.044952,3.037282,,,,,,,,,
0,1624,32.480000,commanding,-0.018408,-0.174874,0.931126,-0.121184,0.084369,-1.004757,0.213223,-3.044952,3.037282,,,,,,,,,
0,1625,32.500000,commanding,-0.018408,-0.174874,0.931126,-0.121184,0.084369,-1.004757,0.213223,-3.044952,3.037282,,,,,,,,,
0,1626,32.520000,commanding,-0.018408,-0.174874,0.931126,-0.121184,0.084369,-1.004757,0.213223,-3.044952,3.037282,,,,,,,,,
0,1627,32.540000,commanding,-0.018408,-0.174874,0.931126,-0.121184,0.084369,-1.004757,0.213223,-3.044952,3.037282,,,,,,,,,
0,1628,32.560000,commanding,-0.018408,-0.174874,0.931126,-0.121184,0.084369,-1.004757,0.213223,-3.044952,3.037282,,,,,,,,,
0,1629,32.580000,commanding,-0.018408,-0.174874,0.931126,-0.121184,0.084369,-1.004757,0.213223,-3.044952,3.037282,,,,,,,,,
0,1630,32.600000,commanding,-0.018408,-0.173340,0.931126,-0.121184,0.084369,-1.004757,0.213223,-3.044952,3.037282,,,,,,,,,
0,1631,32.620000,commanding,-0.018408,-0.174874,0.931126,-0.121184,0.084369,-1.004757,0.213223,-3.044952,3.037282,,,,,,,,,
0,1632,32.640000,commanding,-0.018408,-0.174874,0.931126,-0.121184,0.082835,-1.004757,0.213223,-3.044952,3.037282,,,,,,,,,
0,1633,32.660000,commanding,-0.018408,-0.173340,0.931126,-0.121184,0.084369,-1.004757,0.213223,-3.044952,3.037282,,,,,,,,,
0,1634,32.680000,commanding,-0.018408,-0.173340,0.931126,-0.121184,0.084369,-1.004757,0.213223,-3.044952,3.037282,,,,,,,,,
0,1635,32.700000,commanding,-0.018408,-0.173340,0.931126,-0.121184,0.084369,-1.004757,0.213223,-3.044952,3.037282,,,,,,,,,
0,1636,32.720000,commanding,-0.018408,-0.173340,0.931126,-0.121184,0.084369,-1.004757,0.213223,-3.044952,3.037282,,,,,,,,,
0,1637,32.740000,commanding,-0.018408,-0.174874,0.931126,-0.121184,0.084369,-1.004757,0.213223,-3.044952,3.037282,,,,,,,,,
0,1638,32.760000,commanding,-0.018408,-0.173340,0.931126,-0.121184,0.084369,-1.004757,0.213223,-3.044952,3.037282,,,,,,,,,
0,1639,32.780000,commanding,-0.018408,-0.174874,0.931126,-0.121184,0.084369,-1.004757,0.213223,-3.044952,3.037282,,,,,,,,,
0,1640,32.800000,commanding,-0.018408,-0.173340,0.931126,-0.121184,0.084369,-1.004757,0.213223,-3.044952,3.037282,,,,,,,,,
0,1641,32.820000,commanding,-0.018408,-0.174874,0.931126,-0.121184,0.084369,-1.004757,0.213223,-3.044952,3.037282,,,,,,,,,
0,1642,32.840000,commanding,-0.018408,-0.173340,0.931126,-0.121184,0.084369,-1.004757,0.213223,-3.044952,3.037282,,,,,,,,,
0,1643,32.860000,commanding,-0.018408,-0.173340,0.931126,-0.121184,0.084369,-1.004757,0.213223,-3.044952,3.037282,,,,,,,,,
0,1644,32.880000,commanding,-0.018408,-0.174874,0.931126,-0.121184,0.084369,-1.004757,0.213223,-3.044952,3.037282,,,,,,,,,
0,1645,32.900000,commanding,-0.018408,-0.173340,0.929592,-0.122718,0.084369,-1.004757,0.213223,-3.044952,3.037282,,,,,,,,,
0,1646,32.920000,commanding,-0.018408,-0.173340,0.931126,-0.121184,0.084369,-1.004757,0.213223,-3.044952,3.037282,,,,,,,,,
0,1647,32.940000,commanding,-0.018408,-0.173340,0.931126,-0.121184,0.084369,-1.004757,0.213223,-3.044952,3.037282,,,,,,,,,
0,1648,32.960000,commanding,-0.018408,-0.173340,0.929592,-0.121184,0.084369,-1.004757,0.213223,-3.044952,3.037282,,,,,,,,,
0,1649,32.980000,commanding,-0.018408,-0.173340,0.931126,-0.121184,0.084369,-1.004757,0.213223,-3.044952,3.037282,,,,,,,,,
0,1650,33.000000,commanding,-0.018408,-0.173340,0.931126,-0.121184,0.084369,-1.004757,0.213223,-3.044952,3.037282,,,,,,,,,
0,1651,33.020000,commanding,-0.018408,-0.174874,0.931126,-0.121184,0.084369,-1.004757,0.213223,-3.044952,3.037282,,,,,,,,,
0,1652,33.040000,commanding,-0.018408,-0.173340,0.931126,-0.121184,0.084369,-1.004757,0.213223,-3.044952,3.037282,,,,,,,,,
0,1653,33.060000,commanding,-0.018408,-0.173340,0.931126,-0.121184,0.084369,-1.004757,0.213223,-3.044952,3.037282,,,,,,,,,
0,1654,33.080000,commanding,-0.018408,-0.173340,0.931126,-0.121184,0.084369,-1.004757,0.213223,-3.044952,3.037282,,,,,,,,,
0,1655,33.100000,commanding,-0.018408,-0.174874,0.931126,-0.121184,0.084369,-1.004757,0.213223,-3.044952,3.037282,,,,,,,,,
0,1656,33.120000,commanding,-0.018408,-0.173340,0.931126,-0.121184,0.084369,-1.004757,0.213223,-3.044952,3.037282,,,,,,,,,
0,1657,33.140000,commanding,-0.018408,-0.173340,0.931126,-0.121184,0.082835,-1.004757,0.213223,-3.044952,3.037282,,,,,,,,,
0,1658,33.160000,commanding,-0.018408,-0.174874,0.931126,-0.121184,0.084369,-1.004757,0.213223,-3.044952,3.037282,,,,,,,,,
0,1659,33.180000,commanding,-0.018408,-0.174874,0.931126,-0.121184,0.084369,-1.004757,0.213223,-3.044952,3.037282,,,,,,,,,
0,1660,33.200000,commanding,-0.018408,-0.174874,0.931126,-0.121184,0.084369,-1.004757,0.213223,-3.044952,3.037282,,,,,,,,,
0,1661,33.220000,commanding,-0.018408,-0.173340,0.931126,-0.121184,0.084369,-1.004757,0.213223,-3.044952,3.037282,,,,,,,,,
0,1662,33.240000,commanding,-0.018408,-0.174874,0.931126,-0.121184,0.084369,-1.004757,0.213223,-3.044952,3.037282,,,,,,,,,
0,1663,33.260000,commanding,-0.018408,-0.173340,0.931126,-0.121184,0.084369,-1.004757,0.213223,-3.044952,3.037282,,,,,,,,,
0,1664,33.280000,commanding,-0.018408,-0.174874,0.931126,-0.121184,0.084369,-1.004757,0.213223,-3.044952,3.037282,,,,,,,,,
0,1665,33.300000,commanding,-0.018408,-0.174874,0.931126,-0.121184,0.082835,-1.004757,0.213223,-3.044952,3.037282,,,,,,,,,
0,1666,33.320000,commanding,-0.018408,-0.174874,0.931126,-0.121184,0.084369,-1.004757,0.213223,-3.044952,3.037282,,,,,,,,,
0,1667,33.340000,commanding,-0.018408,-0.174874,0.931126,-0.121184,0.084369,-1.004757,0.213223,-3.044952,3.037282,,,,,,,,,
0,1668,33.360000,commanding,-0.018408,-0.174874,0.931126,-0.121184,0.084369,-1.004757,0.213223,-3.044952,3.037282,,,,,,,,,
0,1669,33.380000,commanding,-0.018408,-0.174874,0.929592,-0.121184,0.084369,-1.004757,0.213223,-3.044952,3.037282,,,,,,,,,
0,1670,33.400000,commanding,-0.018408,-0.174874,0.931126,-0.121184,0.084369,-1.004757,0.213223,-3.044952,3.037282,,,,,,,,,
0,1671,33.420000,commanding,-0.018408,-0.174874,0.929592,-0.121184,0.084369,-1.004757,0.213223,-3.044952,3.037282,,,,,,,,,
0,1672,33.440000,commanding,-0.018408,-0.173340,0.931126,-0.121184,0.084369,-1.004757,0.213223,-3.044952,3.037282,,,,,,,,,
0,1673,33.460000,commanding,-0.018408,-0.173340,0.929592,-0.121184,0.082835,-1.004757,0.213223,-3.044952,3.037282,,,,,,,,,
0,1674,33.480000,commanding,-0.018408,-0.173340,0.931126,-0.121184,0.084369,-1.004757,0.213223,-3.044952,3.037282,,,,,,,,,
0,1675,33.500000,commanding,-0.018408,-0.174874,0.931126,-0.121184,0.082835,-1.004757,0.213223,-3.044952,3.037282,,,,,,,,,
0,1676,33.520000,commanding,-0.018408,-0.174874,0.931126,-0.121184,0.084369,-1.004757,0.213223,-3.044952,3.037282,,,,,,,,,
0,1677,33.540000,commanding,-0.018408,-0.174874,0.929592,-0.121184,0.084369,-1.004757,0.213223,-3.044952,3.037282,,,,,,,,,
0,1678,33.560000,commanding,-0.018408,-0.173340,0.931126,-0.121184,0.084369,-1.004757,0.213223,-3.044952,3.037282,,,,,,,,,
0,1679,33.580000,commanding,-0.018408,-0.174874,0.931126,-0.121184,0.084369,-1.004757,0.213223,-3.044952,3.037282,,,,,,,,,
0,1680,33.600000,commanding,-0.018408,-0.173340,0.931126,-0.121184,0.084369,-1.004757,0.213223,-3.044952,3.037282,,,,,,,,,
0,1681,33.620000,commanding,-0.018408,-0.173340,0.931126,-0.121184,0.084369,-1.004757,0.213223,-3.044952,3.037282,,,,,,,,,
0,1682,33.640000,commanding,-0.018408,-0.173340,0.931126,-0.121184,0.084369,-1.004757,0.213223,-3.044952,3.037282,,,,,,,,,
0,1683,33.660000,commanding,-0.018408,-0.174874,0.929592,-0.121184,0.084369,-1.004757,0.213223,-3.044952,3.037282,,,,,,,,,
0,1684,33.680000,commanding,-0.018408,-0.173340,0.931126,-0.121184,0.084369,-1.004757,0.213223,-3.044952,3.037282,,,,,,,,,
0,1685,33.700000,commanding,-0.018408,-0.174874,0.931126,-0.121184,0.084369,-1.004757,0.213223,-3.044952,3.037282,,,,,,,,,
0,1686,33.720000,commanding,-0.018408,-0.173340,0.931126,-0.121184,0.084369,-1.004757,0.213223,-3.044952,3.037282,,,,,,,,,
0,1687,33.740000,commanding,-0.018408,-0.174874,0.931126,-0.121184,0.084369,-1.004757,0.213223,-3.044952,3.037282,,,,,,,,,
0,1688,33.760000,commanding,-0.018408,-0.174874,0.931126,-0.121184,0.084369,-1.004757,0.213223,-3.044952,3.037282,,,,,,,,,
0,1689,33.780000,commanding,-0.018408,-0.174874,0.931126,-0.121184,0.084369,-1.004757,0.213223,-3.044952,3.037282,,,,,,,,,
0,1690,33.800000,commanding,-0.018408,-0.174874,0.931126,-0.121184,0.084369,-1.004757,0.213223,-3.044952,3.037282,,,,,,,,,
0,1691,33.820000,commanding,-0.018408,-0.174874,0.931126,-0.121184,0.084369,-1.004757,0.213223,-3.044952,3.037282,,,,,,,,,
0,1692,33.840000,commanding,-0.018408,-0.174874,0.931126,-0.121184,0.084369,-1.004757,0.213223,-3.044952,3.037282,,,,,,,,,
0,1693,33.860000,commanding,-0.018408,-0.173340,0.931126,-0.121184,0.084369,-1.004757,0.213223,-3.044952,3.037282,,,,,,,,,
0,1694,33.880000,commanding,-0.018408,-0.173340,0.931126,-0.121184,0.084369,-1.004757,0.213223,-3.044952,3.037282,,,,,,,,,
0,1695,33.900000,commanding,-0.018408,-0.174874,0.931126,-0.121184,0.084369,-1.004757,0.213223,-3.044952,3.037282,,,,,,,,,
0,1696,33.920000,commanding,-0.018408,-0.174874,0.931126,-0.121184,0.084369,-1.004757,0.213223,-3.044952,3.037282,,,,,,,,,
0,1697,33.940000,commanding,-0.018408,-0.173340,0.931126,-0.121184,0.084369,-1.004757,0.213223,-3.044952,3.037282,,,,,,,,,
0,1698,33.960000,commanding,-0.018408,-0.173340,0.931126,-0.121184,0.084369,-1.004757,0.213223,-3.044952,3.037282,,,,,,,,,
0,1699,33.980000,commanding,-0.018408,-0.173340,0.931126,-0.121184,0.084369,-1.004757,0.213223,-3.044952,3.037282,,,,,,,,,
0,1700,34.000000,commanding,-0.018408,-0.174874,0.931126,-0.121184,0.084369,-1.004757,0.213223,-3.044952,3.037282,,,,,,,,,
0,1701,34.020000,commanding,-0.018408,-0.173340,0.931126,-0.121184,0.084369,-1.004757,0.213223,-3.044952,3.037282,,,,,,,,,
0,1702,34.040000,commanding,-0.018408,-0.173340,0.931126,-0.121184,0.084369,-1.004757,0.213223,-3.044952,3.037282,,,,,,,,,
0,1703,34.060000,commanding,-0.018408,-0.174874,0.931126,-0.121184,0.084369,-1.004757,0.213223,-3.044952,3.037282,,,,,,,,,
0,1704,34.080000,commanding,-0.018408,-0.174874,0.931126,-0.121184,0.084369,-1.004757,0.213223,-3.044952,3.037282,,,,,,,,,
0,1705,34.100000,commanding,-0.018408,-0.173340,0.931126,-0.121184,0.084369,-1.004757,0.213223,-3.044952,3.037282,,,,,,,,,
0,1706,34.120000,commanding,-0.018408,-0.174874,0.931126,-0.121184,0.084369,-1.004757,0.213223,-3.044952,3.037282,,,,,,,,,
0,1707,34.140000,commanding,-0.018408,-0.174874,0.931126,-0.121184,0.084369,-1.004757,0.213223,-3.044952,3.037282,,,,,,,,,
0,1708,34.160000,commanding,-0.018408,-0.173340,0.931126,-0.121184,0.084369,-1.004757,0.213223,-3.044952,3.037282,,,,,,,,,
0,1709,34.180000,commanding,-0.018408,-0.174874,0.931126,-0.121184,0.084369,-1.004757,0.213223,-3.044952,3.037282,,,,,,,,,
0,1710,34.200000,commanding,-0.018408,-0.173340,0.931126,-0.121184,0.082835,-1.004757,0.213223,-3.044952,3.037282,,,,,,,,,
0,1711,34.220000,commanding,-0.018408,-0.174874,0.931126,-0.121184,0.084369,-1.004757,0.213223,-3.044952,3.037282,,,,,,,,,
0,1712,34.240000,commanding,-0.018408,-0.173340,0.931126,-0.121184,0.084369,-1.004757,0.213223,-3.044952,3.037282,,,,,,,,,
0,1713,34.260000,commanding,-0.018408,-0.174874,0.931126,-0.121184,0.084369,-1.004757,0.213223,-3.044952,3.037282,,,,,,,,,
0,1714,34.280000,commanding,-0.018408,-0.174874,0.931126,-0.121184,0.084369,-1.004757,0.213223,-3.044952,3.037282,,,,,,,,,
0,1715,34.300000,commanding,-0.018408,-0.173340,0.931126,-0.121184,0.084369,-1.004757,0.213223,-3.044952,3.037282,,,,,,,,,
0,1716,34.320000,commanding,-0.018408,-0.174874,0.931126,-0.121184,0.082835,-1.004757,0.213223,-3.044952,3.037282,,,,,,,,,
0,1717,34.340000,commanding,-0.018408,-0.173340,0.931126,-0.121184,0.084369,-1.004757,0.213223,-3.044952,3.037282,,,,,,,,,
0,1718,34.360000,commanding,-0.018408,-0.173340,0.931126,-0.121184,0.082835,-1.004757,0.213223,-3.044952,3.037282,,,,,,,,,
0,1719,34.380000,commanding,-0.018408,-0.173340,0.931126,-0.121184,0.084369,-1.004757,0.213223,-3.044952,3.037282,,,,,,,,,
0,1720,34.400000,commanding,-0.018408,-0.174874,0.931126,-0.121184,0.084369,-1.004757,0.213223,-3.044952,3.037282,,,,,,,,,
0,1721,34.420000,commanding,-0.018408,-0.174874,0.931126,-0.121184,0.084369,-1.004757,0.213223,-3.044952,3.037282,,,,,,,,,
0,1722,34.440000,commanding,-0.018408,-0.174874,0.931126,-0.121184,0.084369,-1.004757,0.213223,-3.044952,3.037282,,,,,,,,,
0,1723,34.460000,commanding,-0.018408,-0.174874,0.931126,-0.121184,0.084369,-1.004757,0.213223,-3.044952,3.037282,,,,,,,,,
0,1724,34.480000,commanding,-0.018408,-0.174874,0.931126,-0.121184,0.084369,-1.004757,0.213223,-3.044952,3.037282,,,,,,,,,
0,1725,34.500000,commanding,-0.018408,-0.174874,0.931126,-0.121184,0.084369,-1.004757,0.213223,-3.044952,3.037282,,,,,,,,,
0,1726,34.520000,commanding,-0.018408,-0.174874,0.931126,-0.121184,0.084369,-1.004757,0.213223,-3.044952,3.037282,,,,,,,,,
0,1727,34.540000,commanding,-0.018408,-0.174874,0.931126,-0.121184,0.084369,-1.004757,0.213223,-3.044952,3.037282,,,,,,,,,
0,1728,34.560000,commanding,-0.018408,-0.174874,0.931126,-0.121184,0.082835,-1.004757,0.213223,-3.044952,3.037282,,,,,,,,,
0,1729,34.580000,commanding,-0.018408,-0.174874,0.929592,-0.121184,0.084369,-1.004757,0.213223,-3.044952,3.037282,,,,,,,,,
0,1730,34.600000,commanding,-0.018408,-0.173340,0.931126,-0.121184,0.084369,-1.004757,0.213223,-3.044952,3.037282,,,,,,,,,
0,1731,34.620000,commanding,-0.018408,-0.174874,0.931126,-0.121184,0.084369,-1.004757,0.213223,-3.044952,3.037282,,,,,,,,,
0,1732,34.640000,commanding,-0.018408,-0.174874,0.931126,-0.121184,0.084369,-1.004757,0.213223,-3.044952,3.037282,,,,,,,,,
0,1733,34.660000,commanding,-0.018408,-0.173340,0.931126,-0.121184,0.084369,-1.004757,0.213223,-3.044952,3.037282,,,,,,,,,
0,1734,34.680000,commanding,-0.018408,-0.173340,0.931126,-0.121184,0.082835,-1.004757,0.213223,-3.044952,3.037282,,,,,,,,,
0,1735,34.700000,commanding,-0.018408,-0.174874,0.931126,-0.121184,0.084369,-1.004757,0.213223,-3.044952,3.037282,,,,,,,,,
0,1736,34.720000,commanding,-0.018408,-0.173340,0.931126,-0.121184,0.084369,-1.004757,0.213223,-3.044952,3.037282,,,,,,,,,
0,1737,34.740000,commanding,-0.018408,-0.174874,0.931126,-0.121184,0.084369,-1.004757,0.213223,-3.044952,3.037282,,,,,,,,,
0,1738,34.760000,commanding,-0.018408,-0.173340,0.931126,-0.121184,0.084369,-1.004757,0.213223,-3.044952,3.037282,,,,,,,,,
0,1739,34.780000,commanding,-0.018408,-0.174874,0.931126,-0.121184,0.084369,-1.004757,0.213223,-3.044952,3.037282,,,,,,,,,
0,1740,34.800000,commanding,-0.018408,-0.174874,0.931126,-0.121184,0.084369,-1.004757,0.213223,-3.044952,3.037282,,,,,,,,,
0,1741,34.820000,commanding,-0.018408,-0.174874,0.931126,-0.121184,0.084369,-1.004757,0.213223,-3.044952,3.037282,,,,,,,,,
0,1742,34.840000,commanding,-0.018408,-0.173340,0.931126,-0.121184,0.084369,-1.004757,0.213223,-3.044952,3.037282,,,,,,,,,
0,1743,34.860000,commanding,-0.018408,-0.173340,0.931126,-0.121184,0.084369,-1.004757,0.213223,-3.044952,3.037282,,,,,,,,,
0,1744,34.880000,commanding,-0.018408,-0.173340,0.931126,-0.121184,0.084369,-1.004757,0.213223,-3.044952,3.037282,,,,,,,,,
0,1745,34.900000,commanding,-0.018408,-0.174874,0.931126,-0.121184,0.084369,-1.004757,0.213223,-3.044952,3.037282,,,,,,,,,
0,1746,34.920000,commanding,-0.018408,-0.173340,0.931126,-0.121184,0.084369,-1.004757,0.213223,-3.044952,3.037282,,,,,,,,,
0,1747,34.940000,commanding,-0.018408,-0.174874,0.931126,-0.121184,0.084369,-1.004757,0.213223,-3.044952,3.037282,,,,,,,,,
0,1748,34.960000,commanding,-0.018408,-0.174874,0.931126,-0.121184,0.082835,-1.004757,0.213223,-3.044952,3.037282,,,,,,,,,
0,1749,34.980000,commanding,-0.018408,-0.174874,0.931126,-0.121184,0.084369,-1.004757,0.213223,-3.044952,3.037282,,,,,,,,,
0,1750,35.000000,commanding,-0.018408,-0.174874,0.931126,-0.121184,0.084369,-1.004757,0.213223,-3.044952,3.037282,,,,,,,,,
0,1751,35.020000,commanding,-0.018408,-0.173340,0.931126,-0.121184,0.084369,-1.004757,0.213223,-3.044952,3.037282,,,,,,,,,
0,1752,35.040000,commanding,-0.018408,-0.173340,0.929592,-0.121184,0.084369,-1.004757,0.213223,-3.044952,3.037282,,,,,,,,,
0,1753,35.060000,commanding,-0.018408,-0.174874,0.931126,-0.121184,0.084369,-1.004757,0.213223,-3.044952,3.037282,,,,,,,,,
0,1754,35.080000,commanding,-0.018408,-0.173340,0.931126,-0.121184,0.084369,-1.004757,0.213223,-3.044952,3.037282,,,,,,,,,
0,1755,35.100000,commanding,-0.018408,-0.174874,0.931126,-0.121184,0.084369,-1.004757,0.213223,-3.044952,3.037282,,,,,,,,,
0,1756,35.120000,commanding,-0.018408,-0.174874,0.931126,-0.121184,0.084369,-1.004757,0.213223,-3.044952,3.037282,,,,,,,,,
0,1757,35.140000,commanding,-0.018408,-0.174874,0.929592,-0.121184,0.084369,-1.004757,0.213223,-3.044952,3.037282,,,,,,,,,
0,1758,35.160000,commanding,-0.018408,-0.173340,0.931126,-0.121184,0.084369,-1.004757,0.213223,-3.044952,3.037282,,,,,,,,,
0,1759,35.180000,commanding,-0.018408,-0.174874,0.931126,-0.121184,0.084369,-1.004757,0.213223,-3.044952,3.037282,,,,,,,,,
0,1760,35.200000,commanding,-0.018408,-0.173340,0.931126,-0.121184,0.084369,-1.004757,0.213223,-3.044952,3.037282,,,,,,,,,
0,1761,35.220000,commanding,-0.018408,-0.173340,0.931126,-0.121184,0.084369,-1.004757,0.213223,-3.044952,3.037282,,,,,,,,,
0,1762,35.240000,commanding,-0.018408,-0.173340,0.931126,-0.121184,0.084369,-1.004757,0.213223,-3.044952,3.037282,,,,,,,,,
0,1763,35.260000,commanding,-0.018408,-0.173340,0.931126,-0.121184,0.084369,-1.004757,0.213223,-3.044952,3.037282,,,,,,,,,
0,1764,35.280000,commanding,-0.018408,-0.173340,0.929592,-0.121184,0.084369,-1.004757,0.213223,-3.044952,3.037282,,,,,,,,,
0,1765,35.300000,commanding,-0.018408,-0.174874,0.931126,-0.121184,0.084369,-1.004757,0.213223,-3.044952,3.037282,,,,,,,,,
0,1766,35.320000,commanding,-0.018408,-0.174874,0.931126,-0.121184,0.084369,-1.004757,0.213223,-3.044952,3.037282,,,,,,,,,
0,1767,35.340000,commanding,-0.018408,-0.174874,0.931126,-0.121184,0.084369,-1.004757,0.213223,-3.044952,3.037282,,,,,,,,,
0,1768,35.360000,commanding,-0.018408,-0.173340,0.931126,-0.121184,0.084369,-1.004757,0.213223,-3.044952,3.037282,,,,,,,,,
0,1769,35.380000,commanding,-0.018408,-0.174874,0.931126,-0.121184,0.084369,-1.004757,0.213223,-3.044952,3.037282,,,,,,,,,
0,1770,35.400000,commanding,-0.018408,-0.174874,0.931126,-0.121184,0.084369,-1.004757,0.213223,-3.044952,3.037282,,,,,,,,,
0,1771,35.420000,commanding,-0.018408,-0.174874,0.931126,-0.121184,0.084369,-1.004757,0.213223,-3.044952,3.037282,,,,,,,,,
0,1772,35.440000,commanding,-0.018408,-0.174874,0.931126,-0.121184,0.084369,-1.004757,0.213223,-3.044952,3.037282,,,,,,,,,
0,1773,35.460000,commanding,-0.018408,-0.174874,0.931126,-0.121184,0.084369,-1.004757,0.213223,-3.044952,3.037282,,,,,,,,,
0,1774,35.480000,commanding,-0.018408,-0.173340,0.931126,-0.121184,0.084369,-1.004757,0.213223,-3.044952,3.037282,,,,,,,,,
0,1775,35.500000,commanding,-0.018408,-0.174874,0.931126,-0.121184,0.084369,-1.004757,0.213223,-3.044952,3.037282,,,,,,,,,
0,1776,35.520000,commanding,-0.018408,-0.174874,0.931126,-0.121184,0.084369,-1.004757,0.213223,-3.044952,3.037282,,,,,,,,,
0,1777,35.540000,commanding,-0.018408,-0.173340,0.931126,-0.121184,0.084369,-1.004757,0.213223,-3.044952,3.037282,,,,,,,,,
0,1778,35.560000,commanding,-0.018408,-0.174874,0.931126,-0.121184,0.084369,-1.004757,0.213223,-3.044952,3.037282,,,,,,,,,
0,1779,35.580000,commanding,-0.018408,-0.174874,0.931126,-0.121184,0.082835,-1.004757,0.213223,-3.044952,3.037282,,,,,,,,,
0,1780,35.600000,commanding,-0.018408,-0.174874,0.931126,-0.121184,0.084369,-1.004757,0.213223,-3.044952,3.037282,,,,,,,,,
0,1781,35.620000,commanding,-0.018408,-0.174874,0.931126,-0.121184,0.084369,-1.004757,0.213223,-3.044952,3.037282,,,,,,,,,
0,1782,35.640000,commanding,-0.018408,-0.173340,0.931126,-0.121184,0.084369,-1.004757,0.213223,-3.044952,3.037282,,,,,,,,,
