run,tick,t_s,phase,body_yaw_present_rad,leg1_present_rad,leg2_present_rad,leg3_present_rad,leg4_present_rad,leg5_present_rad,leg6_present_rad,antenna_right_present_rad,antenna_left_present_rad,body_yaw_goal_rad,leg1_goal_rad,leg2_goal_rad,leg3_goal_rad,leg4_goal_rad,leg5_goal_rad,leg6_goal_rad,antenna_right_goal_rad,antenna_left_goal_rad
0,0,0.000000,commanding,-0.012272,0.627398,-0.636602,0.615126,-0.619728,0.625864,-0.630466,-6.459593,6.458059,0.000000,0.626547,-0.626543,0.626540,-0.626536,0.626537,-0.626539,-6.457685,6.457685
0,1,0.020000,commanding,-0.012272,0.627398,-0.636602,0.615126,-0.619728,0.625864,-0.630466,-6.459593,6.458059,0.000000,0.626547,-0.626543,0.626540,-0.626536,0.626537,-0.626539,-6.457685,6.457685
0,2,0.040000,commanding,-0.012272,0.627398,-0.636602,0.615126,-0.619728,0.625864,-0.630466,-6.459593,6.458059,0.000000,0.626547,-0.626543,0.626540,-0.626536,0.626537,-0.626539,-7.611874,7.611874
0,3,0.060000,commanding,-0.012272,0.627398,-0.636602,0.615126,-0.619728,0.625864,-0.630466,-6.461127,6.459593,0.000000,0.626547,-0.626543,0.626540,-0.626536,0.626537,-0.626539,-7.853982,7.853982
0,4,0.080000,commanding,-0.010738,0.627398,-0.636602,0.615126,-0.619728,0.625864,-0.630466,-6.471865,6.467263,0.000000,0.626547,-0.626543,0.626540,-0.626536,0.626537,-0.626539,-7.853982,7.853982
0,5,0.100000,commanding,-0.012272,0.627398,-0.636602,0.615126,-0.619728,0.625864,-0.630466,-6.513282,6.508680,0.000000,0.626547,-0.626543,0.626540,-0.626536,0.626537,-0.626539,-7.853982,7.853982
0,6,0.120000,commanding,-0.012272,0.627398,-0.636602,0.615126,-0.618194,0.625864,-0.630466,-6.612991,6.612991,0.000000,0.626547,-0.626543,0.626540,-0.626536,0.626537,-0.626539,-7.853982,7.853982
0,7,0.140000,commanding,-0.012272,0.627398,-0.636602,0.615126,-0.618194,0.625864,-0.630466,-6.797069,6.797069,0.000000,0.626547,-0.626543,0.626540,-0.626536,0.626537,-0.626539,-7.853982,7.853982
0,8,0.160000,commanding,-0.012272,0.627398,-0.636602,0.615126,-0.619728,0.625864,-0.630466,-7.056312,7.059380,0.000000,0.626547,-0.626543,0.626540,-0.626536,0.626537,-0.626539,-7.853982,7.853982
0,9,0.180000,commanding,-0.010738,0.627398,-0.636602,0.616660,-0.619728,0.625864,-0.630466,-7.378448,7.386117,0.000000,0.626547,-0.626543,0.626540,-0.626536,0.626537,-0.626539,-7.853982,7.853982
0,10,0.200000,commanding,-0.012272,0.625864,-0.636602,0.618194,-0.619728,0.625864,-0.628932,-7.706719,7.720525,0.000000,0.626547,-0.626543,0.626540,-0.626536,0.626537,-0.626539,-7.853982,7.853982
0,11,0.220000,commanding,-0.010738,0.625864,-0.636602,0.619728,-0.619728,0.625864,-0.628932,-7.926079,7.941419,0.000000,0.626547,-0.626543,0.626540,-0.626536,0.626537,-0.626539,-7.853982,7.853982
0,12,0.240000,commanding,-0.012272,0.625864,-0.636602,0.621262,-0.618194,0.625864,-0.630466,-8.030389,8.045729,0.000000,0.626547,-0.626543,0.626540,-0.626536,0.626537,-0.626539,-7.853982,7.853982
0,13,0.260000,commanding,-0.012272,0.627398,-0.636602,0.621262,-0.618194,0.625864,-0.630466,-8.024254,8.038059,0.000000,0.626547,-0.626543,0.626540,-0.626536,0.626537,-0.626539,-7.853982,7.853982
0,14,0.280000,commanding,-0.012272,0.627398,-0.636602,0.622796,-0.618194,0.625864,-0.630466,-7.965962,7.979768,0.000000,0.626547,-0.626543,0.626540,-0.626536,0.626537,-0.626539,-7.853982,7.853982
0,15,0.300000,commanding,-0.012272,0.627398,-0.636602,0.622796,-0.619728,0.625864,-0.630466,-7.907671,7.915341,0.000000,0.626547,-0.626543,0.626540,-0.626536,0.626537,-0.626539,-7.853982,7.853982
0,16,0.320000,commanding,-0.012272,0.625864,-0.636602,0.622796,-0.619728,0.625864,-0.630466,-7.858584,7.858584,0.000000,0.626547,-0.626543,0.626540,-0.626536,0.626537,-0.626539,-7.853982,7.853982
0,17,0.340000,commanding,-0.010738,0.625864,-0.636602,0.622796,-0.619728,0.625864,-0.630466,-7.847846,7.841710,0.000000,0.626547,-0.626543,0.626540,-0.626536,0.626537,-0.626539,-7.853982,7.853982
0,18,0.360000,commanding,-0.012272,0.625864,-0.636602,0.622796,-0.619728,0.625864,-0.630466,-7.857050,7.852448,0.000000,0.626547,-0.626543,0.626540,-0.626536,0.626537,-0.626539,-7.853982,7.853982
0,19,0.380000,commanding,-0.010738,0.627398,-0.636602,0.622796,-0.619728,0.625864,-0.630466,-7.858584,7.864719,0.000000,0.626547,-0.626543,0.626540,-0.626536,0.626537,-0.626539,-7.853982,7.853982
0,20,0.400000,commanding,-0.012272,0.627398,-0.636602,0.622796,-0.619728,0.625864,-0.630466,-7.857050,7.864719,0.000000,0.626547,-0.626543,0.626540,-0.626536,0.626537,-0.626539,-7.853982,7.853982
0,21,0.420000,commanding,-0.012272,0.625864,-0.636602,0.622796,-0.619728,0.625864,-0.630466,-7.857050,7.863186,0.000000,0.626547,-0.626543,0.626540,-0.626536,0.626537,-0.626539,-7.853982,7.853982
0,22,0.440000,commanding,-0.012272,0.625864,-0.636602,0.622796,-0.619728,0.625864,-0.630466,-7.857050,7.863186,0.000000,0.626547,-0.626543,0.626540,-0.626536,0.626537,-0.626539,-7.853982,7.853982
0,23,0.460000,commanding,-0.012272,0.625864,-0.636602,0.622796,-0.619728,0.625864,-0.630466,-7.855516,7.863186,0.000000,0.626547,-0.626543,0.626540,-0.626536,0.626537,-0.626539,-7.853982,7.853982
0,24,0.480000,commanding,-0.010738,0.625864,-0.636602,0.622796,-0.619728,0.625864,-0.630466,-7.857050,7.863186,0.000000,0.626547,-0.626543,0.626540,-0.626536,0.626537,-0.626539,-7.853982,7.853982
0,25,0.500000,commanding,-0.012272,0.625864,-0.636602,0.622796,-0.619728,0.625864,-0.630466,-7.855516,7.863186,0.000000,0.626547,-0.626543,0.626540,-0.626536,0.626537,-0.626539,-7.853982,7.853982
0,26,0.520000,commanding,-0.012272,0.627398,-0.636602,0.622796,-0.619728,0.625864,-0.630466,-7.857050,7.863186,0.000000,0.626547,-0.626543,0.626540,-0.626536,0.626537,-0.626539,-7.853982,7.853982
0,27,0.540000,commanding,-0.012272,0.625864,-0.636602,0.622796,-0.619728,0.625864,-0.630466,-7.857050,7.863186,0.000000,0.626547,-0.626543,0.626540,-0.626536,0.626537,-0.626539,-7.853982,7.853982
0,28,0.560000,commanding,-0.012272,0.625864,-0.636602,0.622796,-0.619728,0.625864,-0.630466,-7.855516,7.863186,0.000000,0.626547,-0.626543,0.626540,-0.626536,0.626537,-0.626539,-7.853982,7.853982
0,29,0.580000,commanding,-0.010738,0.625864,-0.636602,0.622796,-0.619728,0.625864,-0.630466,-7.857050,7.863186,0.000000,0.626547,-0.626543,0.626540,-0.626536,0.626537,-0.626539,-7.853982,7.853982
0,30,0.600000,commanding,-0.010738,0.625864,-0.636602,0.622796,-0.619728,0.625864,-0.630466,-7.855516,7.863186,0.000000,0.626547,-0.626543,0.626540,-0.626536,0.626537,-0.626539,-7.853982,7.853982
0,31,0.620000,commanding,-0.012272,0.625864,-0.636602,0.622796,-0.619728,0.625864,-0.630466,-7.857050,7.863186,0.000000,0.626547,-0.626543,0.626540,-0.626536,0.626537,-0.626539,-7.853982,7.853982
0,32,0.640000,commanding,-0.012272,0.625864,-0.636602,0.622796,-0.619728,0.625864,-0.630466,-7.857050,7.863186,0.000000,0.626547,-0.626543,0.626540,-0.626536,0.626537,-0.626539,-7.853982,7.853982
0,33,0.660000,commanding,-0.012272,0.625864,-0.636602,0.622796,-0.619728,0.625864,-0.630466,-7.857050,7.863186,0.000000,0.626547,-0.626543,0.626540,-0.626536,0.626537,-0.626539,-7.853982,7.853982
0,34,0.680000,commanding,-0.010738,0.625864,-0.636602,0.622796,-0.619728,0.625864,-0.630466,-7.857050,7.863186,0.000000,0.626547,-0.626543,0.626540,-0.626536,0.626537,-0.626539,-7.853982,7.853982
0,35,0.700000,commanding,-0.012272,0.625864,-0.636602,0.622796,-0.619728,0.625864,-0.630466,-7.857050,7.863186,0.000000,0.626547,-0.626543,0.626540,-0.626536,0.626537,-0.626539,-7.853982,7.853982
0,36,0.720000,commanding,-0.012272,0.625864,-0.636602,0.622796,-0.619728,0.625864,-0.630466,-7.857050,7.863186,0.000000,0.626547,-0.626543,0.626540,-0.626536,0.626537,-0.626539,-7.853982,7.853982
0,37,0.740000,commanding,-0.012272,0.625864,-0.636602,0.622796,-0.619728,0.625864,-0.630466,-7.857050,7.863186,0.000000,0.626547,-0.626543,0.626540,-0.626536,0.626537,-0.626539,-7.853982,7.853982
0,38,0.760000,commanding,-0.012272,0.625864,-0.636602,0.622796,-0.619728,0.625864,-0.630466,-7.857050,7.863186,0.000000,0.626547,-0.626543,0.626540,-0.626536,0.626537,-0.626539,-7.853982,7.853982
0,39,0.780000,commanding,-0.010738,0.625864,-0.636602,0.622796,-0.619728,0.625864,-0.630466,-7.855516,7.863186,0.000000,0.626547,-0.626543,0.626540,-0.626536,0.626537,-0.626539,-7.853982,7.853982
0,40,0.800000,commanding,-0.012272,0.625864,-0.636602,0.622796,-0.619728,0.625864,-0.630466,-7.855516,7.863186,0.000000,0.626547,-0.626543,0.626540,-0.626536,0.626537,-0.626539,-7.853982,7.853982
0,41,0.820000,commanding,-0.012272,0.625864,-0.636602,0.622796,-0.619728,0.625864,-0.630466,-7.857050,7.863186,0.000000,0.626547,-0.626543,0.626540,-0.626536,0.626537,-0.626539,-7.853982,7.853982
0,42,0.840000,commanding,-0.010738,0.625864,-0.636602,0.622796,-0.619728,0.625864,-0.630466,-7.855516,7.863186,0.000000,0.626547,-0.626543,0.626540,-0.626536,0.626537,-0.626539,-7.853982,7.853982
0,43,0.860000,commanding,-0.010738,0.625864,-0.636602,0.622796,-0.619728,0.625864,-0.630466,-7.857050,7.863186,0.000000,0.626547,-0.626543,0.626540,-0.626536,0.626537,-0.626539,-7.853982,7.853982
0,44,0.880000,commanding,-0.012272,0.625864,-0.636602,0.622796,-0.619728,0.625864,-0.630466,-7.857050,7.863186,0.000000,0.626547,-0.626543,0.626540,-0.626536,0.626537,-0.626539,-7.853982,7.853982
0,45,0.900000,commanding,-0.012272,0.625864,-0.636602,0.622796,-0.619728,0.625864,-0.630466,-7.857050,7.863186,0.000000,0.626547,-0.626543,0.626540,-0.626536,0.626537,-0.626539,-7.853982,7.853982
0,46,0.920000,commanding,-0.012272,0.625864,-0.636602,0.622796,-0.619728,0.625864,-0.630466,-7.857050,7.863186,0.000000,0.626547,-0.626543,0.626540,-0.626536,0.626537,-0.626539,-7.853982,7.853982
0,47,0.940000,commanding,-0.012272,0.627398,-0.636602,0.622796,-0.619728,0.625864,-0.630466,-7.857050,7.863186,0.000000,0.626547,-0.626543,0.626540,-0.626536,0.626537,-0.626539,-7.853982,7.853982
0,48,0.960000,commanding,-0.010738,0.625864,-0.636602,0.622796,-0.619728,0.625864,-0.630466,-7.857050,7.863186,0.000000,0.626547,-0.626543,0.626540,-0.626536,0.626537,-0.626539,-7.853982,7.853982
0,49,0.980000,commanding,-0.012272,0.625864,-0.636602,0.622796,-0.619728,0.625864,-0.630466,-7.857050,7.863186,0.000000,0.626547,-0.626543,0.626540,-0.626536,0.626537,-0.626539,-7.853982,7.853982
0,50,1.000000,commanding,-0.010738,0.625864,-0.636602,0.622796,-0.619728,0.625864,-0.630466,-7.857050,7.863186,0.000000,0.626547,-0.626543,0.626540,-0.626536,0.626537,-0.626539,-7.853982,7.853982
0,51,1.020000,commanding,-0.012272,0.625864,-0.636602,0.622796,-0.619728,0.625864,-0.630466,-7.857050,7.863186,0.000000,0.626547,-0.626543,0.626540,-0.626536,0.626537,-0.626539,-7.853982,7.853982
0,52,1.040000,commanding,-0.012272,0.625864,-0.636602,0.622796,-0.619728,0.625864,-0.630466,-7.855516,7.863186,0.000000,0.626547,-0.626543,0.626540,-0.626536,0.626537,-0.626539,-7.853982,7.853982
0,53,1.060000,commanding,-0.010738,0.627398,-0.636602,0.622796,-0.619728,0.625864,-0.630466,-7.855516,7.863186,0.000000,0.626547,-0.626543,0.626540,-0.626536,0.626537,-0.626539,-7.853982,7.853982
0,54,1.080000,commanding,-0.012272,0.625864,-0.636602,0.622796,-0.619728,0.625864,-0.630466,-7.857050,7.863186,0.000000,0.626547,-0.626543,0.626540,-0.626536,0.626537,-0.626539,-7.853982,7.853982
0,55,1.100000,commanding,-0.010738,0.625864,-0.636602,0.622796,-0.619728,0.625864,-0.630466,-7.855516,7.863186,0.000000,0.626547,-0.626543,0.626540,-0.626536,0.626537,-0.626539,-7.853982,7.853982
0,56,1.120000,commanding,-0.012272,0.625864,-0.636602,0.622796,-0.619728,0.625864,-0.630466,-7.855516,7.863186,0.000000,0.626547,-0.626543,0.626540,-0.626536,0.626537,-0.626539,-7.853982,7.853982
0,57,1.140000,commanding,-0.012272,0.625864,-0.636602,0.622796,-0.619728,0.625864,-0.630466,-7.857050,7.863186,0.000000,0.626547,-0.626543,0.626540,-0.626536,0.626537,-0.626539,-7.853982,7.853982
0,58,1.160000,commanding,-0.010738,0.625864,-0.636602,0.622796,-0.619728,0.625864,-0.630466,-7.857050,7.863186,0.000000,0.626547,-0.626543,0.626540,-0.626536,0.626537,-0.626539,-7.853982,7.853982
0,59,1.180000,commanding,-0.012272,0.625864,-0.636602,0.622796,-0.619728,0.625864,-0.630466,-7.855516,7.863186,0.000000,0.626547,-0.626543,0.626540,-0.626536,0.626537,-0.626539,-7.853982,7.853982
0,60,1.200000,commanding,-0.012272,0.625864,-0.636602,0.622796,-0.619728,0.625864,-0.630466,-7.855516,7.863186,0.000000,0.626547,-0.626543,0.626540,-0.626536,0.626537,-0.626539,-7.853982,7.853982
0,61,1.220000,commanding,-0.012272,0.625864,-0.636602,0.622796,-0.619728,0.625864,-0.630466,-7.857050,7.863186,0.000000,0.626547,-0.626543,0.626540,-0.626536,0.626537,-0.626539,-7.853982,7.853982
0,62,1.240000,commanding,-0.010738,0.625864,-0.636602,0.622796,-0.619728,0.625864,-0.630466,-7.857050,7.863186,0.000000,0.626547,-0.626543,0.626540,-0.626536,0.626537,-0.626539,-7.853982,7.853982
0,63,1.260000,commanding,-0.010738,0.625864,-0.636602,0.622796,-0.619728,0.625864,-0.630466,-7.857050,7.863186,0.000000,0.626547,-0.626543,0.626540,-0.626536,0.626537,-0.626539,-7.853982,7.853982
0,64,1.280000,commanding,-0.010738,0.625864,-0.636602,0.622796,-0.619728,0.625864,-0.630466,-7.857050,7.863186,0.000000,0.626547,-0.626543,0.626540,-0.626536,0.626537,-0.626539,-7.853982,7.853982
0,65,1.300000,commanding,-0.012272,0.625864,-0.636602,0.622796,-0.619728,0.625864,-0.630466,-7.857050,7.863186,0.000000,0.626547,-0.626543,0.626540,-0.626536,0.626537,-0.626539,-7.853982,7.853982
0,66,1.320000,commanding,-0.012272,0.625864,-0.636602,0.622796,-0.619728,0.625864,-0.630466,-7.857050,7.863186,0.000000,0.626547,-0.626543,0.626540,-0.626536,0.626537,-0.626539,-7.853982,7.853982
0,67,1.340000,commanding,-0.012272,0.625864,-0.636602,0.622796,-0.619728,0.625864,-0.630466,-7.855516,7.863186,0.000000,0.626547,-0.626543,0.626540,-0.626536,0.626537,-0.626539,-7.853982,7.853982
0,68,1.360000,commanding,-0.012272,0.625864,-0.636602,0.622796,-0.619728,0.625864,-0.630466,-7.857050,7.863186,0.000000,0.626547,-0.626543,0.626540,-0.626536,0.626537,-0.626539,-7.853982,7.853982
0,69,1.380000,commanding,-0.012272,0.625864,-0.636602,0.622796,-0.619728,0.625864,-0.630466,-7.855516,7.863186,0.000000,0.626547,-0.626543,0.626540,-0.626536,0.626537,-0.626539,-7.853982,7.853982
0,70,1.400000,commanding,-0.010738,0.625864,-0.636602,0.622796,-0.619728,0.625864,-0.630466,-7.857050,7.863186,0.000000,0.626547,-0.626543,0.626540,-0.626536,0.626537,-0.626539,-7.853982,7.853982
0,71,1.420000,commanding,-0.012272,0.625864,-0.636602,0.622796,-0.619728,0.625864,-0.630466,-7.857050,7.863186,0.000000,0.626547,-0.626543,0.626540,-0.626536,0.626537,-0.626539,-7.853982,7.853982
0,72,1.440000,commanding,-0.012272,0.625864,-0.636602,0.622796,-0.619728,0.625864,-0.630466,-7.857050,7.863186,0.000000,0.626547,-0.626543,0.626540,-0.626536,0.626537,-0.626539,-7.853982,7.853982
0,73,1.460000,commanding,-0.012272,0.625864,-0.636602,0.622796,-0.619728,0.625864,-0.630466,-7.857050,7.863186,0.000000,0.626547,-0.626543,0.626540,-0.626536,0.626537,-0.626539,-7.853982,7.853982
0,74,1.480000,commanding,-0.010738,0.625864,-0.636602,0.622796,-0.619728,0.625864,-0.630466,-7.857050,7.863186,0.000000,0.626547,-0.626543,0.626540,-0.626536,0.626537,-0.626539,-7.853982,7.853982
0,75,1.500000,commanding,-0.010738,0.625864,-0.636602,0.622796,-0.619728,0.625864,-0.630466,-7.857050,7.863186,0.000000,0.626547,-0.626543,0.626540,-0.626536,0.626537,-0.626539,-7.853982,7.853982
0,76,1.520000,commanding,-0.012272,0.625864,-0.636602,0.622796,-0.619728,0.625864,-0.630466,-7.857050,7.863186,0.000000,0.626547,-0.626543,0.626540,-0.626536,0.626537,-0.626539,-7.853982,7.853982
0,77,1.540000,commanding,-0.012272,0.625864,-0.636602,0.622796,-0.619728,0.625864,-0.630466,-7.855516,7.863186,0.000000,0.626547,-0.626543,0.626540,-0.626536,0.626537,-0.626539,-7.853982,7.853982
0,78,1.560000,commanding,-0.012272,0.625864,-0.636602,0.622796,-0.619728,0.625864,-0.630466,-7.857050,7.863186,0.000000,0.626547,-0.626543,0.626540,-0.626536,0.626537,-0.626539,-7.853982,7.853982
0,79,1.580000,commanding,-0.012272,0.625864,-0.636602,0.622796,-0.619728,0.625864,-0.630466,-7.857050,7.863186,0.000000,0.626547,-0.626543,0.626540,-0.626536,0.626537,-0.626539,-7.853982,7.853982
0,80,1.600000,commanding,-0.012272,0.625864,-0.636602,0.622796,-0.619728,0.625864,-0.630466,-7.857050,7.863186,0.000000,0.626547,-0.626543,0.626540,-0.626536,0.626537,-0.626539,-7.853982,7.853982
0,81,1.620000,commanding,-0.010738,0.625864,-0.636602,0.622796,-0.619728,0.625864,-0.630466,-7.857050,7.863186,0.000000,0.626547,-0.626543,0.626540,-0.626536,0.626537,-0.626539,-7.853982,7.853982
0,82,1.640000,commanding,-0.012272,0.625864,-0.636602,0.622796,-0.619728,0.625864,-0.630466,-7.857050,7.863186,0.000000,0.626547,-0.626543,0.626540,-0.626536,0.626537,-0.626539,-7.853982,7.853982
0,83,1.660000,commanding,-0.010738,0.625864,-0.636602,0.622796,-0.619728,0.625864,-0.630466,-7.855516,7.863186,0.000000,0.626547,-0.626543,0.626540,-0.626536,0.626537,-0.626539,-7.853982,7.853982
0,84,1.680000,commanding,-0.010738,0.625864,-0.636602,0.622796,-0.619728,0.625864,-0.630466,-7.857050,7.863186,0.000000,0.626547,-0.626543,0.626540,-0.626536,0.626537,-0.626539,-7.853982,7.853982
0,85,1.700000,commanding,-0.010738,0.625864,-0.636602,0.622796,-0.619728,0.625864,-0.630466,-7.857050,7.863186,0.000000,0.626547,-0.626543,0.626540,-0.626536,0.626537,-0.626539,-7.853982,7.853982
0,86,1.720000,commanding,-0.012272,0.625864,-0.636602,0.622796,-0.619728,0.625864,-0.630466,-7.855516,7.863186,0.000000,0.626547,-0.626543,0.626540,-0.626536,0.626537,-0.626539,-7.853982,7.853982
0,87,1.740000,commanding,-0.012272,0.625864,-0.636602,0.622796,-0.621262,0.625864,-0.630466,-7.857050,7.863186,0.000000,0.626547,-0.626543,0.626540,-0.626536,0.626537,-0.626539,-7.853982,7.853982
0,88,1.760000,commanding,-0.010738,0.625864,-0.636602,0.622796,-0.621262,0.625864,-0.630466,-7.857050,7.863186,0.000000,0.626547,-0.626543,0.626540,-0.626536,0.626537,-0.626539,-7.853982,7.853982
0,89,1.780000,commanding,-0.010738,0.625864,-0.636602,0.622796,-0.622796,0.625864,-0.630466,-7.857050,7.863186,0.000000,0.626547,-0.626543,0.626540,-0.626536,0.626537,-0.626539,-7.853982,7.853982
0,90,1.800000,commanding,-0.010738,0.625864,-0.636602,0.622796,-0.622796,0.625864,-0.630466,-7.855516,7.863186,0.000000,0.626547,-0.626543,0.626540,-0.626536,0.626537,-0.626539,-7.853982,7.853982
0,91,1.820000,commanding,-0.012272,0.625864,-0.636602,0.622796,-0.622796,0.625864,-0.630466,-7.857050,7.863186,0.000000,0.626547,-0.626543,0.626540,-0.626536,0.626537,-0.626539,-7.853982,7.853982
0,92,1.840000,commanding,-0.012272,0.625864,-0.636602,0.622796,-0.622796,0.625864,-0.630466,-7.857050,7.863186,0.000000,0.626547,-0.626543,0.626540,-0.626536,0.626537,-0.626539,-7.853982,7.853982
0,93,1.860000,commanding,-0.012272,0.625864,-0.636602,0.622796,-0.622796,0.625864,-0.630466,-7.855516,7.863186,0.000000,0.626547,-0.626543,0.626540,-0.626536,0.626537,-0.626539,-7.853982,7.853982
0,94,1.880000,commanding,-0.010738,0.625864,-0.636602,0.622796,-0.622796,0.627398,-0.630466,-7.857050,7.863186,0.000000,0.626547,-0.626543,0.626540,-0.626536,0.626537,-0.626539,-7.853982,7.853982
0,95,1.900000,commanding,-0.010738,0.625864,-0.636602,0.622796,-0.622796,0.625864,-0.630466,-7.857050,7.863186,0.000000,0.626547,-0.626543,0.626540,-0.626536,0.626537,-0.626539,-7.853982,7.853982
0,96,1.920000,commanding,-0.012272,0.625864,-0.636602,0.622796,-0.622796,0.625864,-0.630466,-7.857050,7.863186,0.000000,0.626547,-0.626543,0.626540,-0.626536,0.626537,-0.626539,-7.853982,7.853982
0,97,1.940000,commanding,-0.012272,0.625864,-0.636602,0.622796,-0.622796,0.625864,-0.630466,-7.857050,7.863186,0.000000,0.626547,-0.626543,0.626540,-0.626536,0.626537,-0.626539,-7.853982,7.853982
0,98,1.960000,commanding,-0.012272,0.625864,-0.636602,0.622796,-0.622796,0.625864,-0.630466,-7.855516,7.863186,0.000000,0.626547,-0.626543,0.626540,-0.626536,0.626537,-0.626539,-7.853982,7.853982
0,99,1.980000,commanding,-0.010738,0.625864,-0.636602,0.622796,-0.622796,0.625864,-0.630466,-7.857050,7.863186,0.000000,0.626547,-0.626543,0.626540,-0.626536,0.626537,-0.626539,-7.853982,7.853982
0,100,2.000000,commanding,-0.012272,0.625864,-0.636602,0.622796,-0.622796,0.625864,-0.630466,-7.855516,7.863186,0.000000,0.626547,-0.626543,0.626540,-0.626536,0.626537,-0.626539,-7.853982,7.853982
0,101,2.020000,commanding,-0.012272,0.625864,-0.636602,0.622796,-0.622796,0.625864,-0.630466,-7.855516,7.863186,0.000000,0.626547,-0.626543,0.626540,-0.626536,0.626537,-0.626539,-7.853982,7.853982
0,102,2.040000,commanding,-0.012272,0.625864,-0.636602,0.622796,-0.622796,0.625864,-0.630466,-7.857050,7.863186,0.000000,0.626547,-0.626543,0.626540,-0.626536,0.626537,-0.626539,-7.853982,7.853982
0,103,2.060000,commanding,-0.010738,0.625864,-0.636602,0.622796,-0.622796,0.625864,-0.630466,-7.857050,7.863186,0.000000,0.626547,-0.626543,0.626540,-0.626536,0.626537,-0.626539,-7.853982,7.853982
0,104,2.080000,commanding,-0.010738,0.625864,-0.636602,0.622796,-0.622796,0.625864,-0.630466,-7.857050,7.863186,0.000000,0.626547,-0.626543,0.626540,-0.626536,0.626537,-0.626539,-7.853982,7.853982
0,105,2.100000,commanding,-0.010738,0.625864,-0.636602,0.622796,-0.622796,0.625864,-0.630466,-7.857050,7.863186,0.000000,0.626547,-0.626543,0.626540,-0.626536,0.626537,-0.626539,-7.853982,7.853982
0,106,2.120000,commanding,-0.010738,0.625864,-0.636602,0.622796,-0.622796,0.625864,-0.630466,-7.857050,7.863186,0.000000,0.626547,-0.626543,0.626540,-0.626536,0.626537,-0.626539,-7.853982,7.853982
0,107,2.140000,commanding,-0.012272,0.625864,-0.636602,0.622796,-0.622796,0.625864,-0.630466,-7.857050,7.863186,0.000000,0.626547,-0.626543,0.626540,-0.626536,0.626537,-0.626539,-7.853982,7.853982
0,108,2.160000,commanding,-0.012272,0.625864,-0.636602,0.622796,-0.622796,0.625864,-0.630466,-7.857050,7.863186,0.000000,0.626547,-0.626543,0.626540,-0.626536,0.626537,-0.626539,-7.853982,7.853982
0,109,2.180000,commanding,-0.010738,0.625864,-0.636602,0.622796,-0.622796,0.625864,-0.630466,-7.857050,7.863186,0.000000,0.626547,-0.626543,0.626540,-0.626536,0.626537,-0.626539,-7.853982,7.853982
0,110,2.200000,commanding,-0.010738,0.625864,-0.636602,0.622796,-0.622796,0.625864,-0.630466,-7.857050,7.863186,0.000000,0.626547,-0.626543,0.626540,-0.626536,0.626537,-0.626539,-7.853982,7.853982
0,111,2.220000,commanding,-0.012272,0.625864,-0.636602,0.622796,-0.622796,0.625864,-0.630466,-7.857050,7.863186,0.000000,0.626547,-0.626543,0.626540,-0.626536,0.626537,-0.626539,-7.853982,7.853982
0,112,2.240000,commanding,-0.012272,0.625864,-0.636602,0.622796,-0.622796,0.625864,-0.630466,-7.857050,7.863186,0.000000,0.626547,-0.626543,0.626540,-0.626536,0.626537,-0.626539,-7.853982,7.853982
0,113,2.260000,commanding,-0.010738,0.625864,-0.636602,0.622796,-0.622796,0.625864,-0.630466,-7.855516,7.863186,0.000000,0.626547,-0.626543,0.626540,-0.626536,0.626537,-0.626539,-7.853982,7.853982
0,114,2.280000,commanding,-0.012272,0.625864,-0.636602,0.622796,-0.622796,0.625864,-0.630466,-7.855516,7.863186,0.000000,0.626547,-0.626543,0.626540,-0.626536,0.626537,-0.626539,-7.853982,7.853982
0,115,2.300000,commanding,-0.012272,0.625864,-0.636602,0.622796,-0.622796,0.625864,-0.630466,-7.857050,7.863186,0.000000,0.626547,-0.626543,0.626540,-0.626536,0.626537,-0.626539,-7.853982,7.853982
0,116,2.320000,commanding,-0.012272,0.625864,-0.636602,0.622796,-0.622796,0.625864,-0.630466,-7.857050,7.863186,0.000000,0.626547,-0.626543,0.626540,-0.626536,0.626537,-0.626539,-7.853982,7.853982
0,117,2.340000,commanding,-0.012272,0.625864,-0.636602,0.622796,-0.622796,0.625864,-0.630466,-7.857050,7.863186,0.000000,0.626547,-0.626543,0.626540,-0.626536,0.626537,-0.626539,-7.853982,7.853982
0,118,2.360000,commanding,-0.012272,0.625864,-0.636602,0.622796,-0.622796,0.625864,-0.630466,-7.857050,7.863186,0.000000,0.626547,-0.626543,0.626540,-0.626536,0.626537,-0.626539,-7.853982,7.853982
0,119,2.380000,commanding,-0.010738,0.625864,-0.636602,0.622796,-0.622796,0.625864,-0.630466,-7.857050,7.863186,0.000000,0.626547,-0.626543,0.626540,-0.626536,0.626537,-0.626539,-7.853982,7.853982
0,120,2.400000,commanding,-0.010738,0.625864,-0.636602,0.622796,-0.622796,0.625864,-0.630466,-7.857050,7.863186,0.000000,0.626547,-0.626543,0.626540,-0.626536,0.626537,-0.626539,-7.853982,7.853982
0,121,2.420000,commanding,-0.010738,0.625864,-0.636602,0.622796,-0.622796,0.625864,-0.630466,-7.857050,7.863186,0.000000,0.626547,-0.626543,0.626540,-0.626536,0.626537,-0.626539,-7.853982,7.853982
0,122,2.440000,commanding,-0.012272,0.625864,-0.636602,0.622796,-0.622796,0.625864,-0.630466,-7.857050,7.863186,0.000000,0.626547,-0.626543,0.626540,-0.626536,0.626537,-0.626539,-7.853982,7.853982
0,123,2.460000,commanding,-0.012272,0.625864,-0.636602,0.622796,-0.622796,0.625864,-0.630466,-7.857050,7.863186,0.000000,0.626547,-0.626543,0.626540,-0.626536,0.626537,-0.626539,-7.853982,7.853982
0,124,2.480000,commanding,-0.010738,0.625864,-0.636602,0.622796,-0.622796,0.625864,-0.630466,-7.857050,7.863186,0.000000,0.626547,-0.626543,0.626540,-0.626536,0.626537,-0.626539,-7.853982,7.853982
0,125,2.500000,commanding,-0.012272,0.625864,-0.636602,0.622796,-0.622796,0.625864,-0.630466,-7.855516,7.863186,0.000000,0.626547,-0.626543,0.626540,-0.626536,0.626537,-0.626539,-7.853982,7.853982
0,126,2.520000,commanding,-0.010738,0.625864,-0.636602,0.622796,-0.622796,0.625864,-0.630466,-7.855516,7.863186,0.000000,0.626547,-0.626543,0.626540,-0.626536,0.626537,-0.626539,-7.853982,7.853982
0,127,2.540000,commanding,-0.012272,0.625864,-0.636602,0.622796,-0.622796,0.625864,-0.630466,-7.855516,7.863186,0.000000,0.626547,-0.626543,0.626540,-0.626536,0.626537,-0.626539,-7.853982,7.853982
0,128,2.560000,commanding,-0.010738,0.625864,-0.636602,0.622796,-0.622796,0.625864,-0.630466,-7.857050,7.863186,0.000000,0.626547,-0.626543,0.626540,-0.626536,0.626537,-0.626539,-7.853982,7.853982
0,129,2.580000,commanding,-0.010738,0.625864,-0.636602,0.622796,-0.622796,0.625864,-0.630466,-7.857050,7.863186,0.000000,0.626547,-0.626543,0.626540,-0.626536,0.626537,-0.626539,-7.853982,7.853982
0,130,2.600000,commanding,-0.010738,0.625864,-0.636602,0.622796,-0.622796,0.625864,-0.630466,-7.857050,7.863186,0.000000,0.626547,-0.626543,0.626540,-0.626536,0.626537,-0.626539,-7.853982,7.853982
0,131,2.620000,commanding,-0.012272,0.625864,-0.636602,0.622796,-0.622796,0.625864,-0.630466,-7.857050,7.863186,0.000000,0.626547,-0.626543,0.626540,-0.626536,0.626537,-0.626539,-7.853982,7.853982
0,132,2.640000,commanding,-0.010738,0.625864,-0.636602,0.622796,-0.622796,0.625864,-0.630466,-7.857050,7.863186,0.000000,0.626547,-0.626543,0.626540,-0.626536,0.626537,-0.626539,-7.853982,7.853982
0,133,2.660000,commanding,-0.012272,0.625864,-0.636602,0.622796,-0.622796,0.625864,-0.630466,-7.857050,7.863186,0.000000,0.626547,-0.626543,0.626540,-0.626536,0.626537,-0.626539,-7.853982,7.853982
0,134,2.680000,commanding,-0.010738,0.625864,-0.636602,0.622796,-0.622796,0.625864,-0.630466,-7.857050,7.863186,0.000000,0.626547,-0.626543,0.626540,-0.626536,0.626537,-0.626539,-7.853982,7.853982
0,135,2.700000,commanding,-0.012272,0.625864,-0.636602,0.622796,-0.622796,0.625864,-0.630466,-7.857050,7.863186,0.000000,0.626547,-0.626543,0.626540,-0.626536,0.626537,-0.626539,-7.853982,7.853982
0,136,2.720000,commanding,-0.012272,0.625864,-0.636602,0.622796,-0.622796,0.625864,-0.630466,-7.857050,7.863186,0.000000,0.626547,-0.626543,0.626540,-0.626536,0.626537,-0.626539,-7.853982,7.853982
0,137,2.740000,commanding,-0.012272,0.625864,-0.636602,0.622796,-0.622796,0.625864,-0.630466,-7.857050,7.863186,0.000000,0.626547,-0.626543,0.626540,-0.626536,0.626537,-0.626539,-7.853982,7.853982
0,138,2.760000,commanding,-0.012272,0.625864,-0.636602,0.622796,-0.622796,0.625864,-0.630466,-7.857050,7.863186,0.000000,0.626547,-0.626543,0.626540,-0.626536,0.626537,-0.626539,-7.853982,7.853982
0,139,2.780000,commanding,-0.012272,0.625864,-0.636602,0.622796,-0.622796,0.625864,-0.630466,-7.857050,7.863186,0.000000,0.626547,-0.626543,0.626540,-0.626536,0.626537,-0.626539,-7.853982,7.853982
0,140,2.800000,commanding,-0.012272,0.625864,-0.636602,0.622796,-0.622796,0.625864,-0.630466,-7.857050,7.863186,0.000000,0.626547,-0.626543,0.626540,-0.626536,0.626537,-0.626539,-7.853982,7.853982
0,141,2.820000,commanding,-0.012272,0.625864,-0.636602,0.622796,-0.622796,0.625864,-0.630466,-7.855516,7.863186,0.000000,0.626547,-0.626543,0.626540,-0.626536,0.626537,-0.626539,-7.853982,7.853982
0,142,2.840000,commanding,-0.010738,0.625864,-0.636602,0.622796,-0.622796,0.625864,-0.630466,-7.857050,7.863186,0.000000,0.626547,-0.626543,0.626540,-0.626536,0.626537,-0.626539,-7.853982,7.853982
0,143,2.860000,commanding,-0.010738,0.625864,-0.636602,0.622796,-0.622796,0.625864,-0.630466,-7.855516,7.863186,0.000000,0.626547,-0.626543,0.626540,-0.626536,0.626537,-0.626539,-7.853982,7.853982
0,144,2.880000,commanding,-0.012272,0.625864,-0.636602,0.622796,-0.622796,0.625864,-0.630466,-7.857050,7.863186,0.000000,0.626547,-0.626543,0.626540,-0.626536,0.626537,-0.626539,-7.853982,7.853982
0,145,2.900000,commanding,-0.012272,0.625864,-0.636602,0.622796,-0.622796,0.625864,-0.630466,-7.857050,7.863186,0.000000,0.626547,-0.626543,0.626540,-0.626536,0.626537,-0.626539,-7.853982,7.853982
0,146,2.920000,commanding,-0.010738,0.625864,-0.636602,0.622796,-0.622796,0.625864,-0.630466,-7.855516,7.863186,0.000000,0.626547,-0.626543,0.626540,-0.626536,0.626537,-0.626539,-7.853982,7.853982
0,147,2.940000,commanding,-0.010738,0.625864,-0.636602,0.622796,-0.622796,0.625864,-0.630466,-7.857050,7.863186,0.000000,0.626547,-0.626543,0.626540,-0.626536,0.626537,-0.626539,-7.853982,7.853982
0,148,2.960000,commanding,-0.012272,0.625864,-0.636602,0.622796,-0.622796,0.625864,-0.630466,-7.857050,7.863186,0.000000,0.626547,-0.626543,0.626540,-0.626536,0.626537,-0.626539,-7.853982,7.853982
0,149,2.980000,commanding,-0.010738,0.625864,-0.636602,0.622796,-0.622796,0.625864,-0.630466,-7.857050,7.863186,0.000000,0.626547,-0.626543,0.626540,-0.626536,0.626537,-0.626539,-7.853982,7.853982
0,150,3.000000,commanding,-0.012272,0.625864,-0.636602,0.622796,-0.622796,0.625864,-0.630466,-7.857050,7.863186,0.000000,0.626547,-0.626543,0.626540,-0.626536,0.626537,-0.626539,-7.853982,7.853982
0,151,3.020000,commanding,-0.012272,0.625864,-0.636602,0.622796,-0.622796,0.625864,-0.630466,-7.857050,7.863186,0.000000,0.626547,-0.626543,0.626540,-0.626536,0.626537,-0.626539,-7.853982,7.853982
0,152,3.040000,commanding,-0.012272,0.625864,-0.636602,0.622796,-0.622796,0.625864,-0.630466,-7.855516,7.863186,0.000000,0.626547,-0.626543,0.626540,-0.626536,0.626537,-0.626539,-7.853982,7.853982
0,153,3.060000,commanding,-0.012272,0.625864,-0.636602,0.622796,-0.622796,0.625864,-0.630466,-7.857050,7.863186,0.000000,0.626547,-0.626543,0.626540,-0.626536,0.626537,-0.626539,-7.853982,7.853982
0,154,3.080000,commanding,-0.010738,0.625864,-0.636602,0.622796,-0.622796,0.625864,-0.630466,-7.857050,7.863186,0.000000,0.626547,-0.626543,0.626540,-0.626536,0.626537,-0.626539,-7.853982,7.853982
0,155,3.100000,commanding,-0.010738,0.625864,-0.636602,0.622796,-0.622796,0.625864,-0.630466,-7.857050,7.863186,0.000000,0.626547,-0.626543,0.626540,-0.626536,0.626537,-0.626539,-7.853982,7.853982
0,156,3.120000,commanding,-0.012272,0.625864,-0.636602,0.622796,-0.622796,0.625864,-0.630466,-7.855516,7.863186,0.000000,0.626547,-0.626543,0.626540,-0.626536,0.626537,-0.626539,-7.853982,7.853982
0,157,3.140000,commanding,-0.010738,0.625864,-0.636602,0.622796,-0.622796,0.625864,-0.630466,-7.855516,7.863186,0.000000,0.626547,-0.626543,0.626540,-0.626536,0.626537,-0.626539,-7.853982,7.853982
0,158,3.160000,commanding,-0.010738,0.625864,-0.636602,0.622796,-0.622796,0.625864,-0.630466,-7.855516,7.863186,0.000000,0.626547,-0.626543,0.626540,-0.626536,0.626537,-0.626539,-7.853982,7.853982
0,159,3.180000,commanding,-0.012272,0.625864,-0.636602,0.622796,-0.622796,0.625864,-0.630466,-7.857050,7.863186,0.000000,0.626547,-0.626543,0.626540,-0.626536,0.626537,-0.626539,-7.853982,7.853982
0,160,3.200000,commanding,-0.012272,0.625864,-0.636602,0.622796,-0.622796,0.625864,-0.630466,-7.857050,7.863186,0.000000,0.626547,-0.626543,0.626540,-0.626536,0.626537,-0.626539,-7.853982,7.853982
0,161,3.220000,commanding,-0.012272,0.625864,-0.636602,0.622796,-0.622796,0.625864,-0.630466,-7.857050,7.863186,0.000000,0.626547,-0.626543,0.626540,-0.626536,0.626537,-0.626539,-7.853982,7.853982
0,162,3.240000,commanding,-0.012272,0.625864,-0.636602,0.622796,-0.622796,0.625864,-0.630466,-7.857050,7.863186,0.000000,0.626547,-0.626543,0.626540,-0.626536,0.626537,-0.626539,-7.853982,7.853982
0,163,3.260000,commanding,-0.012272,0.625864,-0.636602,0.622796,-0.622796,0.625864,-0.630466,-7.857050,7.863186,0.000000,0.626547,-0.626543,0.626540,-0.626536,0.626537,-0.626539,-7.853982,7.853982
0,164,3.280000,commanding,-0.012272,0.625864,-0.636602,0.622796,-0.622796,0.625864,-0.630466,-7.855516,7.863186,0.000000,0.626547,-0.626543,0.626540,-0.626536,0.626537,-0.626539,-7.853982,7.853982
0,165,3.300000,commanding,-0.012272,0.625864,-0.636602,0.622796,-0.622796,0.625864,-0.630466,-7.857050,7.863186,0.000000,0.626547,-0.626543,0.626540,-0.626536,0.626537,-0.626539,-7.853982,7.853982
0,166,3.320000,commanding,-0.010738,0.625864,-0.636602,0.622796,-0.622796,0.625864,-0.630466,-7.857050,7.863186,0.000000,0.626547,-0.626543,0.626540,-0.626536,0.626537,-0.626539,-7.853982,7.853982
0,167,3.340000,commanding,-0.012272,0.625864,-0.636602,0.622796,-0.622796,0.625864,-0.630466,-7.857050,7.863186,0.000000,0.626547,-0.626543,0.626540,-0.626536,0.626537,-0.626539,-7.853982,7.853982
0,168,3.360000,commanding,-0.010738,0.625864,-0.636602,0.622796,-0.622796,0.625864,-0.628932,-7.855516,7.863186,0.000000,0.626547,-0.626543,0.626540,-0.626536,0.626537,-0.626539,-7.853982,7.853982
0,169,3.380000,commanding,-0.010738,0.625864,-0.636602,0.622796,-0.622796,0.625864,-0.630466,-7.855516,7.863186,0.000000,0.626547,-0.626543,0.626540,-0.626536,0.626537,-0.626539,-7.853982,7.853982
0,170,3.400000,commanding,-0.010738,0.625864,-0.636602,0.622796,-0.622796,0.625864,-0.630466,-7.857050,7.863186,0.000000,0.626547,-0.626543,0.626540,-0.626536,0.626537,-0.626539,-7.853982,7.853982
0,171,3.420000,commanding,-0.012272,0.625864,-0.636602,0.622796,-0.622796,0.625864,-0.630466,-7.857050,7.863186,0.000000,0.626547,-0.626543,0.626540,-0.626536,0.626537,-0.626539,-7.853982,7.853982
0,172,3.440000,commanding,-0.010738,0.625864,-0.636602,0.622796,-0.622796,0.625864,-0.630466,-7.857050,7.863186,0.000000,0.626547,-0.626543,0.626540,-0.626536,0.626537,-0.626539,-7.853982,7.853982
0,173,3.460000,commanding,-0.010738,0.625864,-0.636602,0.624330,-0.622796,0.625864,-0.630466,-7.857050,7.863186,0.000000,0.626547,-0.626543,0.626540,-0.626536,0.626537,-0.626539,-7.853982,7.853982
0,174,3.480000,commanding,-0.010738,0.625864,-0.636602,0.625864,-0.622796,0.625864,-0.630466,-7.857050,7.863186,0.000000,0.626547,-0.626543,0.626540,-0.626536,0.626537,-0.626539,-7.853982,7.853982
0,175,3.500000,commanding,-0.010738,0.625864,-0.636602,0.627398,-0.622796,0.625864,-0.630466,-7.855516,7.863186,0.000000,0.626547,-0.626543,0.626540,-0.626536,0.626537,-0.626539,-7.853982,7.853982
0,176,3.520000,commanding,-0.010738,0.625864,-0.636602,0.627398,-0.622796,0.625864,-0.628932,-7.857050,7.863186,0.000000,0.626547,-0.626543,0.626540,-0.626536,0.626537,-0.626539,-7.853982,7.853982
0,177,3.540000,commanding,-0.010738,0.625864,-0.636602,0.627398,-0.622796,0.625864,-0.630466,-7.857050,7.863186,0.000000,0.626547,-0.626543,0.626540,-0.626536,0.626537,-0.626539,-7.853982,7.853982
0,178,3.560000,commanding,-0.010738,0.625864,-0.636602,0.627398,-0.622796,0.625864,-0.630466,-7.857050,7.863186,0.000000,0.626547,-0.626543,0.626540,-0.626536,0.626537,-0.626539,-7.853982,7.853982
0,179,3.580000,commanding,-0.010738,0.625864,-0.636602,0.625864,-0.622796,0.625864,-0.628932,-7.857050,7.863186,0.000000,0.626547,-0.626543,0.626540,-0.626536,0.626537,-0.626539,-7.853982,7.853982
0,180,3.600000,commanding,-0.012272,0.625864,-0.636602,0.627398,-0.622796,0.625864,-0.630466,-7.857050,7.863186,0.000000,0.626547,-0.626543,0.626540,-0.626536,0.626537,-0.626539,-7.853982,7.853982
0,181,3.620000,commanding,-0.012272,0.625864,-0.636602,0.627398,-0.622796,0.625864,-0.630466,-7.857050,7.863186,0.000000,0.626547,-0.626543,0.626540,-0.626536,0.626537,-0.626539,-7.853982,7.853982
0,182,3.640000,commanding,-0.010738,0.625864,-0.636602,0.627398,-0.622796,0.625864,-0.628932,-7.855516,7.863186,0.000000,0.626547,-0.626543,0.626540,-0.626536,0.626537,-0.626539,-7.853982,7.853982
0,183,3.660000,commanding,-0.010738,0.625864,-0.636602,0.627398,-0.622796,0.625864,-0.630466,-7.855516,7.863186,0.000000,0.626547,-0.626543,0.626540,-0.626536,0.626537,-0.626539,-7.853982,7.853982
0,184,3.680000,commanding,-0.012272,0.625864,-0.636602,0.627398,-0.622796,0.625864,-0.630466,-7.857050,7.863186,0.000000,0.626547,-0.626543,0.626540,-0.626536,0.626537,-0.626539,-7.853982,7.853982
0,185,3.700000,commanding,-0.010738,0.625864,-0.636602,0.627398,-0.622796,0.625864,-0.630466,-7.857050,7.863186,0.000000,0.626547,-0.626543,0.626540,-0.626536,0.626537,-0.626539,-7.853982,7.853982
0,186,3.720000,commanding,-0.012272,0.625864,-0.636602,0.627398,-0.622796,0.625864,-0.630466,-7.857050,7.863186,0.000000,0.626547,-0.626543,0.626540,-0.626536,0.626537,-0.626539,-7.853982,7.853982
0,187,3.740000,commanding,-0.012272,0.625864,-0.636602,0.627398,-0.622796,0.625864,-0.628932,-7.855516,7.863186,0.000000,0.626547,-0.626543,0.626540,-0.626536,0.626537,-0.626539,-7.853982,7.853982
0,188,3.760000,commanding,-0.012272,0.625864,-0.636602,0.627398,-0.624330,0.625864,-0.628932,-7.857050,7.863186,0.000000,0.626547,-0.626543,0.626540,-0.626536,0.626537,-0.626539,-7.853982,7.853982
0,189,3.780000,commanding,-0.010738,0.625864,-0.636602,0.627398,-0.625864,0.625864,-0.630466,-7.857050,7.863186,0.000000,0.626547,-0.626543,0.626540,-0.626536,0.626537,-0.626539,-7.853982,7.853982
0,190,3.800000,commanding,-0.010738,0.625864,-0.636602,0.627398,-0.625864,0.625864,-0.630466,-7.857050,7.863186,0.000000,0.626547,-0.626543,0.626540,-0.626536,0.626537,-0.626539,-7.853982,7.853982
0,191,3.820000,commanding,-0.010738,0.625864,-0.636602,0.627398,-0.627398,0.625864,-0.628932,-7.857050,7.863186,0.000000,0.626547,-0.626543,0.626540,-0.626536,0.626537,-0.626539,-7.853982,7.853982
0,192,3.840000,commanding,-0.010738,0.625864,-0.636602,0.627398,-0.625864,0.625864,-0.628932,-7.857050,7.863186,0.000000,0.626547,-0.626543,0.626540,-0.626536,0.626537,-0.626539,-7.853982,7.853982
0,193,3.860000,commanding,-0.012272,0.625864,-0.636602,0.627398,-0.625864,0.625864,-0.628932,-7.855516,7.863186,0.000000,0.626547,-0.626543,0.626540,-0.626536,0.626537,-0.626539,-7.853982,7.853982
0,194,3.880000,commanding,-0.012272,0.625864,-0.636602,0.627398,-0.625864,0.625864,-0.630466,-7.857050,7.863186,0.000000,0.626547,-0.626543,0.626540,-0.626536,0.626537,-0.626539,-7.853982,7.853982
0,195,3.900000,commanding,-0.012272,0.625864,-0.636602,0.627398,-0.625864,0.625864,-0.628932,-7.855516,7.863186,0.000000,0.626547,-0.626543,0.626540,-0.626536,0.626537,-0.626539,-7.853982,7.853982
0,196,3.920000,commanding,-0.010738,0.625864,-0.636602,0.627398,-0.625864,0.625864,-0.630466,-7.855516,7.863186,0.000000,0.626547,-0.626543,0.626540,-0.626536,0.626537,-0.626539,-7.853982,7.853982
0,197,3.940000,commanding,-0.012272,0.625864,-0.636602,0.627398,-0.625864,0.625864,-0.628932,-7.855516,7.863186,0.000000,0.626547,-0.626543,0.626540,-0.626536,0.626537,-0.626539,-7.853982,7.853982
0,198,3.960000,commanding,-0.012272,0.625864,-0.636602,0.627398,-0.625864,0.625864,-0.628932,-7.857050,7.863186,0.000000,0.626547,-0.626543,0.626540,-0.626536,0.626537,-0.626539,-7.853982,7.853982
0,199,3.980000,commanding,-0.010738,0.625864,-0.636602,0.627398,-0.625864,0.625864,-0.628932,-7.857050,7.863186,0.000000,0.626547,-0.626543,0.626540,-0.626536,0.626537,-0.626539,-7.853982,7.853982
0,200,4.000000,commanding,-0.010738,0.625864,-0.636602,0.627398,-0.625864,0.625864,-0.628932,-7.857050,7.863186,0.000000,0.626547,-0.626543,0.626540,-0.626536,0.626537,-0.626539,-7.853982,7.853982
0,201,4.020000,commanding,-0.010738,0.625864,-0.636602,0.627398,-0.625864,0.625864,-0.628932,-7.855516,7.863186,0.000000,0.626547,-0.626543,0.626540,-0.626536,0.626537,-0.626539,-7.853982,7.853982
0,202,4.040000,commanding,-0.010738,0.625864,-0.636602,0.627398,-0.625864,0.625864,-0.628932,-7.857050,7.863186,0.000000,0.626547,-0.626543,0.626540,-0.626536,0.626537,-0.626539,-7.853982,7.853982
0,203,4.060000,commanding,-0.010738,0.625864,-0.636602,0.627398,-0.625864,0.625864,-0.630466,-7.857050,7.863186,0.000000,0.626547,-0.626543,0.626540,-0.626536,0.626537,-0.626539,-7.853982,7.853982
0,204,4.080000,commanding,-0.010738,0.625864,-0.636602,0.627398,-0.625864,0.625864,-0.630466,-7.857050,7.863186,0.000000,0.626547,-0.626543,0.626540,-0.626536,0.626537,-0.626539,-7.853982,7.853982
0,205,4.100000,commanding,-0.010738,0.625864,-0.636602,0.627398,-0.625864,0.625864,-0.628932,-7.855516,7.863186,0.000000,0.626547,-0.626543,0.626540,-0.626536,0.626537,-0.626539,-7.853982,7.853982
0,206,4.120000,commanding,-0.010738,0.625864,-0.636602,0.627398,-0.627398,0.625864,-0.628932,-7.857050,7.863186,0.000000,0.626547,-0.626543,0.626540,-0.626536,0.626537,-0.626539,-7.853982,7.853982
0,207,4.140000,commanding,-0.012272,0.625864,-0.636602,0.627398,-0.625864,0.625864,-0.630466,-7.857050,7.863186,0.000000,0.626547,-0.626543,0.626540,-0.626536,0.626537,-0.626539,-7.853982,7.853982
0,208,4.160000,commanding,-0.010738,0.625864,-0.636602,0.627398,-0.625864,0.625864,-0.630466,-7.857050,7.863186,0.000000,0.626547,-0.626543,0.626540,-0.626536,0.626537,-0.626539,-7.853982,7.853982
0,209,4.180000,commanding,-0.010738,0.625864,-0.636602,0.627398,-0.625864,0.625864,-0.628932,-7.857050,7.863186,0.000000,0.626547,-0.626543,0.626540,-0.626536,0.626537,-0.626539,-7.853982,7.853982
0,210,4.200000,commanding,-0.010738,0.625864,-0.636602,0.627398,-0.625864,0.625864,-0.628932,-7.857050,7.863186,0.000000,0.626547,-0.626543,0.626540,-0.626536,0.626537,-0.626539,-7.853982,7.853982
0,211,4.220000,commanding,-0.012272,0.625864,-0.636602,0.627398,-0.625864,0.625864,-0.630466,-7.857050,7.863186,0.000000,0.626547,-0.626543,0.626540,-0.626536,0.626537,-0.626539,-7.853982,7.853982
0,212,4.240000,commanding,-0.010738,0.625864,-0.636602,0.627398,-0.625864,0.625864,-0.630466,-7.857050,7.863186,0.000000,0.626547,-0.626543,0.626540,-0.626536,0.626537,-0.626539,-7.853982,7.853982
0,213,4.260000,commanding,-0.012272,0.625864,-0.636602,0.627398,-0.625864,0.625864,-0.628932,-7.855516,7.863186,0.000000,0.626547,-0.626543,0.626540,-0.626536,0.626537,-0.626539,-7.853982,7.853982
0,214,4.280000,commanding,-0.012272,0.625864,-0.636602,0.627398,-0.625864,0.625864,-0.628932,-7.857050,7.863186,0.000000,0.626547,-0.626543,0.626540,-0.626536,0.626537,-0.626539,-7.853982,7.853982
0,215,4.300000,commanding,-0.010738,0.625864,-0.636602,0.627398,-0.625864,0.625864,-0.628932,-7.857050,7.863186,0.000000,0.626547,-0.626543,0.626540,-0.626536,0.626537,-0.626539,-7.853982,7.853982
0,216,4.320000,commanding,-0.010738,0.624330,-0.636602,0.627398,-0.627398,0.625864,-0.628932,-7.857050,7.863186,0.000000,0.626547,-0.626543,0.626540,-0.626536,0.626537,-0.626539,-7.853982,7.853982
0,217,4.340000,commanding,-0.010738,0.624330,-0.636602,0.627398,-0.625864,0.625864,-0.628932,-7.857050,7.863186,0.000000,0.626547,-0.626543,0.626540,-0.626536,0.626537,-0.626539,-7.853982,7.853982
0,218,4.360000,commanding,-0.012272,0.624330,-0.636602,0.627398,-0.627398,0.625864,-0.630466,-7.857050,7.863186,0.000000,0.626547,-0.626543,0.626540,-0.626536,0.626537,-0.626539,-7.853982,7.853982
0,219,4.380000,commanding,-0.012272,0.624330,-0.636602,0.627398,-0.627398,0.625864,-0.628932,-7.857050,7.863186,0.000000,0.626547,-0.626543,0.626540,-0.626536,0.626537,-0.626539,-7.853982,7.853982
0,220,4.400000,commanding,-0.010738,0.624330,-0.636602,0.627398,-0.627398,0.625864,-0.628932,-7.855516,7.863186,0.000000,0.626547,-0.626543,0.626540,-0.626536,0.626537,-0.626539,-7.853982,7.853982
0,221,4.420000,commanding,-0.012272,0.624330,-0.636602,0.627398,-0.627398,0.625864,-0.628932,-7.855516,7.863186,0.000000,0.626547,-0.626543,0.626540,-0.626536,0.626537,-0.626539,-7.853982,7.853982
0,222,4.440000,commanding,-0.010738,0.624330,-0.636602,0.627398,-0.628932,0.625864,-0.628932,-7.855516,7.863186,0.000000,0.626547,-0.626543,0.626540,-0.626536,0.626537,-0.626539,-7.853982,7.853982
0,223,4.460000,commanding,-0.010738,0.624330,-0.636602,0.627398,-0.628932,0.625864,-0.630466,-7.857050,7.863186,0.000000,0.626547,-0.626543,0.626540,-0.626536,0.626537,-0.626539,-7.853982,7.853982
0,224,4.480000,commanding,-0.010738,0.624330,-0.636602,0.627398,-0.628932,0.625864,-0.630466,-7.855516,7.863186,0.000000,0.626547,-0.626543,0.626540,-0.626536,0.626537,-0.626539,-7.853982,7.853982
0,225,4.500000,commanding,-0.012272,0.624330,-0.636602,0.627398,-0.628932,0.625864,-0.628932,-7.857050,7.863186,0.000000,0.626547,-0.626543,0.626540,-0.626536,0.626537,-0.626539,-7.853982,7.853982
0,226,4.520000,commanding,-0.010738,0.624330,-0.636602,0.627398,-0.628932,0.625864,-0.628932,-7.857050,7.863186,0.000000,0.626547,-0.626543,0.626540,-0.626536,0.626537,-0.626539,-7.853982,7.853982
0,227,4.540000,commanding,-0.012272,0.624330,-0.636602,0.627398,-0.628932,0.625864,-0.628932,-7.855516,7.863186,0.000000,0.626547,-0.626543,0.626540,-0.626536,0.626537,-0.626539,-7.853982,7.853982
0,228,4.560000,commanding,-0.010738,0.624330,-0.636602,0.627398,-0.628932,0.625864,-0.628932,-7.855516,7.863186,0.000000,0.626547,-0.626543,0.626540,-0.626536,0.626537,-0.626539,-7.853982,7.853982
0,229,4.580000,commanding,-0.012272,0.624330,-0.636602,0.627398,-0.628932,0.625864,-0.628932,-7.857050,7.863186,0.000000,0.626547,-0.626543,0.626540,-0.626536,0.626537,-0.626539,-7.853982,7.853982
0,230,4.600000,commanding,-0.012272,0.624330,-0.636602,0.627398,-0.628932,0.625864,-0.628932,-7.857050,7.863186,0.000000,0.626547,-0.626543,0.626540,-0.626536,0.626537,-0.626539,-7.853982,7.853982
0,231,4.620000,commanding,-0.012272,0.624330,-0.636602,0.627398,-0.628932,0.625864,-0.628932,-7.855516,7.863186,0.000000,0.626547,-0.626543,0.626540,-0.626536,0.626537,-0.626539,-7.853982,7.853982
0,232,4.640000,commanding,-0.010738,0.624330,-0.636602,0.627398,-0.628932,0.625864,-0.628932,-7.857050,7.863186,0.000000,0.626547,-0.626543,0.626540,-0.626536,0.626537,-0.626539,-7.853982,7.853982
0,233,4.660000,commanding,-0.010738,0.624330,-0.636602,0.627398,-0.628932,0.625864,-0.628932,-7.855516,7.863186,0.000000,0.626547,-0.626543,0.626540,-0.626536,0.626537,-0.626539,-7.853982,7.853982
0,234,4.680000,commanding,-0.012272,0.624330,-0.636602,0.627398,-0.628932,0.625864,-0.628932,-7.855516,7.863186,0.000000,0.626547,-0.626543,0.626540,-0.626536,0.626537,-0.626539,-7.853982,7.853982
0,235,4.700000,commanding,-0.012272,0.624330,-0.636602,0.627398,-0.628932,0.625864,-0.628932,-7.857050,7.863186,0.000000,0.626547,-0.626543,0.626540,-0.626536,0.626537,-0.626539,-7.853982,7.853982
0,236,4.720000,commanding,-0.012272,0.624330,-0.636602,0.627398,-0.628932,0.625864,-0.628932,-7.857050,7.863186,0.000000,0.626547,-0.626543,0.626540,-0.626536,0.626537,-0.626539,-7.853982,7.853982
0,237,4.740000,commanding,-0.012272,0.624330,-0.636602,0.627398,-0.628932,0.625864,-0.628932,-7.857050,7.863186,0.000000,0.626547,-0.626543,0.626540,-0.626536,0.626537,-0.626539,-7.853982,7.853982
0,238,4.760000,commanding,-0.010738,0.624330,-0.636602,0.627398,-0.628932,0.625864,-0.628932,-7.857050,7.863186,0.000000,0.626547,-0.626543,0.626540,-0.626536,0.626537,-0.626539,-7.853982,7.853982
0,239,4.780000,commanding,-0.010738,0.624330,-0.636602,0.627398,-0.628932,0.625864,-0.628932,-7.857050,7.863186,0.000000,0.626547,-0.626543,0.626540,-0.626536,0.626537,-0.626539,-7.853982,7.853982
0,240,4.800000,commanding,-0.012272,0.624330,-0.636602,0.627398,-0.628932,0.625864,-0.630466,-7.857050,7.863186,0.000000,0.626547,-0.626543,0.626540,-0.626536,0.626537,-0.626539,-7.853982,7.853982
0,241,4.820000,commanding,-0.010738,0.624330,-0.636602,0.627398,-0.628932,0.625864,-0.628932,-7.857050,7.863186,0.000000,0.626547,-0.626543,0.626540,-0.626536,0.626537,-0.626539,-7.853982,7.853982
0,242,4.840000,commanding,-0.010738,0.624330,-0.636602,0.627398,-0.628932,0.625864,-0.628932,-7.857050,7.863186,0.000000,0.626547,-0.626543,0.626540,-0.626536,0.626537,-0.626539,-7.853982,7.853982
0,243,4.860000,commanding,-0.010738,0.624330,-0.636602,0.627398,-0.628932,0.625864,-0.628932,-7.855516,7.863186,0.000000,0.626547,-0.626543,0.626540,-0.626536,0.626537,-0.626539,-7.853982,7.853982
0,244,4.880000,commanding,-0.010738,0.624330,-0.636602,0.627398,-0.628932,0.625864,-0.628932,-7.857050,7.863186,0.000000,0.626547,-0.626543,0.626540,-0.626536,0.626537,-0.626539,-7.853982,7.853982
0,245,4.900000,commanding,-0.012272,0.624330,-0.636602,0.627398,-0.628932,0.625864,-0.628932,-7.857050,7.863186,0.000000,0.626547,-0.626543,0.626540,-0.626536,0.626537,-0.626539,-7.853982,7.853982
0,246,4.920000,commanding,-0.010738,0.624330,-0.636602,0.627398,-0.628932,0.625864,-0.628932,-7.857050,7.863186,0.000000,0.626547,-0.626543,0.626540,-0.626536,0.626537,-0.626539,-7.853982,7.853982
0,247,4.940000,commanding,-0.012272,0.624330,-0.636602,0.627398,-0.628932,0.625864,-0.628932,-7.857050,7.863186,0.000000,0.626547,-0.626543,0.626540,-0.626536,0.626537,-0.626539,-7.853982,7.853982
0,248,4.960000,commanding,-0.012272,0.624330,-0.636602,0.627398,-0.628932,0.625864,-0.628932,-7.857050,7.863186,0.000000,0.626547,-0.626543,0.626540,-0.626536,0.626537,-0.626539,-7.853982,7.853982
0,249,4.980000,commanding,-0.010738,0.624330,-0.636602,0.627398,-0.628932,0.625864,-0.628932,-7.857050,7.863186,0.000000,0.626547,-0.626543,0.626540,-0.626536,0.626537,-0.626539,-7.853982,7.853982
0,250,5.000000,commanding,-0.010738,0.624330,-0.636602,0.627398,-0.628932,0.625864,-0.628932,-7.857050,7.863186,0.000000,0.626547,-0.626543,0.626540,-0.626536,0.626537,-0.626539,-7.853982,7.853982
0,251,5.020000,commanding,-0.012272,0.624330,-0.636602,0.627398,-0.628932,0.625864,-0.628932,-7.857050,7.863186,0.000000,0.626547,-0.626543,0.626540,-0.626536,0.626537,-0.626539,-7.853982,7.853982
0,252,5.040000,commanding,-0.010738,0.624330,-0.636602,0.627398,-0.628932,0.625864,-0.628932,-7.855516,7.863186,0.000000,0.626547,-0.626543,0.626540,-0.626536,0.626537,-0.626539,-7.853982,7.853982
0,253,5.060000,commanding,-0.010738,0.624330,-0.636602,0.627398,-0.628932,0.625864,-0.628932,-7.855516,7.863186,0.000000,0.626547,-0.626543,0.626540,-0.626536,0.626537,-0.626539,-7.853982,7.853982
0,254,5.080000,commanding,-0.010738,0.624330,-0.636602,0.627398,-0.628932,0.625864,-0.628932,-7.857050,7.863186,0.000000,0.626547,-0.626543,0.626540,-0.626536,0.626537,-0.626539,-7.853982,7.853982
0,255,5.100000,commanding,-0.010738,0.624330,-0.636602,0.627398,-0.628932,0.625864,-0.628932,-7.857050,7.863186,0.000000,0.626547,-0.626543,0.626540,-0.626536,0.626537,-0.626539,-7.853982,7.853982
0,256,5.120000,commanding,-0.010738,0.624330,-0.636602,0.627398,-0.628932,0.625864,-0.628932,-7.855516,7.863186,0.000000,0.626547,-0.626543,0.626540,-0.626536,0.626537,-0.626539,-7.853982,7.853982
0,257,5.140000,commanding,-0.010738,0.624330,-0.636602,0.627398,-0.628932,0.625864,-0.628932,-7.857050,7.863186,0.000000,0.626547,-0.626543,0.626540,-0.626536,0.626537,-0.626539,-7.853982,7.853982
0,258,5.160000,commanding,-0.012272,0.624330,-0.636602,0.627398,-0.628932,0.625864,-0.628932,-7.857050,7.863186,0.000000,0.626547,-0.626543,0.626540,-0.626536,0.626537,-0.626539,-7.853982,7.853982
0,259,5.180000,commanding,-0.010738,0.624330,-0.636602,0.627398,-0.628932,0.625864,-0.628932,-7.857050,7.863186,0.000000,0.626547,-0.626543,0.626540,-0.626536,0.626537,-0.626539,-7.853982,7.853982
0,260,5.200000,commanding,-0.010738,0.624330,-0.636602,0.627398,-0.628932,0.625864,-0.628932,-7.855516,7.863186,0.000000,0.626547,-0.626543,0.626540,-0.626536,0.626537,-0.626539,-7.853982,7.853982
0,261,5.220000,commanding,-0.012272,0.624330,-0.636602,0.627398,-0.628932,0.625864,-0.628932,-7.857050,7.863186,0.000000,0.626547,-0.626543,0.626540,-0.626536,0.626537,-0.626539,-7.853982,7.853982
0,262,5.240000,commanding,-0.010738,0.624330,-0.636602,0.627398,-0.628932,0.625864,-0.628932,-7.857050,7.863186,0.000000,0.626547,-0.626543,0.626540,-0.626536,0.626537,-0.626539,-7.853982,7.853982
0,263,5.260000,commanding,-0.010738,0.624330,-0.636602,0.627398,-0.628932,0.625864,-0.628932,-7.855516,7.863186,0.000000,0.626547,-0.626543,0.626540,-0.626536,0.626537,-0.626539,-7.853982,7.853982
0,264,5.280000,commanding,-0.010738,0.624330,-0.636602,0.627398,-0.628932,0.625864,-0.628932,-7.857050,7.863186,0.000000,0.626547,-0.626543,0.626540,-0.626536,0.626537,-0.626539,-7.853982,7.853982
0,265,5.300000,commanding,-0.010738,0.624330,-0.636602,0.627398,-0.628932,0.625864,-0.628932,-7.857050,7.863186,0.000000,0.626547,-0.626543,0.626540,-0.626536,0.626537,-0.626539,-7.853982,7.853982
0,266,5.320000,commanding,-0.010738,0.624330,-0.636602,0.627398,-0.628932,0.625864,-0.628932,-7.857050,7.863186,0.000000,0.626547,-0.626543,0.626540,-0.626536,0.626537,-0.626539,-7.853982,7.853982
0,267,5.340000,commanding,-0.012272,0.624330,-0.636602,0.627398,-0.628932,0.625864,-0.628932,-7.857050,7.863186,0.000000,0.626547,-0.626543,0.626540,-0.626536,0.626537,-0.626539,-7.853982,7.853982
0,268,5.360000,commanding,-0.010738,0.624330,-0.636602,0.627398,-0.628932,0.625864,-0.628932,-7.857050,7.863186,0.000000,0.626547,-0.626543,0.626540,-0.626536,0.626537,-0.626539,-7.853982,7.853982
0,269,5.380000,commanding,-0.012272,0.624330,-0.636602,0.627398,-0.628932,0.625864,-0.628932,-7.857050,7.863186,0.000000,0.626547,-0.626543,0.626540,-0.626536,0.626537,-0.626539,-7.853982,7.853982
0,270,5.400000,commanding,-0.010738,0.624330,-0.636602,0.627398,-0.628932,0.625864,-0.628932,-7.857050,7.863186,0.000000,0.626547,-0.626543,0.626540,-0.626536,0.626537,-0.626539,-7.853982,7.853982
0,271,5.420000,commanding,-0.010738,0.624330,-0.636602,0.627398,-0.628932,0.625864,-0.628932,-7.855516,7.863186,0.000000,0.626547,-0.626543,0.626540,-0.626536,0.626537,-0.626539,-7.853982,7.853982
0,272,5.440000,commanding,-0.010738,0.624330,-0.636602,0.627398,-0.628932,0.625864,-0.628932,-7.857050,7.863186,0.000000,0.626547,-0.626543,0.626540,-0.626536,0.626537,-0.626539,-7.853982,7.853982
0,273,5.460000,commanding,-0.012272,0.624330,-0.636602,0.627398,-0.628932,0.625864,-0.628932,-7.857050,7.863186,0.000000,0.626547,-0.626543,0.626540,-0.626536,0.626537,-0.626539,-7.853982,7.853982
0,274,5.480000,commanding,-0.010738,0.624330,-0.636602,0.627398,-0.628932,0.625864,-0.628932,-7.857050,7.863186,0.000000,0.626547,-0.626543,0.626540,-0.626536,0.626537,-0.626539,-7.853982,7.853982
0,275,5.500000,commanding,-0.010738,0.624330,-0.636602,0.627398,-0.628932,0.625864,-0.628932,-7.857050,7.863186,0.000000,0.626547,-0.626543,0.626540,-0.626536,0.626537,-0.626539,-7.853982,7.853982
0,276,5.520000,commanding,-0.010738,0.624330,-0.636602,0.627398,-0.628932,0.625864,-0.628932,-7.855516,7.863186,0.000000,0.626547,-0.626543,0.626540,-0.626536,0.626537,-0.626539,-7.853982,7.853982
0,277,5.540000,commanding,-0.010738,0.624330,-0.636602,0.627398,-0.628932,0.625864,-0.628932,-7.857050,7.863186,0.000000,0.626547,-0.626543,0.626540,-0.626536,0.626537,-0.626539,-7.853982,7.853982
0,278,5.560000,commanding,-0.010738,0.624330,-0.636602,0.627398,-0.628932,0.625864,-0.628932,-7.857050,7.863186,0.000000,0.626547,-0.626543,0.626540,-0.626536,0.626537,-0.626539,-7.853982,7.853982
0,279,5.580000,commanding,-0.010738,0.624330,-0.636602,0.627398,-0.628932,0.625864,-0.628932,-7.857050,7.863186,0.000000,0.626547,-0.626543,0.626540,-0.626536,0.626537,-0.626539,-7.853982,7.853982
0,280,5.600000,commanding,-0.012272,0.624330,-0.636602,0.627398,-0.628932,0.625864,-0.628932,-7.857050,7.863186,0.000000,0.626547,-0.626543,0.626540,-0.626536,0.626537,-0.626539,-7.853982,7.853982
0,281,5.620000,commanding,-0.010738,0.624330,-0.636602,0.627398,-0.628932,0.625864,-0.628932,-7.857050,7.863186,0.000000,0.626547,-0.626543,0.626540,-0.626536,0.626537,-0.626539,-7.853982,7.853982
0,282,5.640000,commanding,-0.010738,0.624330,-0.636602,0.627398,-0.628932,0.625864,-0.628932,-7.855516,7.863186,0.000000,0.626547,-0.626543,0.626540,-0.626536,0.626537,-0.626539,-7.853982,7.853982
0,283,5.660000,commanding,-0.012272,0.624330,-0.636602,0.627398,-0.628932,0.625864,-0.628932,-7.857050,7.863186,0.000000,0.626547,-0.626543,0.626540,-0.626536,0.626537,-0.626539,-7.853982,7.853982
0,284,5.680000,commanding,-0.010738,0.624330,-0.636602,0.627398,-0.628932,0.625864,-0.628932,-7.857050,7.863186,0.000000,0.626547,-0.626543,0.626540,-0.626536,0.626537,-0.626539,-7.853982,7.853982
0,285,5.700000,commanding,-0.012272,0.624330,-0.636602,0.627398,-0.628932,0.625864,-0.628932,-7.855516,7.863186,0.000000,0.626547,-0.626543,0.626540,-0.626536,0.626537,-0.626539,-7.853982,7.853982
0,286,5.720000,commanding,-0.010738,0.624330,-0.636602,0.627398,-0.628932,0.625864,-0.628932,-7.857050,7.863186,0.000000,0.626547,-0.626543,0.626540,-0.626536,0.626537,-0.626539,-7.853982,7.853982
0,287,5.740000,commanding,-0.010738,0.624330,-0.636602,0.627398,-0.628932,0.625864,-0.628932,-7.855516,7.863186,0.000000,0.626547,-0.626543,0.626540,-0.626536,0.626537,-0.626539,-7.853982,7.853982
0,288,5.760000,commanding,-0.010738,0.624330,-0.636602,0.627398,-0.628932,0.625864,-0.628932,-7.857050,7.863186,0.000000,0.626547,-0.626543,0.626540,-0.626536,0.626537,-0.626539,-7.853982,7.853982
0,289,5.780000,commanding,-0.012272,0.624330,-0.636602,0.627398,-0.628932,0.625864,-0.628932,-7.857050,7.863186,0.000000,0.626547,-0.626543,0.626540,-0.626536,0.626537,-0.626539,-7.853982,7.853982
0,290,5.800000,commanding,-0.010738,0.624330,-0.636602,0.627398,-0.628932,0.625864,-0.628932,-7.855516,7.863186,0.000000,0.626547,-0.626543,0.626540,-0.626536,0.626537,-0.626539,-7.853982,7.853982
0,291,5.820000,commanding,-0.010738,0.624330,-0.636602,0.627398,-0.628932,0.625864,-0.628932,-7.857050,7.863186,0.000000,0.626547,-0.626543,0.626540,-0.626536,0.626537,-0.626539,-7.853982,7.853982
0,292,5.840000,commanding,-0.010738,0.624330,-0.636602,0.627398,-0.628932,0.625864,-0.628932,-7.857050,7.863186,0.000000,0.626547,-0.626543,0.626540,-0.626536,0.626537,-0.626539,-7.853982,7.853982
0,293,5.860000,commanding,-0.012272,0.624330,-0.636602,0.627398,-0.628932,0.625864,-0.628932,-7.855516,7.863186,0.000000,0.626547,-0.626543,0.626540,-0.626536,0.626537,-0.626539,-7.853982,7.853982
0,294,5.880000,commanding,-0.012272,0.624330,-0.636602,0.627398,-0.628932,0.625864,-0.628932,-7.855516,7.863186,0.000000,0.626547,-0.626543,0.626540,-0.626536,0.626537,-0.626539,-7.853982,7.853982
0,295,5.900000,commanding,-0.010738,0.624330,-0.636602,0.627398,-0.628932,0.625864,-0.628932,-7.857050,7.863186,0.000000,0.626547,-0.626543,0.626540,-0.626536,0.626537,-0.626539,-7.853982,7.853982
0,296,5.920000,commanding,-0.010738,0.624330,-0.636602,0.627398,-0.628932,0.625864,-0.628932,-7.857050,7.863186,0.000000,0.626547,-0.626543,0.626540,-0.626536,0.626537,-0.626539,-7.853982,7.853982
0,297,5.940000,commanding,-0.010738,0.624330,-0.636602,0.627398,-0.628932,0.625864,-0.628932,-7.857050,7.863186,0.000000,0.626547,-0.626543,0.626540,-0.626536,0.626537,-0.626539,-7.853982,7.853982
0,298,5.960000,commanding,-0.010738,0.624330,-0.636602,0.627398,-0.628932,0.625864,-0.628932,-7.857050,7.863186,0.000000,0.626547,-0.626543,0.626540,-0.626536,0.626537,-0.626539,-7.853982,7.853982
0,299,5.980000,commanding,-0.010738,0.624330,-0.636602,0.627398,-0.628932,0.625864,-0.628932,-7.857050,7.863186,0.000000,0.626547,-0.626543,0.626540,-0.626536,0.626537,-0.626539,-7.853982,7.853982
0,300,6.000000,commanding,-0.010738,0.624330,-0.636602,0.627398,-0.628932,0.625864,-0.628932,-7.857050,7.863186,0.000000,0.626547,-0.626543,0.626540,-0.626536,0.626537,-0.626539,-7.853982,7.853982
0,301,6.020000,commanding,-0.010738,0.624330,-0.636602,0.627398,-0.628932,0.625864,-0.628932,-7.855516,7.863186,0.000000,0.626547,-0.626543,0.626540,-0.626536,0.626537,-0.626539,-7.853982,7.853982
0,302,6.040000,commanding,-0.012272,0.624330,-0.636602,0.627398,-0.628932,0.625864,-0.628932,-7.857050,7.863186,0.000000,0.626547,-0.626543,0.626540,-0.626536,0.626537,-0.626539,-7.853982,7.853982
0,303,6.060000,commanding,-0.010738,0.624330,-0.636602,0.627398,-0.628932,0.625864,-0.628932,-7.857050,7.863186,0.000000,0.626547,-0.626543,0.626540,-0.626536,0.626537,-0.626539,-7.853982,7.853982
0,304,6.080000,commanding,-0.010738,0.624330,-0.636602,0.627398,-0.628932,0.625864,-0.628932,-7.857050,7.863186,0.000000,0.626547,-0.626543,0.626540,-0.626536,0.626537,-0.626539,-7.853982,7.853982
0,305,6.100000,commanding,-0.010738,0.624330,-0.636602,0.627398,-0.628932,0.625864,-0.628932,-7.857050,7.863186,0.000000,0.626547,-0.626543,0.626540,-0.626536,0.626537,-0.626539,-7.853982,7.853982
0,306,6.120000,commanding,-0.012272,0.624330,-0.636602,0.627398,-0.628932,0.625864,-0.628932,-7.857050,7.863186,0.000000,0.626547,-0.626543,0.626540,-0.626536,0.626537,-0.626539,-7.853982,7.853982
0,307,6.140000,commanding,-0.010738,0.624330,-0.636602,0.627398,-0.628932,0.625864,-0.628932,-7.855516,7.863186,0.000000,0.626547,-0.626543,0.626540,-0.626536,0.626537,-0.626539,-7.853982,7.853982
0,308,6.160000,commanding,-0.012272,0.624330,-0.636602,0.627398,-0.628932,0.625864,-0.628932,-7.857050,7.863186,0.000000,0.626547,-0.626543,0.626540,-0.626536,0.626537,-0.626539,-7.853982,7.853982
0,309,6.180000,commanding,-0.010738,0.624330,-0.636602,0.627398,-0.628932,0.625864,-0.628932,-7.857050,7.863186,0.000000,0.626547,-0.626543,0.626540,-0.626536,0.626537,-0.626539,-7.853982,7.853982
0,310,6.200000,commanding,-0.012272,0.624330,-0.636602,0.627398,-0.628932,0.625864,-0.628932,-7.857050,7.863186,0.000000,0.626547,-0.626543,0.626540,-0.626536,0.626537,-0.626539,-7.853982,7.853982
0,311,6.220000,commanding,-0.010738,0.624330,-0.636602,0.627398,-0.628932,0.625864,-0.628932,-7.857050,7.863186,0.000000,0.626547,-0.626543,0.626540,-0.626536,0.626537,-0.626539,-7.853982,7.853982
0,312,6.240000,commanding,-0.010738,0.624330,-0.636602,0.627398,-0.628932,0.625864,-0.628932,-7.857050,7.863186,0.000000,0.626547,-0.626543,0.626540,-0.626536,0.626537,-0.626539,-7.853982,7.853982
0,313,6.260000,commanding,-0.010738,0.624330,-0.636602,0.627398,-0.628932,0.625864,-0.628932,-7.857050,7.863186,0.000000,0.626547,-0.626543,0.626540,-0.626536,0.626537,-0.626539,-7.853982,7.853982
0,314,6.280000,commanding,-0.012272,0.624330,-0.636602,0.627398,-0.628932,0.625864,-0.628932,-7.855516,7.863186,0.000000,0.626547,-0.626543,0.626540,-0.626536,0.626537,-0.626539,-7.853982,7.853982
0,315,6.300000,commanding,-0.012272,0.624330,-0.636602,0.627398,-0.628932,0.625864,-0.628932,-7.857050,7.863186,0.000000,0.626547,-0.626543,0.626540,-0.626536,0.626537,-0.626539,-7.853982,7.853982
0,316,6.320000,commanding,-0.010738,0.624330,-0.636602,0.627398,-0.628932,0.625864,-0.628932,-7.857050,7.863186,0.000000,0.626547,-0.626543,0.626540,-0.626536,0.626537,-0.626539,-7.853982,7.853982
0,317,6.340000,commanding,-0.010738,0.624330,-0.636602,0.627398,-0.628932,0.625864,-0.628932,-7.857050,7.863186,0.000000,0.626547,-0.626543,0.626540,-0.626536,0.626537,-0.626539,-7.853982,7.853982
0,318,6.360000,commanding,-0.010738,0.624330,-0.636602,0.627398,-0.628932,0.625864,-0.628932,-7.857050,7.863186,0.000000,0.626547,-0.626543,0.626540,-0.626536,0.626537,-0.626539,-7.853982,7.853982
0,319,6.380000,commanding,-0.012272,0.624330,-0.636602,0.627398,-0.628932,0.625864,-0.628932,-7.855516,7.863186,0.000000,0.626547,-0.626543,0.626540,-0.626536,0.626537,-0.626539,-7.853982,7.853982
0,320,6.400000,commanding,-0.010738,0.624330,-0.636602,0.627398,-0.628932,0.625864,-0.628932,-7.857050,7.863186,0.000000,0.626547,-0.626543,0.626540,-0.626536,0.626537,-0.626539,-7.853982,7.853982
0,321,6.420000,commanding,-0.012272,0.624330,-0.636602,0.627398,-0.628932,0.625864,-0.628932,-7.857050,7.863186,0.000000,0.626547,-0.626543,0.626540,-0.626536,0.626537,-0.626539,-7.853982,7.853982
0,322,6.440000,commanding,-0.012272,0.624330,-0.636602,0.627398,-0.628932,0.625864,-0.628932,-7.857050,7.863186,0.000000,0.626547,-0.626543,0.626540,-0.626536,0.626537,-0.626539,-7.853982,7.853982
0,323,6.460000,commanding,-0.010738,0.624330,-0.636602,0.627398,-0.628932,0.625864,-0.628932,-7.857050,7.863186,0.000000,0.626547,-0.626543,0.626540,-0.626536,0.626537,-0.626539,-7.853982,7.853982
0,324,6.480000,commanding,-0.010738,0.624330,-0.636602,0.627398,-0.628932,0.625864,-0.628932,-7.857050,7.863186,0.000000,0.626547,-0.626543,0.626540,-0.626536,0.626537,-0.626539,-7.853982,7.853982
0,325,6.500000,commanding,-0.012272,0.622796,-0.636602,0.627398,-0.628932,0.625864,-0.628932,-7.855516,7.863186,0.000000,0.626547,-0.626543,0.626540,-0.626536,0.626537,-0.626539,-7.853982,7.853982
0,326,6.520000,commanding,-0.010738,0.624330,-0.636602,0.627398,-0.628932,0.625864,-0.628932,-7.857050,7.863186,0.000000,0.626547,-0.626543,0.626540,-0.626536,0.626537,-0.626539,-7.853982,7.853982
0,327,6.540000,commanding,-0.010738,0.622796,-0.636602,0.627398,-0.628932,0.625864,-0.628932,-7.857050,7.863186,0.000000,0.626547,-0.626543,0.626540,-0.626536,0.626537,-0.626539,-9.299886,9.299886
0,328,6.560000,commanding,-0.012272,0.622796,-0.636602,0.627398,-0.628932,0.625864,-0.628932,-7.857050,7.863186,0.000000,0.626547,-0.626543,0.626540,-0.626536,0.626537,-0.626539,-9.603185,9.603185
0,329,6.580000,commanding,-0.012272,0.622796,-0.636602,0.627398,-0.628932,0.625864,-0.628932,-7.870855,7.873923,0.000000,0.626547,-0.626543,0.626540,-0.626536,0.626537,-0.626539,-9.603185,9.603185
0,330,6.600000,commanding,-0.010738,0.622796,-0.636602,0.627398,-0.628932,0.625864,-0.628932,-7.916875,7.918409,0.000000,0.626547,-0.626543,0.626540,-0.626536,0.626537,-0.626539,-9.603185,9.603185
0,331,6.620000,commanding,-0.010738,0.622796,-0.636602,0.627398,-0.628932,0.625864,-0.628932,-8.022720,8.028855,0.000000,0.626547,-0.626543,0.626540,-0.626536,0.626537,-0.626539,-9.603185,9.603185
0,332,6.640000,commanding,-0.010738,0.622796,-0.636602,0.627398,-0.628932,0.625864,-0.628932,-8.211399,8.217535,0.000000,0.626547,-0.626543,0.626540,-0.626536,0.626537,-0.626539,-9.603185,9.603185
0,333,6.660000,commanding,-0.010738,0.622796,-0.636602,0.627398,-0.628932,0.625864,-0.628932,-8.479846,8.489050,0.000000,0.626547,-0.626543,0.626540,-0.626536,0.626537,-0.626539,-9.603185,9.603185
0,334,6.680000,commanding,-0.012272,0.622796,-0.636602,0.627398,-0.628932,0.625864,-0.628932,-8.818856,8.831127,0.000000,0.626547,-0.626543,0.626540,-0.626536,0.626537,-0.626539,-9.603185,9.603185
0,335,6.700000,commanding,-0.012272,0.622796,-0.636602,0.625864,-0.628932,0.625864,-0.628932,-9.151729,9.167069,0.000000,0.626547,-0.626543,0.626540,-0.626536,0.626537,-0.626539,-9.603185,9.603185
0,336,6.720000,commanding,-0.012272,0.622796,-0.636602,0.625864,-0.628932,0.625864,-0.628932,-9.453924,9.473865,0.000000,0.626547,-0.626543,0.626540,-0.626536,0.626537,-0.626539,-9.603185,9.603185
0,337,6.740000,commanding,-0.010738,0.624330,-0.636602,0.627398,-0.628932,0.625864,-0.630466,-9.665613,9.688623,0.000000,0.626547,-0.626543,0.626540,-0.626536,0.626537,-0.626539,-9.603185,9.603185
0,338,6.760000,commanding,-0.010738,0.624330,-0.635068,0.627398,-0.628932,0.625864,-0.628932,-9.751516,9.766856,0.000000,0.626547,-0.626543,0.626540,-0.626536,0.626537,-0.626539,-9.603185,9.603185
0,339,6.780000,commanding,-0.012272,0.622796,-0.636602,0.627398,-0.628932,0.625864,-0.628932,-9.728506,9.734642,0.000000,0.626547,-0.626543,0.626540,-0.626536,0.626537,-0.626539,-9.603185,9.603185
0,340,6.800000,commanding,-0.010738,0.622796,-0.636602,0.627398,-0.628932,0.625864,-0.628932,-9.665613,9.659477,0.000000,0.626547,-0.626543,0.626540,-0.626536,0.626537,-0.626539,-9.603185,9.603185
0,341,6.820000,commanding,-0.012272,0.622796,-0.636602,0.627398,-0.628932,0.625864,-0.628932,-9.602720,9.595050,0.000000,0.626547,-0.626543,0.626540,-0.626536,0.626537,-0.626539,-9.603185,9.603185
0,342,6.840000,commanding,-0.012272,0.622796,-0.636602,0.625864,-0.628932,0.625864,-0.628932,-9.567438,9.562836,0.000000,0.626547,-0.626543,0.626540,-0.626536,0.626537,-0.626539,-9.603185,9.603185
0,343,6.860000,commanding,-0.010738,0.622796,-0.636602,0.625864,-0.628932,0.625864,-0.628932,-9.573574,9.575108,0.000000,0.626547,-0.626543,0.626540,-0.626536,0.626537,-0.626539,-9.603185,9.603185
0,344,6.880000,commanding,-0.012272,0.622796,-0.636602,0.627398,-0.628932,0.625864,-0.628932,-9.591982,9.595050,0.000000,0.626547,-0.626543,0.626540,-0.626536,0.626537,-0.626539,-9.603185,9.603185
0,345,6.900000,commanding,-0.010738,0.622796,-0.636602,0.627398,-0.628932,0.625864,-0.628932,-9.604254,9.605788,0.000000,0.626547,-0.626543,0.626540,-0.626536,0.626537,-0.626539,-9.603185,9.603185
0,346,6.920000,commanding,-0.012272,0.622796,-0.636602,0.625864,-0.628932,0.625864,-0.628932,-9.607322,9.605788,0.000000,0.626547,-0.626543,0.626540,-0.626536,0.626537,-0.626539,-9.603185,9.603185
0,347,6.940000,commanding,-0.010738,0.622796,-0.636602,0.627398,-0.628932,0.625864,-0.628932,-9.599652,9.598118,0.000000,0.626547,-0.626543,0.626540,-0.626536,0.626537,-0.626539,-9.603185,9.603185
0,348,6.960000,commanding,-0.010738,0.622796,-0.636602,0.625864,-0.628932,0.625864,-0.628932,-9.601186,9.598118,0.000000,0.626547,-0.626543,0.626540,-0.626536,0.626537,-0.626539,-9.603185,9.603185
0,349,6.980000,commanding,-0.010738,0.622796,-0.636602,0.627398,-0.628932,0.625864,-0.628932,-9.605788,9.602720,0.000000,0.626547,-0.626543,0.626540,-0.626536,0.626537,-0.626539,-9.603185,9.603185
0,350,7.000000,commanding,-0.010738,0.622796,-0.636602,0.627398,-0.628932,0.625864,-0.628932,-9.602720,9.602720,0.000000,0.626547,-0.626543,0.626540,-0.626536,0.626537,-0.626539,-9.603185,9.603185
0,351,7.020000,commanding,-0.010738,0.622796,-0.636602,0.627398,-0.628932,0.625864,-0.628932,-9.601186,9.601186,0.000000,0.626547,-0.626543,0.626540,-0.626536,0.626537,-0.626539,-9.603185,9.603185
0,352,7.040000,commanding,-0.010738,0.622796,-0.636602,0.627398,-0.628932,0.625864,-0.628932,-9.602720,9.602720,0.000000,0.626547,-0.626543,0.626540,-0.626536,0.626537,-0.626539,-9.603185,9.603185
0,353,7.060000,commanding,-0.010738,0.622796,-0.636602,0.627398,-0.628932,0.625864,-0.628932,-9.602720,9.602720,0.000000,0.626547,-0.626543,0.626540,-0.626536,0.626537,-0.626539,-9.603185,9.603185
0,354,7.080000,commanding,-0.010738,0.622796,-0.636602,0.627398,-0.628932,0.625864,-0.628932,-9.602720,9.601186,0.000000,0.626547,-0.626543,0.626540,-0.626536,0.626537,-0.626539,-9.603185,9.603185
0,355,7.100000,commanding,-0.010738,0.622796,-0.636602,0.627398,-0.628932,0.625864,-0.628932,-9.602720,9.602720,0.000000,0.626547,-0.626543,0.626540,-0.626536,0.626537,-0.626539,-9.603185,9.603185
0,356,7.120000,commanding,-0.012272,0.622796,-0.636602,0.627398,-0.628932,0.625864,-0.628932,-9.602720,9.601186,0.000000,0.626547,-0.626543,0.626540,-0.626536,0.626537,-0.626539,-9.603185,9.603185
0,357,7.140000,commanding,-0.010738,0.622796,-0.636602,0.627398,-0.628932,0.625864,-0.628932,-9.602720,9.601186,0.000000,0.626547,-0.626543,0.626540,-0.626536,0.626537,-0.626539,-9.603185,9.603185
0,358,7.160000,commanding,-0.010738,0.622796,-0.636602,0.627398,-0.628932,0.625864,-0.628932,-9.602720,9.602720,0.000000,0.626547,-0.626543,0.626540,-0.626536,0.626537,-0.626539,-9.603185,9.603185
0,359,7.180000,commanding,-0.010738,0.622796,-0.636602,0.627398,-0.628932,0.625864,-0.628932,-9.602720,9.601186,0.000000,0.626547,-0.626543,0.626540,-0.626536,0.626537,-0.626539,-9.603185,9.603185
0,360,7.200000,commanding,-0.012272,0.622796,-0.636602,0.627398,-0.628932,0.625864,-0.628932,-9.602720,9.602720,0.000000,0.626547,-0.626543,0.626540,-0.626536,0.626537,-0.626539,-9.603185,9.603185
0,361,7.220000,commanding,-0.010738,0.622796,-0.636602,0.627398,-0.628932,0.625864,-0.628932,-9.602720,9.601186,0.000000,0.626547,-0.626543,0.626540,-0.626536,0.626537,-0.626539,-9.603185,9.603185
0,362,7.240000,commanding,-0.010738,0.622796,-0.636602,0.627398,-0.628932,0.625864,-0.628932,-9.602720,9.602720,0.000000,0.626547,-0.626543,0.626540,-0.626536,0.626537,-0.626539,-9.603185,9.603185
0,363,7.260000,commanding,-0.010738,0.622796,-0.636602,0.627398,-0.628932,0.625864,-0.628932,-9.602720,9.602720,0.000000,0.626547,-0.626543,0.626540,-0.626536,0.626537,-0.626539,-9.603185,9.603185
0,364,7.280000,commanding,-0.010738,0.622796,-0.636602,0.627398,-0.628932,0.625864,-0.628932,-9.602720,9.602720,0.000000,0.626547,-0.626543,0.626540,-0.626536,0.626537,-0.626539,-9.603185,9.603185
0,365,7.300000,commanding,-0.010738,0.622796,-0.636602,0.627398,-0.628932,0.625864,-0.628932,-9.602720,9.602720,0.000000,0.626547,-0.626543,0.626540,-0.626536,0.626537,-0.626539,-9.603185,9.603185
0,366,7.320000,commanding,-0.010738,0.622796,-0.636602,0.627398,-0.628932,0.625864,-0.628932,-9.602720,9.601186,0.000000,0.626547,-0.626543,0.626540,-0.626536,0.626537,-0.626539,-9.603185,9.603185
0,367,7.340000,commanding,-0.012272,0.622796,-0.636602,0.627398,-0.628932,0.625864,-0.628932,-9.602720,9.601186,0.000000,0.626547,-0.626543,0.626540,-0.626536,0.626537,-0.626539,-9.603185,9.603185
0,368,7.360000,commanding,-0.010738,0.622796,-0.636602,0.627398,-0.628932,0.625864,-0.628932,-9.602720,9.601186,0.000000,0.626547,-0.626543,0.626540,-0.626536,0.626537,-0.626539,-9.603185,9.603185
0,369,7.380000,commanding,-0.012272,0.622796,-0.636602,0.627398,-0.628932,0.625864,-0.628932,-9.602720,9.601186,0.000000,0.626547,-0.626543,0.626540,-0.626536,0.626537,-0.626539,-9.603185,9.603185
0,370,7.400000,commanding,-0.010738,0.622796,-0.636602,0.627398,-0.628932,0.625864,-0.628932,-9.602720,9.601186,0.000000,0.626547,-0.626543,0.626540,-0.626536,0.626537,-0.626539,-9.603185,9.603185
0,371,7.420000,commanding,-0.010738,0.622796,-0.636602,0.627398,-0.628932,0.625864,-0.628932,-9.602720,9.602720,0.000000,0.626547,-0.626543,0.626540,-0.626536,0.626537,-0.626539,-9.603185,9.603185
0,372,7.440000,commanding,-0.010738,0.622796,-0.636602,0.627398,-0.628932,0.625864,-0.628932,-9.602720,9.602720,0.000000,0.626547,-0.626543,0.626540,-0.626536,0.626537,-0.626539,-9.603185,9.603185
0,373,7.460000,commanding,-0.012272,0.622796,-0.636602,0.627398,-0.628932,0.625864,-0.628932,-9.602720,9.601186,0.000000,0.626547,-0.626543,0.626540,-0.626536,0.626537,-0.626539,-9.603185,9.603185
0,374,7.480000,commanding,-0.012272,0.622796,-0.636602,0.627398,-0.628932,0.625864,-0.628932,-9.602720,9.602720,0.000000,0.626547,-0.626543,0.626540,-0.626536,0.626537,-0.626539,-9.603185,9.603185
0,375,7.500000,commanding,-0.012272,0.622796,-0.636602,0.627398,-0.628932,0.625864,-0.628932,-9.602720,9.601186,0.000000,0.626547,-0.626543,0.626540,-0.626536,0.626537,-0.626539,-9.603185,9.603185
0,376,7.520000,commanding,-0.012272,0.622796,-0.636602,0.627398,-0.628932,0.625864,-0.628932,-9.602720,9.602720,0.000000,0.626547,-0.626543,0.626540,-0.626536,0.626537,-0.626539,-9.603185,9.603185
0,377,7.540000,commanding,-0.010738,0.622796,-0.636602,0.627398,-0.628932,0.625864,-0.628932,-9.602720,9.601186,0.000000,0.626547,-0.626543,0.626540,-0.626536,0.626537,-0.626539,-9.603185,9.603185
0,378,7.560000,commanding,-0.012272,0.622796,-0.636602,0.627398,-0.628932,0.625864,-0.628932,-9.602720,9.601186,0.000000,0.626547,-0.626543,0.626540,-0.626536,0.626537,-0.626539,-9.603185,9.603185
0,379,7.580000,commanding,-0.010738,0.622796,-0.636602,0.627398,-0.628932,0.625864,-0.628932,-9.602720,9.602720,0.000000,0.626547,-0.626543,0.626540,-0.626536,0.626537,-0.626539,-9.603185,9.603185
0,380,7.600000,commanding,-0.012272,0.622796,-0.636602,0.627398,-0.628932,0.625864,-0.628932,-9.602720,9.602720,0.000000,0.626547,-0.626543,0.626540,-0.626536,0.626537,-0.626539,-9.603185,9.603185
0,381,7.620000,commanding,-0.010738,0.622796,-0.636602,0.627398,-0.628932,0.625864,-0.628932,-9.602720,9.602720,0.000000,0.626547,-0.626543,0.626540,-0.626536,0.626537,-0.626539,-9.603185,9.603185
0,382,7.640000,commanding,-0.010738,0.622796,-0.636602,0.627398,-0.628932,0.625864,-0.628932,-9.602720,9.601186,0.000000,0.626547,-0.626543,0.626540,-0.626536,0.626537,-0.626539,-9.603185,9.603185
0,383,7.660000,commanding,-0.010738,0.622796,-0.636602,0.627398,-0.628932,0.625864,-0.628932,-9.602720,9.602720,0.000000,0.626547,-0.626543,0.626540,-0.626536,0.626537,-0.626539,-9.603185,9.603185
0,384,7.680000,commanding,-0.010738,0.622796,-0.636602,0.627398,-0.628932,0.625864,-0.628932,-9.602720,9.601186,0.000000,0.626547,-0.626543,0.626540,-0.626536,0.626537,-0.626539,-9.603185,9.603185
0,385,7.700000,commanding,-0.012272,0.622796,-0.636602,0.627398,-0.628932,0.625864,-0.628932,-9.602720,9.602720,0.000000,0.626547,-0.626543,0.626540,-0.626536,0.626537,-0.626539,-9.603185,9.603185
0,386,7.720000,commanding,-0.010738,0.622796,-0.636602,0.627398,-0.628932,0.625864,-0.628932,-9.602720,9.601186,0.000000,0.626547,-0.626543,0.626540,-0.626536,0.626537,-0.626539,-9.603185,9.603185
0,387,7.740000,commanding,-0.010738,0.622796,-0.636602,0.627398,-0.628932,0.625864,-0.628932,-9.602720,9.601186,0.000000,0.626547,-0.626543,0.626540,-0.626536,0.626537,-0.626539,-9.603185,9.603185
0,388,7.760000,commanding,-0.012272,0.622796,-0.636602,0.627398,-0.628932,0.625864,-0.628932,-9.602720,9.602720,0.000000,0.626547,-0.626543,0.626540,-0.626536,0.626537,-0.626539,-9.603185,9.603185
0,389,7.780000,commanding,-0.012272,0.622796,-0.636602,0.627398,-0.628932,0.625864,-0.628932,-9.602720,9.602720,0.000000,0.626547,-0.626543,0.626540,-0.626536,0.626537,-0.626539,-9.603185,9.603185
0,390,7.800000,commanding,-0.012272,0.622796,-0.636602,0.627398,-0.628932,0.625864,-0.628932,-9.602720,9.602720,0.000000,0.626547,-0.626543,0.626540,-0.626536,0.626537,-0.626539,-9.603185,9.603185
0,391,7.820000,commanding,-0.010738,0.622796,-0.636602,0.627398,-0.628932,0.625864,-0.628932,-9.602720,9.601186,0.000000,0.626547,-0.626543,0.626540,-0.626536,0.626537,-0.626539,-9.603185,9.603185
0,392,7.840000,commanding,-0.010738,0.622796,-0.636602,0.627398,-0.628932,0.625864,-0.628932,-9.602720,9.602720,0.000000,0.626547,-0.626543,0.626540,-0.626536,0.626537,-0.626539,-9.603185,9.603185
0,393,7.860000,commanding,-0.010738,0.622796,-0.636602,0.627398,-0.628932,0.625864,-0.628932,-9.602720,9.602720,0.000000,0.626547,-0.626543,0.626540,-0.626536,0.626537,-0.626539,-9.603185,9.603185
0,394,7.880000,commanding,-0.010738,0.622796,-0.636602,0.627398,-0.628932,0.625864,-0.628932,-9.602720,9.602720,0.000000,0.626547,-0.626543,0.626540,-0.626536,0.626537,-0.626539,-9.603185,9.603185
0,395,7.900000,commanding,-0.012272,0.622796,-0.636602,0.627398,-0.628932,0.625864,-0.628932,-9.602720,9.601186,0.000000,0.626547,-0.626543,0.626540,-0.626536,0.626537,-0.626539,-9.603185,9.603185
0,396,7.920000,commanding,-0.010738,0.622796,-0.636602,0.627398,-0.628932,0.625864,-0.628932,-9.602720,9.601186,0.000000,0.626547,-0.626543,0.626540,-0.626536,0.626537,-0.626539,-9.603185,9.603185
0,397,7.940000,commanding,-0.010738,0.622796,-0.636602,0.627398,-0.628932,0.625864,-0.628932,-9.602720,9.601186,0.000000,0.626547,-0.626543,0.626540,-0.626536,0.626537,-0.626539,-9.603185,9.603185
0,398,7.960000,commanding,-0.010738,0.622796,-0.636602,0.627398,-0.628932,0.625864,-0.628932,-9.602720,9.601186,0.000000,0.626547,-0.626543,0.626540,-0.626536,0.626537,-0.626539,-9.603185,9.603185
0,399,7.980000,commanding,-0.010738,0.622796,-0.636602,0.627398,-0.628932,0.625864,-0.628932,-9.602720,9.601186,0.000000,0.626547,-0.626543,0.626540,-0.626536,0.626537,-0.626539,-9.603185,9.603185
0,400,8.000000,commanding,-0.010738,0.622796,-0.636602,0.627398,-0.628932,0.625864,-0.628932,-9.602720,9.602720,0.000000,0.626547,-0.626543,0.626540,-0.626536,0.626537,-0.626539,-9.603185,9.603185
0,401,8.020000,commanding,-0.010738,0.622796,-0.636602,0.627398,-0.628932,0.625864,-0.628932,-9.602720,9.601186,0.000000,0.626547,-0.626543,0.626540,-0.626536,0.626537,-0.626539,-9.603185,9.603185
0,402,8.040000,commanding,-0.012272,0.622796,-0.636602,0.627398,-0.628932,0.625864,-0.628932,-9.602720,9.602720,0.000000,0.626547,-0.626543,0.626540,-0.626536,0.626537,-0.626539,-9.603185,9.603185
0,403,8.060000,commanding,-0.010738,0.622796,-0.636602,0.627398,-0.628932,0.625864,-0.628932,-9.602720,9.601186,0.000000,0.626547,-0.626543,0.626540,-0.626536,0.626537,-0.626539,-9.603185,9.603185
0,404,8.080000,commanding,-0.012272,0.622796,-0.636602,0.627398,-0.628932,0.625864,-0.628932,-9.602720,9.602720,0.000000,0.626547,-0.626543,0.626540,-0.626536,0.626537,-0.626539,-9.603185,9.603185
0,405,8.100000,commanding,-0.010738,0.622796,-0.636602,0.627398,-0.628932,0.625864,-0.628932,-9.602720,9.601186,0.000000,0.626547,-0.626543,0.626540,-0.626536,0.626537,-0.626539,-9.603185,9.603185
0,406,8.120000,commanding,-0.010738,0.622796,-0.636602,0.627398,-0.628932,0.625864,-0.628932,-9.602720,9.601186,0.000000,0.626547,-0.626543,0.626540,-0.626536,0.626537,-0.626539,-9.603185,9.603185
0,407,8.140000,commanding,-0.010738,0.622796,-0.636602,0.627398,-0.628932,0.625864,-0.628932,-9.602720,9.602720,0.000000,0.626547,-0.626543,0.626540,-0.626536,0.626537,-0.626539,-9.603185,9.603185
0,408,8.160000,commanding,-0.010738,0.622796,-0.636602,0.627398,-0.628932,0.625864,-0.628932,-9.602720,9.601186,0.000000,0.626547,-0.626543,0.626540,-0.626536,0.626537,-0.626539,-9.603185,9.603185
0,409,8.180000,commanding,-0.012272,0.622796,-0.636602,0.627398,-0.628932,0.625864,-0.628932,-9.602720,9.602720,0.000000,0.626547,-0.626543,0.626540,-0.626536,0.626537,-0.626539,-9.603185,9.603185
0,410,8.200000,commanding,-0.010738,0.622796,-0.636602,0.627398,-0.628932,0.625864,-0.628932,-9.602720,9.601186,0.000000,0.626547,-0.626543,0.626540,-0.626536,0.626537,-0.626539,-9.603185,9.603185
0,411,8.220000,commanding,-0.010738,0.622796,-0.636602,0.627398,-0.628932,0.625864,-0.628932,-9.602720,9.602720,0.000000,0.626547,-0.626543,0.626540,-0.626536,0.626537,-0.626539,-9.603185,9.603185
0,412,8.240000,commanding,-0.010738,0.622796,-0.636602,0.627398,-0.628932,0.625864,-0.628932,-9.602720,9.601186,0.000000,0.626547,-0.626543,0.626540,-0.626536,0.626537,-0.626539,-9.603185,9.603185
0,413,8.260000,commanding,-0.010738,0.622796,-0.636602,0.627398,-0.628932,0.625864,-0.628932,-9.602720,9.601186,0.000000,0.626547,-0.626543,0.626540,-0.626536,0.626537,-0.626539,-9.603185,9.603185
0,414,8.280000,commanding,-0.010738,0.622796,-0.636602,0.627398,-0.628932,0.625864,-0.628932,-9.602720,9.602720,0.000000,0.626547,-0.626543,0.626540,-0.626536,0.626537,-0.626539,-9.603185,9.603185
0,415,8.300000,commanding,-0.010738,0.622796,-0.636602,0.627398,-0.628932,0.625864,-0.628932,-9.602720,9.601186,0.000000,0.626547,-0.626543,0.626540,-0.626536,0.626537,-0.626539,-9.603185,9.603185
0,416,8.320000,commanding,-0.012272,0.622796,-0.636602,0.627398,-0.628932,0.625864,-0.628932,-9.602720,9.602720,0.000000,0.626547,-0.626543,0.626540,-0.626536,0.626537,-0.626539,-9.603185,9.603185
0,417,8.340000,commanding,-0.010738,0.622796,-0.636602,0.625864,-0.628932,0.625864,-0.628932,-9.602720,9.602720,0.000000,0.626547,-0.626543,0.626540,-0.626536,0.626537,-0.626539,-9.603185,9.603185
0,418,8.360000,commanding,-0.012272,0.622796,-0.636602,0.627398,-0.628932,0.625864,-0.628932,-9.602720,9.601186,0.000000,0.626547,-0.626543,0.626540,-0.626536,0.626537,-0.626539,-9.603185,9.603185
0,419,8.380000,commanding,-0.010738,0.622796,-0.636602,0.627398,-0.628932,0.625864,-0.628932,-9.602720,9.602720,0.000000,0.626547,-0.626543,0.626540,-0.626536,0.626537,-0.626539,-9.603185,9.603185
0,420,8.400000,commanding,-0.010738,0.622796,-0.636602,0.627398,-0.628932,0.625864,-0.628932,-9.602720,9.602720,0.000000,0.626547,-0.626543,0.626540,-0.626536,0.626537,-0.626539,-9.603185,9.603185
0,421,8.420000,commanding,-0.010738,0.622796,-0.636602,0.627398,-0.628932,0.625864,-0.628932,-9.602720,9.602720,0.000000,0.626547,-0.626543,0.626540,-0.626536,0.626537,-0.626539,-9.603185,9.603185
0,422,8.440000,commanding,-0.012272,0.622796,-0.636602,0.627398,-0.628932,0.625864,-0.628932,-9.602720,9.601186,0.000000,0.626547,-0.626543,0.626540,-0.626536,0.626537,-0.626539,-9.603185,9.603185
0,423,8.460000,commanding,-0.010738,0.622796,-0.636602,0.627398,-0.628932,0.625864,-0.628932,-9.602720,9.601186,0.000000,0.626547,-0.626543,0.626540,-0.626536,0.626537,-0.626539,-9.603185,9.603185
0,424,8.480000,commanding,-0.010738,0.622796,-0.636602,0.627398,-0.628932,0.625864,-0.628932,-9.602720,9.602720,0.000000,0.626547,-0.626543,0.626540,-0.626536,0.626537,-0.626539,-9.603185,9.603185
0,425,8.500000,commanding,-0.012272,0.622796,-0.636602,0.627398,-0.628932,0.625864,-0.628932,-9.602720,9.601186,0.000000,0.626547,-0.626543,0.626540,-0.626536,0.626537,-0.626539,-9.603185,9.603185
0,426,8.520000,commanding,-0.010738,0.622796,-0.636602,0.627398,-0.628932,0.625864,-0.628932,-9.602720,9.601186,0.000000,0.626547,-0.626543,0.626540,-0.626536,0.626537,-0.626539,-9.603185,9.603185
0,427,8.540000,commanding,-0.010738,0.622796,-0.636602,0.627398,-0.628932,0.625864,-0.628932,-9.602720,9.602720,0.000000,0.626547,-0.626543,0.626540,-0.626536,0.626537,-0.626539,-9.603185,9.603185
0,428,8.560000,commanding,-0.010738,0.622796,-0.636602,0.627398,-0.628932,0.625864,-0.628932,-9.602720,9.602720,0.000000,0.626547,-0.626543,0.626540,-0.626536,0.626537,-0.626539,-9.603185,9.603185
0,429,8.580000,commanding,-0.010738,0.622796,-0.636602,0.627398,-0.628932,0.625864,-0.628932,-9.602720,9.602720,0.000000,0.626547,-0.626543,0.626540,-0.626536,0.626537,-0.626539,-9.603185,9.603185
0,430,8.600000,commanding,-0.010738,0.622796,-0.636602,0.627398,-0.628932,0.625864,-0.628932,-9.602720,9.602720,0.000000,0.626547,-0.626543,0.626540,-0.626536,0.626537,-0.626539,-9.603185,9.603185
0,431,8.620000,commanding,-0.010738,0.622796,-0.636602,0.627398,-0.628932,0.625864,-0.628932,-9.602720,9.602720,0.000000,0.626547,-0.626543,0.626540,-0.626536,0.626537,-0.626539,-9.603185,9.603185
0,432,8.640000,commanding,-0.012272,0.622796,-0.636602,0.627398,-0.628932,0.625864,-0.628932,-9.602720,9.601186,0.000000,0.626547,-0.626543,0.626540,-0.626536,0.626537,-0.626539,-9.603185,9.603185
0,433,8.660000,commanding,-0.010738,0.622796,-0.636602,0.627398,-0.628932,0.625864,-0.628932,-9.602720,9.602720,0.000000,0.626547,-0.626543,0.626540,-0.626536,0.626537,-0.626539,-9.603185,9.603185
0,434,8.680000,commanding,-0.010738,0.622796,-0.636602,0.627398,-0.628932,0.625864,-0.628932,-9.602720,9.601186,0.000000,0.626547,-0.626543,0.626540,-0.626536,0.626537,-0.626539,-9.603185,9.603185
0,435,8.700000,commanding,-0.012272,0.622796,-0.636602,0.627398,-0.628932,0.625864,-0.628932,-9.602720,9.601186,0.000000,0.626547,-0.626543,0.626540,-0.626536,0.626537,-0.626539,-9.603185,9.603185
0,436,8.720000,commanding,-0.012272,0.622796,-0.636602,0.627398,-0.628932,0.625864,-0.628932,-9.602720,9.601186,0.000000,0.626547,-0.626543,0.626540,-0.626536,0.626537,-0.626539,-9.603185,9.603185
0,437,8.740000,commanding,-0.010738,0.622796,-0.636602,0.627398,-0.628932,0.625864,-0.628932,-9.602720,9.601186,0.000000,0.626547,-0.626543,0.626540,-0.626536,0.626537,-0.626539,-9.603185,9.603185
0,438,8.760000,commanding,-0.010738,0.622796,-0.636602,0.627398,-0.628932,0.625864,-0.628932,-9.602720,9.602720,0.000000,0.626547,-0.626543,0.626540,-0.626536,0.626537,-0.626539,-9.603185,9.603185
0,439,8.780000,commanding,-0.010738,0.622796,-0.636602,0.627398,-0.628932,0.625864,-0.628932,-9.602720,9.601186,0.000000,0.626547,-0.626543,0.626540,-0.626536,0.626537,-0.626539,-9.603185,9.603185
0,440,8.800000,commanding,-0.010738,0.622796,-0.636602,0.627398,-0.628932,0.625864,-0.628932,-9.602720,9.602720,0.000000,0.626547,-0.626543,0.626540,-0.626536,0.626537,-0.626539,-9.603185,9.603185
0,441,8.820000,commanding,-0.012272,0.622796,-0.636602,0.627398,-0.628932,0.625864,-0.628932,-9.601186,9.601186,0.000000,0.626547,-0.626543,0.626540,-0.626536,0.626537,-0.626539,-9.603185,9.603185
0,442,8.840000,commanding,-0.012272,0.622796,-0.636602,0.627398,-0.628932,0.625864,-0.628932,-9.602720,9.601186,0.000000,0.626547,-0.626543,0.626540,-0.626536,0.626537,-0.626539,-9.603185,9.603185
0,443,8.860000,commanding,-0.012272,0.622796,-0.636602,0.627398,-0.628932,0.625864,-0.628932,-9.602720,9.601186,0.000000,0.626547,-0.626543,0.626540,-0.626536,0.626537,-0.626539,-9.603185,9.603185
0,444,8.880000,commanding,-0.012272,0.622796,-0.636602,0.627398,-0.628932,0.625864,-0.628932,-9.602720,9.601186,0.000000,0.626547,-0.626543,0.626540,-0.626536,0.626537,-0.626539,-9.603185,9.603185
0,445,8.900000,commanding,-0.010738,0.622796,-0.636602,0.627398,-0.628932,0.625864,-0.628932,-9.602720,9.601186,0.000000,0.626547,-0.626543,0.626540,-0.626536,0.626537,-0.626539,-9.603185,9.603185
0,446,8.920000,commanding,-0.010738,0.622796,-0.636602,0.627398,-0.628932,0.625864,-0.628932,-9.602720,9.601186,0.000000,0.626547,-0.626543,0.626540,-0.626536,0.626537,-0.626539,-9.603185,9.603185
0,447,8.940000,commanding,-0.012272,0.622796,-0.636602,0.627398,-0.628932,0.625864,-0.628932,-9.602720,9.602720,0.000000,0.626547,-0.626543,0.626540,-0.626536,0.626537,-0.626539,-9.603185,9.603185
0,448,8.960000,commanding,-0.012272,0.622796,-0.636602,0.627398,-0.628932,0.625864,-0.628932,-9.602720,9.602720,0.000000,0.626547,-0.626543,0.626540,-0.626536,0.626537,-0.626539,-9.603185,9.603185
0,449,8.980000,commanding,-0.012272,0.622796,-0.636602,0.627398,-0.628932,0.625864,-0.628932,-9.602720,9.602720,0.000000,0.626547,-0.626543,0.626540,-0.626536,0.626537,-0.626539,-9.603185,9.603185
0,450,9.000000,commanding,-0.010738,0.622796,-0.636602,0.627398,-0.628932,0.625864,-0.628932,-9.602720,9.601186,0.000000,0.626547,-0.626543,0.626540,-0.626536,0.626537,-0.626539,-9.603185,9.603185
0,451,9.020000,commanding,-0.010738,0.622796,-0.636602,0.627398,-0.628932,0.625864,-0.628932,-9.602720,9.601186,0.000000,0.626547,-0.626543,0.626540,-0.626536,0.626537,-0.626539,-9.603185,9.603185
0,452,9.040000,commanding,-0.010738,0.622796,-0.636602,0.627398,-0.628932,0.625864,-0.628932,-9.602720,9.602720,0.000000,0.626547,-0.626543,0.626540,-0.626536,0.626537,-0.626539,-9.603185,9.603185
0,453,9.060000,commanding,-0.010738,0.622796,-0.636602,0.627398,-0.628932,0.625864,-0.628932,-9.602720,9.601186,0.000000,0.626547,-0.626543,0.626540,-0.626536,0.626537,-0.626539,-9.603185,9.603185
0,454,9.080000,commanding,-0.010738,0.622796,-0.636602,0.627398,-0.628932,0.625864,-0.628932,-9.602720,9.602720,0.000000,0.626547,-0.626543,0.626540,-0.626536,0.626537,-0.626539,-9.603185,9.603185
0,455,9.100000,commanding,-0.012272,0.622796,-0.636602,0.627398,-0.628932,0.625864,-0.628932,-9.602720,9.602720,0.000000,0.626547,-0.626543,0.626540,-0.626536,0.626537,-0.626539,-9.603185,9.603185
0,456,9.120000,commanding,-0.010738,0.622796,-0.636602,0.627398,-0.628932,0.625864,-0.628932,-9.602720,9.601186,0.000000,0.626547,-0.626543,0.626540,-0.626536,0.626537,-0.626539,-9.603185,9.603185
0,457,9.140000,commanding,-0.012272,0.622796,-0.636602,0.627398,-0.628932,0.625864,-0.628932,-9.601186,9.602720,0.000000,0.626547,-0.626543,0.626540,-0.626536,0.626537,-0.626539,-9.603185,9.603185
0,458,9.160000,commanding,-0.010738,0.622796,-0.636602,0.627398,-0.628932,0.625864,-0.628932,-9.602720,9.601186,0.000000,0.626547,-0.626543,0.626540,-0.626536,0.626537,-0.626539,-9.603185,9.603185
0,459,9.180000,commanding,-0.010738,0.622796,-0.636602,0.627398,-0.628932,0.625864,-0.628932,-9.602720,9.601186,0.000000,0.626547,-0.626543,0.626540,-0.626536,0.626537,-0.626539,-9.603185,9.603185
0,460,9.200000,commanding,-0.012272,0.622796,-0.636602,0.627398,-0.628932,0.625864,-0.628932,-9.602720,9.601186,0.000000,0.626547,-0.626543,0.626540,-0.626536,0.626537,-0.626539,-9.603185,9.603185
0,461,9.220000,commanding,-0.010738,0.622796,-0.636602,0.627398,-0.628932,0.625864,-0.628932,-9.602720,9.601186,0.000000,0.626547,-0.626543,0.626540,-0.626536,0.626537,-0.626539,-9.603185,9.603185
0,462,9.240000,commanding,-0.012272,0.622796,-0.636602,0.627398,-0.628932,0.625864,-0.628932,-9.602720,9.601186,0.000000,0.626547,-0.626543,0.626540,-0.626536,0.626537,-0.626539,-9.603185,9.603185
0,463,9.260000,commanding,-0.010738,0.622796,-0.636602,0.627398,-0.628932,0.625864,-0.628932,-9.602720,9.601186,0.000000,0.626547,-0.626543,0.626540,-0.626536,0.626537,-0.626539,-9.603185,9.603185
0,464,9.280000,commanding,-0.010738,0.622796,-0.636602,0.627398,-0.628932,0.625864,-0.628932,-9.602720,9.601186,0.000000,0.626547,-0.626543,0.626540,-0.626536,0.626537,-0.626539,-9.603185,9.603185
0,465,9.300000,commanding,-0.010738,0.622796,-0.636602,0.627398,-0.628932,0.625864,-0.628932,-9.602720,9.601186,0.000000,0.626547,-0.626543,0.626540,-0.626536,0.626537,-0.626539,-9.603185,9.603185
0,466,9.320000,commanding,-0.012272,0.622796,-0.636602,0.627398,-0.628932,0.625864,-0.628932,-9.602720,9.602720,0.000000,0.626547,-0.626543,0.626540,-0.626536,0.626537,-0.626539,-9.603185,9.603185
0,467,9.340000,commanding,-0.010738,0.622796,-0.636602,0.627398,-0.628932,0.625864,-0.628932,-9.602720,9.601186,0.000000,0.626547,-0.626543,0.626540,-0.626536,0.626537,-0.626539,-9.603185,9.603185
0,468,9.360000,commanding,-0.010738,0.622796,-0.636602,0.627398,-0.628932,0.625864,-0.628932,-9.602720,9.601186,0.000000,0.626547,-0.626543,0.626540,-0.626536,0.626537,-0.626539,-9.603185,9.603185
0,469,9.380000,commanding,-0.010738,0.622796,-0.636602,0.627398,-0.628932,0.625864,-0.628932,-9.602720,9.602720,0.000000,0.626547,-0.626543,0.626540,-0.626536,0.626537,-0.626539,-9.603185,9.603185
0,470,9.400000,commanding,-0.012272,0.622796,-0.636602,0.627398,-0.628932,0.625864,-0.628932,-9.602720,9.602720,0.000000,0.626547,-0.626543,0.626540,-0.626536,0.626537,-0.626539,-9.603185,9.603185
0,471,9.420000,commanding,-0.012272,0.622796,-0.636602,0.627398,-0.628932,0.625864,-0.628932,-9.602720,9.601186,0.000000,0.626547,-0.626543,0.626540,-0.626536,0.626537,-0.626539,-9.603185,9.603185
0,472,9.440000,commanding,-0.010738,0.622796,-0.636602,0.627398,-0.628932,0.625864,-0.628932,-9.602720,9.601186,0.000000,0.626547,-0.626543,0.626540,-0.626536,0.626537,-0.626539,-9.603185,9.603185
0,473,9.460000,commanding,-0.010738,0.622796,-0.636602,0.627398,-0.628932,0.625864,-0.628932,-9.602720,9.601186,0.000000,0.626547,-0.626543,0.626540,-0.626536,0.626537,-0.626539,-9.603185,9.603185
0,474,9.480000,commanding,-0.010738,0.622796,-0.636602,0.627398,-0.628932,0.625864,-0.628932,-9.602720,9.601186,0.000000,0.626547,-0.626543,0.626540,-0.626536,0.626537,-0.626539,-9.603185,9.603185
0,475,9.500000,commanding,-0.010738,0.622796,-0.636602,0.627398,-0.628932,0.625864,-0.628932,-9.602720,9.602720,0.000000,0.626547,-0.626543,0.626540,-0.626536,0.626537,-0.626539,-9.603185,9.603185
0,476,9.520000,commanding,-0.010738,0.622796,-0.636602,0.627398,-0.628932,0.625864,-0.628932,-9.602720,9.601186,0.000000,0.626547,-0.626543,0.626540,-0.626536,0.626537,-0.626539,-9.603185,9.603185
0,477,9.540000,commanding,-0.010738,0.622796,-0.636602,0.627398,-0.628932,0.625864,-0.628932,-9.602720,9.601186,0.000000,0.626547,-0.626543,0.626540,-0.626536,0.626537,-0.626539,-9.603185,9.603185
0,478,9.560000,commanding,-0.010738,0.622796,-0.636602,0.627398,-0.628932,0.625864,-0.628932,-9.602720,9.601186,0.000000,0.626547,-0.626543,0.626540,-0.626536,0.626537,-0.626539,-9.603185,9.603185
0,479,9.580000,commanding,-0.012272,0.622796,-0.636602,0.627398,-0.628932,0.625864,-0.628932,-9.602720,9.602720,0.000000,0.626547,-0.626543,0.626540,-0.626536,0.626537,-0.626539,-9.603185,9.603185
0,480,9.600000,commanding,-0.010738,0.622796,-0.636602,0.627398,-0.628932,0.625864,-0.628932,-9.602720,9.602720,0.000000,0.626547,-0.626543,0.626540,-0.626536,0.626537,-0.626539,-9.603185,9.603185
0,481,9.620000,commanding,-0.012272,0.622796,-0.636602,0.627398,-0.628932,0.624330,-0.628932,-9.602720,9.602720,0.000000,0.626547,-0.626543,0.626540,-0.626536,0.626537,-0.626539,-9.603185,9.603185
0,482,9.640000,commanding,-0.010738,0.622796,-0.636602,0.627398,-0.628932,0.624330,-0.628932,-9.602720,9.601186,0.000000,0.626547,-0.626543,0.626540,-0.626536,0.626537,-0.626539,-9.603185,9.603185
0,483,9.660000,commanding,-0.010738,0.622796,-0.636602,0.627398,-0.628932,0.622796,-0.628932,-9.602720,9.601186,0.000000,0.626547,-0.626543,0.626540,-0.626536,0.626537,-0.626539,-9.603185,9.603185
0,484,9.680000,commanding,-0.010738,0.622796,-0.636602,0.627398,-0.628932,0.622796,-0.628932,-9.602720,9.602720,0.000000,0.626547,-0.626543,0.626540,-0.626536,0.626537,-0.626539,-9.603185,9.603185
0,485,9.700000,commanding,-0.012272,0.622796,-0.636602,0.627398,-0.628932,0.622796,-0.628932,-9.602720,9.601186,0.000000,0.626547,-0.626543,0.626540,-0.626536,0.626537,-0.626539,-9.603185,9.603185
0,486,9.720000,commanding,-0.010738,0.622796,-0.636602,0.627398,-0.628932,0.622796,-0.628932,-9.602720,9.602720,0.000000,0.626547,-0.626543,0.626540,-0.626536,0.626537,-0.626539,-9.603185,9.603185
0,487,9.740000,commanding,-0.010738,0.622796,-0.636602,0.627398,-0.628932,0.622796,-0.628932,-9.602720,9.601186,0.000000,0.626547,-0.626543,0.626540,-0.626536,0.626537,-0.626539,-9.603185,9.603185
0,488,9.760000,commanding,-0.010738,0.622796,-0.636602,0.627398,-0.628932,0.622796,-0.628932,-9.602720,9.602720,0.000000,0.626547,-0.626543,0.626540,-0.626536,0.626537,-0.626539,-9.603185,9.603185
0,489,9.780000,commanding,-0.010738,0.622796,-0.636602,0.627398,-0.628932,0.622796,-0.628932,-9.602720,9.601186,0.000000,0.626547,-0.626543,0.626540,-0.626536,0.626537,-0.626539,-9.603185,9.603185
0,490,9.800000,commanding,-0.010738,0.622796,-0.636602,0.627398,-0.628932,0.622796,-0.628932,-9.602720,9.601186,0.000000,0.626547,-0.626543,0.626540,-0.626536,0.626537,-0.626539,-9.603185,9.603185
0,491,9.820000,commanding,-0.010738,0.622796,-0.636602,0.627398,-0.628932,0.622796,-0.628932,-9.602720,9.601186,0.000000,0.626547,-0.626543,0.626540,-0.626536,0.626537,-0.626539,-9.603185,9.603185
0,492,9.840000,commanding,-0.010738,0.622796,-0.636602,0.627398,-0.628932,0.622796,-0.628932,-9.602720,9.602720,0.000000,0.626547,-0.626543,0.626540,-0.626536,0.626537,-0.626539,-9.603185,9.603185
0,493,9.860000,commanding,-0.010738,0.622796,-0.636602,0.627398,-0.628932,0.622796,-0.628932,-9.602720,9.601186,0.000000,0.626547,-0.626543,0.626540,-0.626536,0.626537,-0.626539,-9.603185,9.603185
0,494,9.880000,commanding,-0.010738,0.622796,-0.636602,0.627398,-0.628932,0.622796,-0.628932,-9.602720,9.602720,0.000000,0.626547,-0.626543,0.626540,-0.626536,0.626537,-0.626539,-9.603185,9.603185
0,495,9.900000,commanding,-0.010738,0.622796,-0.636602,0.627398,-0.628932,0.622796,-0.628932,-9.602720,9.602720,0.000000,0.626547,-0.626543,0.626540,-0.626536,0.626537,-0.626539,-9.603185,9.603185
0,496,9.920000,commanding,-0.010738,0.622796,-0.636602,0.627398,-0.628932,0.622796,-0.628932,-9.602720,9.602720,0.000000,0.626547,-0.626543,0.626540,-0.626536,0.626537,-0.626539,-9.603185,9.603185
0,497,9.940000,commanding,-0.010738,0.622796,-0.636602,0.627398,-0.628932,0.622796,-0.628932,-9.602720,9.602720,0.000000,0.626547,-0.626543,0.626540,-0.626536,0.626537,-0.626539,-9.603185,9.603185
0,498,9.960000,commanding,-0.010738,0.622796,-0.636602,0.627398,-0.628932,0.622796,-0.628932,-9.602720,9.602720,0.000000,0.626547,-0.626543,0.626540,-0.626536,0.626537,-0.626539,-9.603185,9.603185
0,499,9.980000,commanding,-0.010738,0.622796,-0.636602,0.627398,-0.628932,0.622796,-0.628932,-9.602720,9.602720,0.000000,0.626547,-0.626543,0.626540,-0.626536,0.626537,-0.626539,-9.603185,9.603185
0,500,10.000000,commanding,-0.010738,0.622796,-0.636602,0.627398,-0.628932,0.622796,-0.628932,-9.602720,9.602720,0.000000,0.626547,-0.626543,0.626540,-0.626536,0.626537,-0.626539,-9.603185,9.603185
0,501,10.020000,commanding,-0.012272,0.622796,-0.636602,0.627398,-0.628932,0.622796,-0.628932,-9.602720,9.602720,0.000000,0.626547,-0.626543,0.626540,-0.626536,0.626537,-0.626539,-9.603185,9.603185
0,502,10.040000,commanding,-0.010738,0.622796,-0.636602,0.627398,-0.628932,0.622796,-0.628932,-9.602720,9.601186,0.000000,0.626547,-0.626543,0.626540,-0.626536,0.626537,-0.626539,-9.603185,9.603185
0,503,10.060000,commanding,-0.012272,0.622796,-0.636602,0.627398,-0.628932,0.622796,-0.628932,-9.602720,9.601186,0.000000,0.626547,-0.626543,0.626540,-0.626536,0.626537,-0.626539,-9.603185,9.603185
0,504,10.080000,commanding,-0.010738,0.622796,-0.636602,0.627398,-0.628932,0.622796,-0.628932,-9.602720,9.602720,0.000000,0.626547,-0.626543,0.626540,-0.626536,0.626537,-0.626539,-9.603185,9.603185
0,505,10.100000,commanding,-0.010738,0.622796,-0.636602,0.627398,-0.628932,0.622796,-0.628932,-9.602720,9.602720,0.000000,0.626547,-0.626543,0.626540,-0.626536,0.626537,-0.626539,-9.603185,9.603185
0,506,10.120000,commanding,-0.012272,0.622796,-0.636602,0.627398,-0.628932,0.622796,-0.628932,-9.602720,9.602720,0.000000,0.626547,-0.626543,0.626540,-0.626536,0.626537,-0.626539,-9.603185,9.603185
0,507,10.140000,commanding,-0.012272,0.622796,-0.636602,0.627398,-0.628932,0.622796,-0.628932,-9.602720,9.602720,0.000000,0.626547,-0.626543,0.626540,-0.626536,0.626537,-0.626539,-9.603185,9.603185
0,508,10.160000,commanding,-0.010738,0.622796,-0.636602,0.627398,-0.628932,0.622796,-0.628932,-9.602720,9.602720,0.000000,0.626547,-0.626543,0.626540,-0.626536,0.626537,-0.626539,-9.603185,9.603185
0,509,10.180000,commanding,-0.012272,0.622796,-0.636602,0.627398,-0.628932,0.622796,-0.628932,-9.602720,9.602720,0.000000,0.626547,-0.626543,0.626540,-0.626536,0.626537,-0.626539,-9.603185,9.603185
0,510,10.200000,commanding,-0.010738,0.622796,-0.636602,0.627398,-0.628932,0.622796,-0.628932,-9.602720,9.602720,0.000000,0.626547,-0.626543,0.626540,-0.626536,0.626537,-0.626539,-9.603185,9.603185
0,511,10.220000,commanding,-0.010738,0.622796,-0.636602,0.627398,-0.628932,0.622796,-0.628932,-9.602720,9.601186,0.000000,0.626547,-0.626543,0.626540,-0.626536,0.626537,-0.626539,-9.603185,9.603185
0,512,10.240000,commanding,-0.012272,0.622796,-0.636602,0.627398,-0.628932,0.622796,-0.628932,-9.602720,9.601186,0.000000,0.626547,-0.626543,0.626540,-0.626536,0.626537,-0.626539,-9.603185,9.603185
0,513,10.260000,commanding,-0.010738,0.622796,-0.636602,0.627398,-0.628932,0.622796,-0.628932,-9.602720,9.601186,0.000000,0.626547,-0.626543,0.626540,-0.626536,0.626537,-0.626539,-9.603185,9.603185
0,514,10.280000,commanding,-0.012272,0.622796,-0.636602,0.627398,-0.628932,0.622796,-0.628932,-9.602720,9.602720,0.000000,0.626547,-0.626543,0.626540,-0.626536,0.626537,-0.626539,-9.603185,9.603185
0,515,10.300000,commanding,-0.010738,0.622796,-0.636602,0.627398,-0.628932,0.622796,-0.628932,-9.602720,9.601186,0.000000,0.626547,-0.626543,0.626540,-0.626536,0.626537,-0.626539,-9.603185,9.603185
0,516,10.320000,commanding,-0.010738,0.622796,-0.636602,0.627398,-0.628932,0.622796,-0.628932,-9.602720,9.601186,0.000000,0.626547,-0.626543,0.626540,-0.626536,0.626537,-0.626539,-9.603185,9.603185
0,517,10.340000,commanding,-0.012272,0.622796,-0.636602,0.627398,-0.628932,0.622796,-0.628932,-9.602720,9.601186,0.000000,0.626547,-0.626543,0.626540,-0.626536,0.626537,-0.626539,-9.603185,9.603185
0,518,10.360000,commanding,-0.010738,0.622796,-0.636602,0.627398,-0.628932,0.622796,-0.628932,-9.602720,9.602720,0.000000,0.626547,-0.626543,0.626540,-0.626536,0.626537,-0.626539,-9.603185,9.603185
0,519,10.380000,commanding,-0.010738,0.622796,-0.636602,0.627398,-0.628932,0.622796,-0.628932,-9.602720,9.601186,0.000000,0.626547,-0.626543,0.626540,-0.626536,0.626537,-0.626539,-9.603185,9.603185
0,520,10.400000,commanding,-0.010738,0.622796,-0.636602,0.627398,-0.628932,0.622796,-0.628932,-9.602720,9.602720,0.000000,0.626547,-0.626543,0.626540,-0.626536,0.626537,-0.626539,-9.603185,9.603185
0,521,10.420000,commanding,-0.010738,0.622796,-0.636602,0.627398,-0.628932,0.622796,-0.628932,-9.602720,9.601186,0.000000,0.626547,-0.626543,0.626540,-0.626536,0.626537,-0.626539,-9.603185,9.603185
0,522,10.440000,commanding,-0.010738,0.622796,-0.636602,0.627398,-0.628932,0.622796,-0.628932,-9.602720,9.602720,0.000000,0.626547,-0.626543,0.626540,-0.626536,0.626537,-0.626539,-9.603185,9.603185
0,523,10.460000,commanding,-0.010738,0.622796,-0.636602,0.627398,-0.628932,0.622796,-0.628932,-9.602720,9.601186,0.000000,0.626547,-0.626543,0.626540,-0.626536,0.626537,-0.626539,-9.603185,9.603185
0,524,10.480000,commanding,-0.010738,0.622796,-0.636602,0.627398,-0.628932,0.622796,-0.628932,-9.602720,9.601186,0.000000,0.626547,-0.626543,0.626540,-0.626536,0.626537,-0.626539,-9.603185,9.603185
0,525,10.500000,commanding,-0.010738,0.622796,-0.636602,0.627398,-0.628932,0.622796,-0.628932,-9.602720,9.602720,0.000000,0.626547,-0.626543,0.626540,-0.626536,0.626537,-0.626539,-9.603185,9.603185
0,526,10.520000,commanding,-0.010738,0.622796,-0.636602,0.627398,-0.628932,0.622796,-0.628932,-9.602720,9.601186,0.000000,0.626547,-0.626543,0.626540,-0.626536,0.626537,-0.626539,-9.603185,9.603185
0,527,10.540000,commanding,-0.010738,0.622796,-0.636602,0.627398,-0.628932,0.622796,-0.628932,-9.602720,9.601186,0.000000,0.626547,-0.626543,0.626540,-0.626536,0.626537,-0.626539,-9.603185,9.603185
0,528,10.560000,commanding,-0.012272,0.622796,-0.636602,0.627398,-0.628932,0.622796,-0.628932,-9.602720,9.602720,0.000000,0.626547,-0.626543,0.626540,-0.626536,0.626537,-0.626539,-9.603185,9.603185
0,529,10.580000,commanding,-0.010738,0.622796,-0.636602,0.627398,-0.628932,0.622796,-0.628932,-9.602720,9.601186,0.000000,0.626547,-0.626543,0.626540,-0.626536,0.626537,-0.626539,-9.603185,9.603185
0,530,10.600000,commanding,-0.010738,0.622796,-0.636602,0.627398,-0.628932,0.622796,-0.628932,-9.602720,9.602720,0.000000,0.626547,-0.626543,0.626540,-0.626536,0.626537,-0.626539,-9.603185,9.603185
0,531,10.620000,commanding,-0.010738,0.622796,-0.636602,0.627398,-0.628932,0.622796,-0.628932,-9.602720,9.601186,0.000000,0.626547,-0.626543,0.626540,-0.626536,0.626537,-0.626539,-9.603185,9.603185
0,532,10.640000,commanding,-0.010738,0.622796,-0.636602,0.627398,-0.628932,0.622796,-0.628932,-9.602720,9.602720,0.000000,0.626547,-0.626543,0.626540,-0.626536,0.626537,-0.626539,-9.603185,9.603185
0,533,10.660000,commanding,-0.010738,0.622796,-0.636602,0.627398,-0.628932,0.622796,-0.628932,-9.602720,9.601186,0.000000,0.626547,-0.626543,0.626540,-0.626536,0.626537,-0.626539,-9.603185,9.603185
0,534,10.680000,commanding,-0.010738,0.622796,-0.636602,0.627398,-0.628932,0.622796,-0.628932,-9.602720,9.601186,0.000000,0.626547,-0.626543,0.626540,-0.626536,0.626537,-0.626539,-9.603185,9.603185
0,535,10.700000,commanding,-0.010738,0.622796,-0.636602,0.627398,-0.628932,0.622796,-0.628932,-9.602720,9.602720,0.000000,0.626547,-0.626543,0.626540,-0.626536,0.626537,-0.626539,-9.603185,9.603185
0,536,10.720000,commanding,-0.012272,0.622796,-0.636602,0.627398,-0.628932,0.622796,-0.628932,-9.602720,9.601186,0.000000,0.626547,-0.626543,0.626540,-0.626536,0.626537,-0.626539,-9.603185,9.603185
0,537,10.740000,commanding,-0.012272,0.622796,-0.636602,0.627398,-0.628932,0.622796,-0.628932,-9.602720,9.601186,0.000000,0.626547,-0.626543,0.626540,-0.626536,0.626537,-0.626539,-9.603185,9.603185
0,538,10.760000,commanding,-0.010738,0.622796,-0.636602,0.627398,-0.628932,0.622796,-0.628932,-9.602720,9.601186,0.000000,0.626547,-0.626543,0.626540,-0.626536,0.626537,-0.626539,-9.603185,9.603185
0,539,10.780000,commanding,-0.010738,0.622796,-0.636602,0.627398,-0.628932,0.622796,-0.628932,-9.602720,9.602720,0.000000,0.626547,-0.626543,0.626540,-0.626536,0.626537,-0.626539,-9.603185,9.603185
0,540,10.800000,commanding,-0.010738,0.622796,-0.636602,0.627398,-0.628932,0.622796,-0.628932,-9.602720,9.601186,0.000000,0.626547,-0.626543,0.626540,-0.626536,0.626537,-0.626539,-9.603185,9.603185
0,541,10.820000,commanding,-0.010738,0.622796,-0.636602,0.627398,-0.628932,0.622796,-0.628932,-9.602720,9.601186,0.000000,0.626547,-0.626543,0.626540,-0.626536,0.626537,-0.626539,-9.603185,9.603185
0,542,10.840000,commanding,-0.010738,0.622796,-0.636602,0.627398,-0.628932,0.622796,-0.628932,-9.602720,9.601186,0.000000,0.626547,-0.626543,0.626540,-0.626536,0.626537,-0.626539,-9.603185,9.603185
0,543,10.860000,commanding,-0.012272,0.622796,-0.636602,0.627398,-0.628932,0.622796,-0.628932,-9.602720,9.601186,0.000000,0.626547,-0.626543,0.626540,-0.626536,0.626537,-0.626539,-9.603185,9.603185
0,544,10.880000,commanding,-0.012272,0.622796,-0.636602,0.627398,-0.628932,0.622796,-0.628932,-9.602720,9.602720,0.000000,0.626547,-0.626543,0.626540,-0.626536,0.626537,-0.626539,-9.603185,9.603185
0,545,10.900000,commanding,-0.010738,0.622796,-0.636602,0.627398,-0.628932,0.622796,-0.628932,-9.602720,9.602720,0.000000,0.626547,-0.626543,0.626540,-0.626536,0.626537,-0.626539,-9.603185,9.603185
0,546,10.920000,commanding,-0.010738,0.622796,-0.636602,0.627398,-0.628932,0.622796,-0.628932,-9.602720,9.601186,0.000000,0.626547,-0.626543,0.626540,-0.626536,0.626537,-0.626539,-9.603185,9.603185
0,547,10.940000,commanding,-0.012272,0.622796,-0.636602,0.627398,-0.628932,0.622796,-0.628932,-9.602720,9.601186,0.000000,0.626547,-0.626543,0.626540,-0.626536,0.626537,-0.626539,-9.603185,9.603185
0,548,10.960000,commanding,-0.010738,0.622796,-0.636602,0.627398,-0.628932,0.622796,-0.628932,-9.602720,9.601186,0.000000,0.626547,-0.626543,0.626540,-0.626536,0.626537,-0.626539,-9.603185,9.603185
0,549,10.980000,commanding,-0.010738,0.622796,-0.636602,0.627398,-0.628932,0.622796,-0.628932,-9.602720,9.601186,0.000000,0.626547,-0.626543,0.626540,-0.626536,0.626537,-0.626539,-9.603185,9.603185
0,550,11.000000,commanding,-0.010738,0.622796,-0.636602,0.627398,-0.628932,0.622796,-0.628932,-9.602720,9.601186,0.000000,0.626547,-0.626543,0.626540,-0.626536,0.626537,-0.626539,-9.603185,9.603185
0,551,11.020000,commanding,-0.010738,0.622796,-0.636602,0.627398,-0.628932,0.622796,-0.628932,-9.602720,9.601186,0.000000,0.626547,-0.626543,0.626540,-0.626536,0.626537,-0.626539,-9.603185,9.603185
0,552,11.040000,commanding,-0.010738,0.622796,-0.636602,0.627398,-0.628932,0.622796,-0.628932,-9.602720,9.601186,0.000000,0.626547,-0.626543,0.626540,-0.626536,0.626537,-0.626539,-9.603185,9.603185
0,553,11.060000,commanding,-0.010738,0.622796,-0.636602,0.627398,-0.628932,0.622796,-0.628932,-9.602720,9.602720,0.000000,0.626547,-0.626543,0.626540,-0.626536,0.626537,-0.626539,-9.603185,9.603185
0,554,11.080000,commanding,-0.010738,0.622796,-0.636602,0.627398,-0.628932,0.622796,-0.628932,-9.602720,9.602720,0.000000,0.626547,-0.626543,0.626540,-0.626536,0.626537,-0.626539,-9.603185,9.603185
0,555,11.100000,commanding,-0.010738,0.622796,-0.636602,0.627398,-0.628932,0.622796,-0.628932,-9.602720,9.602720,0.000000,0.626547,-0.626543,0.626540,-0.626536,0.626537,-0.626539,-9.603185,9.603185
0,556,11.120000,commanding,-0.010738,0.622796,-0.636602,0.627398,-0.628932,0.622796,-0.628932,-9.602720,9.602720,0.000000,0.626547,-0.626543,0.626540,-0.626536,0.626537,-0.626539,-9.603185,9.603185
0,557,11.140000,commanding,-0.010738,0.622796,-0.636602,0.627398,-0.628932,0.622796,-0.628932,-9.602720,9.602720,0.000000,0.626547,-0.626543,0.626540,-0.626536,0.626537,-0.626539,-9.603185,9.603185
0,558,11.160000,commanding,-0.010738,0.622796,-0.636602,0.627398,-0.628932,0.622796,-0.628932,-9.602720,9.601186,0.000000,0.626547,-0.626543,0.626540,-0.626536,0.626537,-0.626539,-9.603185,9.603185
0,559,11.180000,commanding,-0.010738,0.622796,-0.636602,0.627398,-0.628932,0.622796,-0.628932,-9.602720,9.602720,0.000000,0.626547,-0.626543,0.626540,-0.626536,0.626537,-0.626539,-9.603185,9.603185
0,560,11.200000,commanding,-0.012272,0.622796,-0.636602,0.627398,-0.628932,0.622796,-0.628932,-9.602720,9.601186,0.000000,0.626547,-0.626543,0.626540,-0.626536,0.626537,-0.626539,-9.603185,9.603185
0,561,11.220000,commanding,-0.012272,0.622796,-0.636602,0.627398,-0.628932,0.622796,-0.628932,-9.602720,9.601186,0.000000,0.626547,-0.626543,0.626540,-0.626536,0.626537,-0.626539,-9.603185,9.603185
0,562,11.240000,commanding,-0.012272,0.622796,-0.636602,0.627398,-0.628932,0.622796,-0.628932,-9.602720,9.601186,0.000000,0.626547,-0.626543,0.626540,-0.626536,0.626537,-0.626539,-9.603185,9.603185
0,563,11.260000,commanding,-0.010738,0.622796,-0.636602,0.627398,-0.628932,0.622796,-0.628932,-9.602720,9.601186,0.000000,0.626547,-0.626543,0.626540,-0.626536,0.626537,-0.626539,-9.603185,9.603185
0,564,11.280000,commanding,-0.012272,0.622796,-0.636602,0.627398,-0.628932,0.622796,-0.628932,-9.602720,9.601186,0.000000,0.626547,-0.626543,0.626540,-0.626536,0.626537,-0.626539,-9.603185,9.603185
0,565,11.300000,commanding,-0.012272,0.622796,-0.636602,0.627398,-0.628932,0.622796,-0.628932,-9.602720,9.602720,0.000000,0.626547,-0.626543,0.626540,-0.626536,0.626537,-0.626539,-9.603185,9.603185
0,566,11.320000,commanding,-0.010738,0.622796,-0.636602,0.627398,-0.628932,0.622796,-0.628932,-9.602720,9.601186,0.000000,0.626547,-0.626543,0.626540,-0.626536,0.626537,-0.626539,-9.603185,9.603185
0,567,11.340000,commanding,-0.010738,0.622796,-0.636602,0.627398,-0.628932,0.622796,-0.628932,-9.602720,9.602720,0.000000,0.626547,-0.626543,0.626540,-0.626536,0.626537,-0.626539,-9.603185,9.603185
0,568,11.360000,commanding,-0.010738,0.622796,-0.636602,0.627398,-0.628932,0.622796,-0.628932,-9.602720,9.602720,0.000000,0.626547,-0.626543,0.626540,-0.626536,0.626537,-0.626539,-9.603185,9.603185
0,569,11.380000,commanding,-0.010738,0.622796,-0.636602,0.627398,-0.628932,0.622796,-0.628932,-9.602720,9.601186,0.000000,0.626547,-0.626543,0.626540,-0.626536,0.626537,-0.626539,-9.603185,9.603185
0,570,11.400000,commanding,-0.012272,0.622796,-0.636602,0.627398,-0.628932,0.622796,-0.628932,-9.602720,9.602720,0.000000,0.626547,-0.626543,0.626540,-0.626536,0.626537,-0.626539,-9.603185,9.603185
0,571,11.420000,commanding,-0.010738,0.622796,-0.636602,0.627398,-0.628932,0.622796,-0.628932,-9.602720,9.601186,0.000000,0.626547,-0.626543,0.626540,-0.626536,0.626537,-0.626539,-9.603185,9.603185
0,572,11.440000,commanding,-0.010738,0.622796,-0.636602,0.627398,-0.628932,0.622796,-0.628932,-9.602720,9.602720,0.000000,0.626547,-0.626543,0.626540,-0.626536,0.626537,-0.626539,-9.603185,9.603185
0,573,11.460000,commanding,-0.010738,0.622796,-0.636602,0.627398,-0.628932,0.622796,-0.628932,-9.602720,9.601186,0.000000,0.626547,-0.626543,0.626540,-0.626536,0.626537,-0.626539,-9.603185,9.603185
0,574,11.480000,commanding,-0.010738,0.622796,-0.636602,0.627398,-0.628932,0.622796,-0.628932,-9.602720,9.602720,0.000000,0.626547,-0.626543,0.626540,-0.626536,0.626537,-0.626539,-9.603185,9.603185
0,575,11.500000,commanding,-0.010738,0.622796,-0.636602,0.627398,-0.628932,0.622796,-0.628932,-9.602720,9.602720,0.000000,0.626547,-0.626543,0.626540,-0.626536,0.626537,-0.626539,-9.603185,9.603185
0,576,11.520000,commanding,-0.012272,0.622796,-0.636602,0.627398,-0.628932,0.622796,-0.628932,-9.602720,9.601186,0.000000,0.626547,-0.626543,0.626540,-0.626536,0.626537,-0.626539,-9.603185,9.603185
0,577,11.540000,commanding,-0.010738,0.622796,-0.636602,0.627398,-0.628932,0.622796,-0.628932,-9.602720,9.602720,0.000000,0.626547,-0.626543,0.626540,-0.626536,0.626537,-0.626539,-9.603185,9.603185
0,578,11.560000,commanding,-0.010738,0.622796,-0.636602,0.627398,-0.628932,0.622796,-0.628932,-9.602720,9.601186,0.000000,0.626547,-0.626543,0.626540,-0.626536,0.626537,-0.626539,-9.603185,9.603185
0,579,11.580000,commanding,-0.010738,0.622796,-0.636602,0.627398,-0.628932,0.622796,-0.628932,-9.602720,9.601186,0.000000,0.626547,-0.626543,0.626540,-0.626536,0.626537,-0.626539,-9.603185,9.603185
0,580,11.600000,commanding,-0.010738,0.622796,-0.636602,0.627398,-0.628932,0.622796,-0.628932,-9.602720,9.601186,0.000000,0.626547,-0.626543,0.626540,-0.626536,0.626537,-0.626539,-9.603185,9.603185
0,581,11.620000,commanding,-0.012272,0.622796,-0.636602,0.627398,-0.628932,0.622796,-0.628932,-9.602720,9.601186,0.000000,0.626547,-0.626543,0.626540,-0.626536,0.626537,-0.626539,-9.603185,9.603185
0,582,11.640000,commanding,-0.010738,0.622796,-0.636602,0.627398,-0.628932,0.622796,-0.628932,-9.602720,9.601186,0.000000,0.626547,-0.626543,0.626540,-0.626536,0.626537,-0.626539,-9.603185,9.603185
0,583,11.660000,commanding,-0.012272,0.622796,-0.636602,0.627398,-0.628932,0.622796,-0.628932,-9.602720,9.601186,0.000000,0.626547,-0.626543,0.626540,-0.626536,0.626537,-0.626539,-9.603185,9.603185
0,584,11.680000,commanding,-0.010738,0.622796,-0.636602,0.627398,-0.628932,0.622796,-0.628932,-9.602720,9.602720,0.000000,0.626547,-0.626543,0.626540,-0.626536,0.626537,-0.626539,-9.603185,9.603185
0,585,11.700000,commanding,-0.010738,0.622796,-0.636602,0.627398,-0.628932,0.622796,-0.628932,-9.602720,9.602720,0.000000,0.626547,-0.626543,0.626540,-0.626536,0.626537,-0.626539,-9.603185,9.603185
0,586,11.720000,commanding,-0.012272,0.622796,-0.636602,0.627398,-0.628932,0.622796,-0.628932,-9.602720,9.601186,0.000000,0.626547,-0.626543,0.626540,-0.626536,0.626537,-0.626539,-9.603185,9.603185
0,587,11.740000,commanding,-0.010738,0.622796,-0.636602,0.627398,-0.628932,0.622796,-0.628932,-9.602720,9.601186,0.000000,0.626547,-0.626543,0.626540,-0.626536,0.626537,-0.626539,-9.603185,9.603185
0,588,11.760000,commanding,-0.010738,0.622796,-0.636602,0.627398,-0.628932,0.622796,-0.628932,-9.602720,9.601186,0.000000,0.626547,-0.626543,0.626540,-0.626536,0.626537,-0.626539,-9.603185,9.603185
0,589,11.780000,commanding,-0.010738,0.622796,-0.636602,0.627398,-0.628932,0.622796,-0.628932,-9.602720,9.602720,0.000000,0.626547,-0.626543,0.626540,-0.626536,0.626537,-0.626539,-9.603185,9.603185
0,590,11.800000,commanding,-0.010738,0.622796,-0.636602,0.627398,-0.628932,0.622796,-0.628932,-9.602720,9.601186,0.000000,0.626547,-0.626543,0.626540,-0.626536,0.626537,-0.626539,-9.603185,9.603185
0,591,11.820000,commanding,-0.010738,0.622796,-0.636602,0.627398,-0.628932,0.622796,-0.628932,-9.602720,9.601186,0.000000,0.626547,-0.626543,0.626540,-0.626536,0.626537,-0.626539,-9.603185,9.603185
0,592,11.840000,commanding,-0.010738,0.622796,-0.636602,0.627398,-0.628932,0.622796,-0.628932,-9.602720,9.602720,0.000000,0.626547,-0.626543,0.626540,-0.626536,0.626537,-0.626539,-9.603185,9.603185
0,593,11.860000,commanding,-0.010738,0.622796,-0.636602,0.627398,-0.628932,0.622796,-0.628932,-9.602720,9.602720,0.000000,0.626547,-0.626543,0.626540,-0.626536,0.626537,-0.626539,-9.603185,9.603185
0,594,11.880000,commanding,-0.010738,0.622796,-0.636602,0.627398,-0.628932,0.622796,-0.628932,-9.602720,9.602720,0.000000,0.626547,-0.626543,0.626540,-0.626536,0.626537,-0.626539,-9.603185,9.603185
0,595,11.900000,commanding,-0.010738,0.622796,-0.636602,0.627398,-0.628932,0.622796,-0.628932,-9.602720,9.602720,0.000000,0.626547,-0.626543,0.626540,-0.626536,0.626537,-0.626539,-9.603185,9.603185
0,596,11.920000,commanding,-0.010738,0.622796,-0.636602,0.627398,-0.628932,0.622796,-0.628932,-9.602720,9.602720,0.000000,0.626547,-0.626543,0.626540,-0.626536,0.626537,-0.626539,-9.603185,9.603185
0,597,11.940000,commanding,-0.010738,0.622796,-0.636602,0.627398,-0.628932,0.622796,-0.628932,-9.602720,9.602720,0.000000,0.626547,-0.626543,0.626540,-0.626536,0.626537,-0.626539,-9.603185,9.603185
0,598,11.960000,commanding,-0.010738,0.622796,-0.636602,0.627398,-0.628932,0.622796,-0.628932,-9.602720,9.602720,0.000000,0.626547,-0.626543,0.626540,-0.626536,0.626537,-0.626539,-9.603185,9.603185
0,599,11.980000,commanding,-0.010738,0.622796,-0.636602,0.627398,-0.628932,0.622796,-0.628932,-9.602720,9.602720,0.000000,0.626547,-0.626543,0.626540,-0.626536,0.626537,-0.626539,-9.603185,9.603185
0,600,12.000000,commanding,-0.010738,0.622796,-0.636602,0.627398,-0.628932,0.622796,-0.628932,-9.602720,9.601186,0.000000,0.626547,-0.626543,0.626540,-0.626536,0.626537,-0.626539,-9.603185,9.603185
0,601,12.020000,commanding,-0.010738,0.622796,-0.636602,0.627398,-0.628932,0.622796,-0.628932,-9.602720,9.602720,0.000000,0.626547,-0.626543,0.626540,-0.626536,0.626537,-0.626539,-9.603185,9.603185
0,602,12.040000,commanding,-0.010738,0.622796,-0.636602,0.627398,-0.628932,0.622796,-0.628932,-9.602720,9.601186,0.000000,0.626547,-0.626543,0.626540,-0.626536,0.626537,-0.626539,-9.603185,9.603185
0,603,12.060000,commanding,-0.012272,0.622796,-0.636602,0.627398,-0.628932,0.622796,-0.628932,-9.602720,9.601186,0.000000,0.626547,-0.626543,0.626540,-0.626536,0.626537,-0.626539,-9.603185,9.603185
0,604,12.080000,commanding,-0.010738,0.622796,-0.636602,0.627398,-0.628932,0.622796,-0.628932,-9.602720,9.601186,0.000000,0.626547,-0.626543,0.626540,-0.626536,0.626537,-0.626539,-9.603185,9.603185
0,605,12.100000,commanding,-0.010738,0.622796,-0.636602,0.627398,-0.628932,0.622796,-0.628932,-9.601186,9.601186,0.000000,0.626547,-0.626543,0.626540,-0.626536,0.626537,-0.626539,-9.603185,9.603185
0,606,12.120000,commanding,-0.010738,0.622796,-0.636602,0.627398,-0.628932,0.622796,-0.628932,-9.602720,9.601186,0.000000,0.626547,-0.626543,0.626540,-0.626536,0.626537,-0.626539,-9.603185,9.603185
0,607,12.140000,commanding,-0.012272,0.622796,-0.636602,0.627398,-0.628932,0.622796,-0.628932,-9.602720,9.601186,0.000000,0.626547,-0.626543,0.626540,-0.626536,0.626537,-0.626539,-9.603185,9.603185
0,608,12.160000,commanding,-0.010738,0.622796,-0.636602,0.627398,-0.628932,0.622796,-0.628932,-9.602720,9.601186,0.000000,0.626547,-0.626543,0.626540,-0.626536,0.626537,-0.626539,-9.603185,9.603185
0,609,12.180000,commanding,-0.010738,0.622796,-0.636602,0.627398,-0.628932,0.622796,-0.628932,-9.602720,9.601186,0.000000,0.626547,-0.626543,0.626540,-0.626536,0.626537,-0.626539,-9.603185,9.603185
0,610,12.200000,commanding,-0.010738,0.622796,-0.636602,0.627398,-0.628932,0.622796,-0.628932,-9.602720,9.602720,0.000000,0.626547,-0.626543,0.626540,-0.626536,0.626537,-0.626539,-9.603185,9.603185
0,611,12.220000,commanding,-0.010738,0.622796,-0.636602,0.627398,-0.628932,0.622796,-0.628932,-9.602720,9.601186,0.000000,0.626547,-0.626543,0.626540,-0.626536,0.626537,-0.626539,-9.603185,9.603185
0,612,12.240000,commanding,-0.010738,0.622796,-0.636602,0.627398,-0.628932,0.622796,-0.628932,-9.602720,9.601186,0.000000,0.626547,-0.626543,0.626540,-0.626536,0.626537,-0.626539,-9.603185,9.603185
0,613,12.260000,commanding,-0.010738,0.622796,-0.636602,0.627398,-0.628932,0.622796,-0.628932,-9.602720,9.601186,0.000000,0.626547,-0.626543,0.626540,-0.626536,0.626537,-0.626539,-9.603185,9.603185
0,614,12.280000,commanding,-0.010738,0.622796,-0.636602,0.627398,-0.628932,0.622796,-0.628932,-9.602720,9.601186,0.000000,0.626547,-0.626543,0.626540,-0.626536,0.626537,-0.626539,-9.603185,9.603185
0,615,12.300000,commanding,-0.012272,0.622796,-0.636602,0.627398,-0.628932,0.622796,-0.628932,-9.602720,9.601186,0.000000,0.626547,-0.626543,0.626540,-0.626536,0.626537,-0.626539,-9.603185,9.603185
0,616,12.320000,commanding,-0.010738,0.622796,-0.636602,0.627398,-0.628932,0.622796,-0.628932,-9.602720,9.602720,0.000000,0.626547,-0.626543,0.626540,-0.626536,0.626537,-0.626539,-9.603185,9.603185
0,617,12.340000,commanding,-0.010738,0.622796,-0.636602,0.627398,-0.628932,0.622796,-0.628932,-9.602720,9.602720,0.000000,0.626547,-0.626543,0.626540,-0.626536,0.626537,-0.626539,-9.603185,9.603185
0,618,12.360000,commanding,-0.010738,0.622796,-0.636602,0.627398,-0.628932,0.622796,-0.628932,-9.602720,9.601186,0.000000,0.626547,-0.626543,0.626540,-0.626536,0.626537,-0.626539,-9.603185,9.603185
0,619,12.380000,commanding,-0.010738,0.622796,-0.636602,0.627398,-0.628932,0.622796,-0.628932,-9.602720,9.602720,0.000000,0.626547,-0.626543,0.626540,-0.626536,0.626537,-0.626539,-9.603185,9.603185
0,620,12.400000,commanding,-0.010738,0.622796,-0.636602,0.627398,-0.628932,0.622796,-0.628932,-9.602720,9.602720,0.000000,0.626547,-0.626543,0.626540,-0.626536,0.626537,-0.626539,-9.603185,9.603185
0,621,12.420000,commanding,-0.012272,0.622796,-0.636602,0.627398,-0.628932,0.622796,-0.628932,-9.602720,9.602720,0.000000,0.626547,-0.626543,0.626540,-0.626536,0.626537,-0.626539,-9.603185,9.603185
0,622,12.440000,commanding,-0.012272,0.622796,-0.636602,0.627398,-0.628932,0.622796,-0.628932,-9.602720,9.602720,0.000000,0.626547,-0.626543,0.626540,-0.626536,0.626537,-0.626539,-9.603185,9.603185
0,623,12.460000,commanding,-0.012272,0.622796,-0.636602,0.627398,-0.628932,0.622796,-0.628932,-9.602720,9.602720,0.000000,0.626547,-0.626543,0.626540,-0.626536,0.626537,-0.626539,-9.603185,9.603185
0,624,12.480000,commanding,-0.010738,0.622796,-0.636602,0.627398,-0.628932,0.622796,-0.628932,-9.602720,9.602720,0.000000,0.626547,-0.626543,0.626540,-0.626536,0.626537,-0.626539,-9.603185,9.603185
0,625,12.500000,commanding,-0.010738,0.622796,-0.636602,0.627398,-0.628932,0.622796,-0.628932,-9.602720,9.601186,0.000000,0.626547,-0.626543,0.626540,-0.626536,0.626537,-0.626539,-9.603185,9.603185
0,626,12.520000,commanding,-0.010738,0.622796,-0.636602,0.627398,-0.628932,0.622796,-0.628932,-9.602720,9.602720,0.000000,0.626547,-0.626543,0.626540,-0.626536,0.626537,-0.626539,-9.603185,9.603185
0,627,12.540000,commanding,-0.010738,0.622796,-0.636602,0.627398,-0.628932,0.622796,-0.628932,-9.602720,9.601186,0.000000,0.626547,-0.626543,0.626540,-0.626536,0.626537,-0.626539,-9.603185,9.603185
0,628,12.560000,commanding,-0.010738,0.622796,-0.636602,0.627398,-0.628932,0.622796,-0.628932,-9.602720,9.602720,0.000000,0.626547,-0.626543,0.626540,-0.626536,0.626537,-0.626539,-9.603185,9.603185
0,629,12.580000,commanding,-0.010738,0.622796,-0.636602,0.627398,-0.628932,0.622796,-0.628932,-9.602720,9.602720,0.000000,0.626547,-0.626543,0.626540,-0.626536,0.626537,-0.626539,-9.603185,9.603185
0,630,12.600000,commanding,-0.010738,0.622796,-0.636602,0.627398,-0.628932,0.622796,-0.628932,-9.602720,9.601186,0.000000,0.626547,-0.626543,0.626540,-0.626536,0.626537,-0.626539,-9.603185,9.603185
0,631,12.620000,commanding,-0.012272,0.622796,-0.636602,0.627398,-0.628932,0.622796,-0.628932,-9.602720,9.601186,0.000000,0.626547,-0.626543,0.626540,-0.626536,0.626537,-0.626539,-9.603185,9.603185
0,632,12.640000,commanding,-0.012272,0.622796,-0.636602,0.627398,-0.628932,0.622796,-0.628932,-9.602720,9.602720,0.000000,0.626547,-0.626543,0.626540,-0.626536,0.626537,-0.626539,-9.603185,9.603185
0,633,12.660000,commanding,-0.010738,0.622796,-0.636602,0.627398,-0.628932,0.622796,-0.628932,-9.602720,9.601186,0.000000,0.626547,-0.626543,0.626540,-0.626536,0.626537,-0.626539,-9.603185,9.603185
0,634,12.680000,commanding,-0.010738,0.622796,-0.636602,0.627398,-0.628932,0.622796,-0.628932,-9.602720,9.601186,0.000000,0.626547,-0.626543,0.626540,-0.626536,0.626537,-0.626539,-9.603185,9.603185
0,635,12.700000,commanding,-0.010738,0.622796,-0.636602,0.627398,-0.628932,0.622796,-0.628932,-9.602720,9.601186,0.000000,0.626547,-0.626543,0.626540,-0.626536,0.626537,-0.626539,-9.603185,9.603185
0,636,12.720000,commanding,-0.012272,0.622796,-0.636602,0.627398,-0.628932,0.622796,-0.628932,-9.602720,9.601186,0.000000,0.626547,-0.626543,0.626540,-0.626536,0.626537,-0.626539,-9.603185,9.603185
0,637,12.740000,commanding,-0.012272,0.622796,-0.636602,0.627398,-0.628932,0.622796,-0.628932,-9.602720,9.601186,0.000000,0.626547,-0.626543,0.626540,-0.626536,0.626537,-0.626539,-9.603185,9.603185
0,638,12.760000,commanding,-0.010738,0.622796,-0.636602,0.627398,-0.628932,0.622796,-0.628932,-9.602720,9.602720,0.000000,0.626547,-0.626543,0.626540,-0.626536,0.626537,-0.626539,-9.603185,9.603185
0,639,12.780000,commanding,-0.012272,0.622796,-0.636602,0.627398,-0.628932,0.622796,-0.628932,-9.602720,9.601186,0.000000,0.626547,-0.626543,0.626540,-0.626536,0.626537,-0.626539,-9.603185,9.603185
0,640,12.800000,commanding,-0.010738,0.622796,-0.636602,0.627398,-0.628932,0.622796,-0.628932,-9.602720,9.602720,0.000000,0.626547,-0.626543,0.626540,-0.626536,0.626537,-0.626539,-9.603185,9.603185
0,641,12.820000,commanding,-0.010738,0.622796,-0.636602,0.627398,-0.628932,0.622796,-0.628932,-9.602720,9.602720,0.000000,0.626547,-0.626543,0.626540,-0.626536,0.626537,-0.626539,-9.603185,9.603185
0,642,12.840000,commanding,-0.010738,0.622796,-0.636602,0.627398,-0.628932,0.622796,-0.628932,-9.602720,9.601186,0.000000,0.626547,-0.626543,0.626540,-0.626536,0.626537,-0.626539,-9.603185,9.603185
0,643,12.860000,commanding,-0.012272,0.622796,-0.636602,0.627398,-0.628932,0.622796,-0.628932,-9.602720,9.602720,0.000000,0.626547,-0.626543,0.626540,-0.626536,0.626537,-0.626539,-9.603185,9.603185
0,644,12.880000,commanding,-0.012272,0.622796,-0.636602,0.627398,-0.628932,0.622796,-0.628932,-9.602720,9.602720,0.000000,0.626547,-0.626543,0.626540,-0.626536,0.626537,-0.626539,-9.603185,9.603185
0,645,12.900000,commanding,-0.010738,0.622796,-0.636602,0.627398,-0.628932,0.622796,-0.628932,-9.602720,9.601186,0.000000,0.626547,-0.626543,0.626540,-0.626536,0.626537,-0.626539,-9.603185,9.603185
0,646,12.920000,commanding,-0.010738,0.622796,-0.636602,0.627398,-0.628932,0.622796,-0.628932,-9.602720,9.601186,0.000000,0.626547,-0.626543,0.626540,-0.626536,0.626537,-0.626539,-9.603185,9.603185
0,647,12.940000,commanding,-0.010738,0.622796,-0.636602,0.627398,-0.628932,0.622796,-0.628932,-9.602720,9.601186,0.000000,0.626547,-0.626543,0.626540,-0.626536,0.626537,-0.626539,-9.603185,9.603185
0,648,12.960000,commanding,-0.010738,0.622796,-0.636602,0.627398,-0.628932,0.622796,-0.628932,-9.602720,9.601186,0.000000,0.626547,-0.626543,0.626540,-0.626536,0.626537,-0.626539,-9.603185,9.603185
0,649,12.980000,commanding,-0.010738,0.622796,-0.636602,0.627398,-0.628932,0.622796,-0.628932,-9.602720,9.602720,0.000000,0.626547,-0.626543,0.626540,-0.626536,0.626537,-0.626539,-9.603185,9.603185
0,650,13.000000,commanding,-0.012272,0.622796,-0.636602,0.627398,-0.628932,0.622796,-0.628932,-9.602720,9.601186,0.000000,0.626547,-0.626543,0.626540,-0.626536,0.626537,-0.626539,-9.603185,9.603185
0,651,13.020000,commanding,-0.010738,0.622796,-0.636602,0.627398,-0.628932,0.622796,-0.628932,-9.602720,9.602720,0.000000,0.626547,-0.626543,0.626540,-0.626536,0.626537,-0.626539,-9.603185,9.603185
0,652,13.040000,commanding,-0.010738,0.622796,-0.636602,0.627398,-0.628932,0.622796,-0.628932,-9.602720,9.602720,0.000000,0.626547,-0.626543,0.626540,-0.626536,0.626537,-0.626539,-7.003092,7.003092
0,653,13.060000,commanding,-0.010738,0.622796,-0.636602,0.627398,-0.628932,0.622796,-0.628932,-9.602720,9.601186,0.000000,0.626547,-0.626543,0.626540,-0.626536,0.626537,-0.626539,-6.457685,6.457685
0,654,13.080000,commanding,-0.012272,0.622796,-0.636602,0.627398,-0.628932,0.622796,-0.628932,-9.596584,9.588914,0.000000,0.626547,-0.626543,0.626540,-0.626536,0.626537,-0.626539,-6.457685,6.457685
0,655,13.100000,commanding,-0.010738,0.622796,-0.636602,0.627398,-0.628932,0.622796,-0.628932,-9.555166,9.545962,0.000000,0.626547,-0.626543,0.626540,-0.626536,0.626537,-0.626539,-6.457685,6.457685
0,656,13.120000,commanding,-0.010738,0.622796,-0.636602,0.627398,-0.628932,0.622796,-0.628932,-9.452390,9.443186,0.000000,0.626547,-0.626543,0.626540,-0.626536,0.626537,-0.626539,-6.457685,6.457685
0,657,13.140000,commanding,-0.010738,0.622796,-0.636602,0.627398,-0.628932,0.622796,-0.628932,-9.274448,9.263710,0.000000,0.626547,-0.626543,0.626540,-0.626536,0.626537,-0.626539,-6.457685,6.457685
0,658,13.160000,commanding,-0.010738,0.622796,-0.636602,0.627398,-0.628932,0.622796,-0.628932,-9.001399,8.989127,0.000000,0.626547,-0.626543,0.626540,-0.626536,0.626537,-0.626539,-6.457685,6.457685
0,659,13.180000,commanding,-0.010738,0.622796,-0.635068,0.627398,-0.628932,0.622796,-0.628932,-8.697671,8.682331,0.000000,0.626547,-0.626543,0.626540,-0.626536,0.626537,-0.626539,-6.457685,6.457685
0,660,13.200000,commanding,-0.010738,0.622796,-0.636602,0.627398,-0.628932,0.622796,-0.628932,-8.350991,8.326448,0.000000,0.626547,-0.626543,0.626540,-0.626536,0.626537,-0.626539,-6.457685,6.457685
0,661,13.220000,commanding,-0.010738,0.622796,-0.636602,0.627398,-0.628932,0.622796,-0.628932,-7.988972,7.965962,0.000000,0.626547,-0.626543,0.626540,-0.626536,0.626537,-0.626539,-6.457685,6.457685
0,662,13.240000,commanding,-0.010738,0.622796,-0.636602,0.627398,-0.628932,0.622796,-0.628932,-7.648428,7.622351,0.000000,0.626547,-0.626543,0.626540,-0.626536,0.626537,-0.626539,-6.457685,6.457685
0,663,13.260000,commanding,-0.010738,0.622796,-0.636602,0.627398,-0.628932,0.622796,-0.628932,-7.324758,7.291011,0.000000,0.626547,-0.626543,0.626540,-0.626536,0.626537,-0.626539,-6.457685,6.457685
0,664,13.280000,commanding,-0.010738,0.622796,-0.636602,0.627398,-0.628932,0.622796,-0.628932,-6.998020,6.955069,0.000000,0.626547,-0.626543,0.626540,-0.626536,0.626537,-0.626539,-6.457685,6.457685
0,665,13.300000,commanding,-0.010738,0.622796,-0.636602,0.627398,-0.628932,0.622796,-0.628932,-6.731108,6.703496,0.000000,0.626547,-0.626543,0.626540,-0.626536,0.626537,-0.626539,-6.457685,6.457685
0,666,13.320000,commanding,-0.010738,0.622796,-0.636602,0.627398,-0.628932,0.622796,-0.628932,-6.508680,6.487205,0.000000,0.626547,-0.626543,0.626540,-0.626536,0.626537,-0.626539,-6.457685,6.457685
0,667,13.340000,commanding,-0.010738,0.622796,-0.636602,0.627398,-0.628932,0.622796,-0.628932,-6.375224,6.358350,0.000000,0.626547,-0.626543,0.626540,-0.626536,0.626537,-0.626539,-6.457685,6.457685
0,668,13.360000,commanding,-0.010738,0.622796,-0.636602,0.625864,-0.628932,0.622796,-0.628932,-6.343011,6.333807,0.000000,0.626547,-0.626543,0.626540,-0.626536,0.626537,-0.626539,-6.457685,6.457685
0,669,13.380000,commanding,-0.012272,0.622796,-0.636602,0.627398,-0.628932,0.622796,-0.628932,-6.375224,6.370622,0.000000,0.626547,-0.626543,0.626540,-0.626536,0.626537,-0.626539,-6.457685,6.457685
0,670,13.400000,commanding,-0.010738,0.622796,-0.636602,0.627398,-0.628932,0.622796,-0.628932,-6.427380,6.428913,0.000000,0.626547,-0.626543,0.626540,-0.626536,0.626537,-0.626539,-6.457685,6.457685
0,671,13.420000,commanding,-0.010738,0.622796,-0.636602,0.627398,-0.628932,0.622796,-0.627398,-6.468797,6.479535,0.000000,0.626547,-0.626543,0.626540,-0.626536,0.626537,-0.626539,-6.457685,6.457685
0,672,13.440000,commanding,-0.012272,0.622796,-0.636602,0.627398,-0.628932,0.622796,-0.627398,-6.485671,6.493341,0.000000,0.626547,-0.626543,0.626540,-0.626536,0.626537,-0.626539,-6.457685,6.457685
0,673,13.460000,commanding,-0.012272,0.622796,-0.636602,0.627398,-0.628932,0.621262,-0.627398,-6.474933,6.471865,0.000000,0.626547,-0.626543,0.626540,-0.626536,0.626537,-0.626539,-6.457685,6.457685
0,674,13.480000,commanding,-0.010738,0.622796,-0.636602,0.627398,-0.627398,0.619728,-0.627398,-6.464195,6.454991,0.000000,0.626547,-0.626543,0.626540,-0.626536,0.626537,-0.626539,-6.457685,6.457685
0,675,13.500000,commanding,-0.010738,0.622796,-0.636602,0.627398,-0.627398,0.619728,-0.628932,-6.459593,6.451923,0.000000,0.626547,-0.626543,0.626540,-0.626536,0.626537,-0.626539,-6.457685,6.457685
0,676,13.520000,commanding,-0.010738,0.622796,-0.636602,0.627398,-0.627398,0.619728,-0.627398,-6.458059,6.459593,0.000000,0.626547,-0.626543,0.626540,-0.626536,0.626537,-0.626539,-6.457685,6.457685
0,677,13.540000,commanding,-0.010738,0.622796,-0.636602,0.627398,-0.627398,0.619728,-0.627398,-6.459593,6.467263,0.000000,0.626547,-0.626543,0.626540,-0.626536,0.626537,-0.626539,-6.457685,6.457685
0,678,13.560000,commanding,-0.012272,0.622796,-0.635068,0.627398,-0.627398,0.619728,-0.627398,-6.459593,6.465729,0.000000,0.626547,-0.626543,0.626540,-0.626536,0.626537,-0.626539,-6.457685,6.457685
0,679,13.580000,commanding,-0.010738,0.622796,-0.636602,0.627398,-0.627398,0.619728,-0.627398,-6.459593,6.456525,0.000000,0.626547,-0.626543,0.626540,-0.626536,0.626537,-0.626539,-6.457685,6.457685
0,680,13.600000,commanding,-0.010738,0.622796,-0.636602,0.627398,-0.627398,0.619728,-0.627398,-6.459593,6.458059,0.000000,0.626547,-0.626543,0.626540,-0.626536,0.626537,-0.626539,-6.457685,6.457685
0,681,13.620000,commanding,-0.010738,0.622796,-0.635068,0.627398,-0.627398,0.619728,-0.627398,-6.459593,6.458059,0.000000,0.626547,-0.626543,0.626540,-0.626536,0.626537,-0.626539,-6.457685,6.457685
0,682,13.640000,commanding,-0.010738,0.622796,-0.635068,0.627398,-0.627398,0.619728,-0.627398,-6.459593,6.458059,0.000000,0.626547,-0.626543,0.626540,-0.626536,0.626537,-0.626539,-6.457685,6.457685
0,683,13.660000,commanding,-0.010738,0.622796,-0.635068,0.627398,-0.627398,0.619728,-0.627398,-6.459593,6.458059,0.000000,0.626547,-0.626543,0.626540,-0.626536,0.626537,-0.626539,-6.457685,6.457685
0,684,13.680000,commanding,-0.010738,0.622796,-0.635068,0.627398,-0.627398,0.619728,-0.627398,-6.461127,6.458059,0.000000,0.626547,-0.626543,0.626540,-0.626536,0.626537,-0.626539,-6.457685,6.457685
0,685,13.700000,commanding,-0.012272,0.622796,-0.635068,0.627398,-0.627398,0.619728,-0.627398,-6.459593,6.458059,0.000000,0.626547,-0.626543,0.626540,-0.626536,0.626537,-0.626539,-6.457685,6.457685
0,686,13.720000,commanding,-0.010738,0.622796,-0.635068,0.627398,-0.627398,0.619728,-0.627398,-6.459593,6.458059,0.000000,0.626547,-0.626543,0.626540,-0.626536,0.626537,-0.626539,-6.457685,6.457685
0,687,13.740000,commanding,-0.010738,0.622796,-0.635068,0.627398,-0.627398,0.619728,-0.627398,-6.459593,6.458059,0.000000,0.626547,-0.626543,0.626540,-0.626536,0.626537,-0.626539,-6.457685,6.457685
0,688,13.760000,commanding,-0.010738,0.622796,-0.635068,0.627398,-0.627398,0.619728,-0.627398,-6.459593,6.458059,0.000000,0.626547,-0.626543,0.626540,-0.626536,0.626537,-0.626539,-6.457685,6.457685
0,689,13.780000,commanding,-0.012272,0.622796,-0.635068,0.627398,-0.627398,0.619728,-0.627398,-6.459593,6.458059,0.000000,0.626547,-0.626543,0.626540,-0.626536,0.626537,-0.626539,-6.457685,6.457685
0,690,13.800000,commanding,-0.010738,0.622796,-0.635068,0.627398,-0.627398,0.619728,-0.627398,-6.459593,6.458059,0.000000,0.626547,-0.626543,0.626540,-0.626536,0.626537,-0.626539,-6.457685,6.457685
0,691,13.820000,commanding,-0.010738,0.622796,-0.635068,0.627398,-0.627398,0.619728,-0.627398,-6.461127,6.458059,0.000000,0.626547,-0.626543,0.626540,-0.626536,0.626537,-0.626539,-6.457685,6.457685
0,692,13.840000,commanding,-0.010738,0.622796,-0.635068,0.627398,-0.627398,0.619728,-0.627398,-6.459593,6.458059,0.000000,0.626547,-0.626543,0.626540,-0.626536,0.626537,-0.626539,-6.457685,6.457685
0,693,13.860000,commanding,-0.010738,0.622796,-0.635068,0.627398,-0.627398,0.619728,-0.627398,-6.459593,6.458059,0.000000,0.626547,-0.626543,0.626540,-0.626536,0.626537,-0.626539,-6.457685,6.457685
0,694,13.880000,commanding,-0.010738,0.622796,-0.635068,0.627398,-0.627398,0.619728,-0.627398,-6.461127,6.458059,0.000000,0.626547,-0.626543,0.626540,-0.626536,0.626537,-0.626539,-6.457685,6.457685
0,695,13.900000,commanding,-0.010738,0.622796,-0.635068,0.627398,-0.627398,0.619728,-0.627398,-6.459593,6.458059,0.000000,0.626547,-0.626543,0.626540,-0.626536,0.626537,-0.626539,-6.457685,6.457685
0,696,13.920000,commanding,-0.010738,0.622796,-0.635068,0.627398,-0.627398,0.619728,-0.627398,-6.459593,6.458059,0.000000,0.626547,-0.626543,0.626540,-0.626536,0.626537,-0.626539,-6.457685,6.457685
0,697,13.940000,commanding,-0.010738,0.622796,-0.635068,0.627398,-0.627398,0.619728,-0.627398,-6.459593,6.458059,0.000000,0.626547,-0.626543,0.626540,-0.626536,0.626537,-0.626539,-6.457685,6.457685
0,698,13.960000,commanding,-0.012272,0.622796,-0.635068,0.627398,-0.627398,0.619728,-0.627398,-6.459593,6.458059,0.000000,0.626547,-0.626543,0.626540,-0.626536,0.626537,-0.626539,-6.457685,6.457685
0,699,13.980000,commanding,-0.010738,0.622796,-0.635068,0.627398,-0.627398,0.619728,-0.627398,-6.459593,6.458059,0.000000,0.626547,-0.626543,0.626540,-0.626536,0.626537,-0.626539,-6.457685,6.457685
0,700,14.000000,commanding,-0.010738,0.622796,-0.635068,0.627398,-0.627398,0.619728,-0.627398,-6.459593,6.458059,0.000000,0.626547,-0.626543,0.626540,-0.626536,0.626537,-0.626539,-6.457685,6.457685
0,701,14.020000,commanding,-0.010738,0.622796,-0.635068,0.627398,-0.627398,0.619728,-0.627398,-6.459593,6.458059,0.000000,0.626547,-0.626543,0.626540,-0.626536,0.626537,-0.626539,-6.457685,6.457685
0,702,14.040000,commanding,-0.010738,0.622796,-0.635068,0.627398,-0.627398,0.619728,-0.627398,-6.459593,6.458059,0.000000,0.626547,-0.626543,0.626540,-0.626536,0.626537,-0.626539,-6.457685,6.457685
0,703,14.060000,commanding,-0.010738,0.622796,-0.635068,0.627398,-0.627398,0.619728,-0.627398,-6.459593,6.458059,0.000000,0.626547,-0.626543,0.626540,-0.626536,0.626537,-0.626539,-6.457685,6.457685
0,704,14.080000,commanding,-0.010738,0.622796,-0.635068,0.627398,-0.627398,0.619728,-0.627398,-6.459593,6.458059,0.000000,0.626547,-0.626543,0.626540,-0.626536,0.626537,-0.626539,-6.457685,6.457685
0,705,14.100000,commanding,-0.010738,0.622796,-0.635068,0.627398,-0.627398,0.619728,-0.627398,-6.459593,6.458059,0.000000,0.626547,-0.626543,0.626540,-0.626536,0.626537,-0.626539,-6.457685,6.457685
0,706,14.120000,commanding,-0.010738,0.622796,-0.635068,0.627398,-0.627398,0.619728,-0.627398,-6.461127,6.458059,0.000000,0.626547,-0.626543,0.626540,-0.626536,0.626537,-0.626539,-6.457685,6.457685
0,707,14.140000,commanding,-0.012272,0.622796,-0.635068,0.627398,-0.627398,0.619728,-0.627398,-6.459593,6.458059,0.000000,0.626547,-0.626543,0.626540,-0.626536,0.626537,-0.626539,-6.457685,6.457685
0,708,14.160000,commanding,-0.010738,0.622796,-0.635068,0.627398,-0.627398,0.619728,-0.627398,-6.459593,6.458059,0.000000,0.626547,-0.626543,0.626540,-0.626536,0.626537,-0.626539,-6.457685,6.457685
0,709,14.180000,commanding,-0.010738,0.622796,-0.635068,0.627398,-0.627398,0.619728,-0.627398,-6.459593,6.458059,0.000000,0.626547,-0.626543,0.626540,-0.626536,0.626537,-0.626539,-6.457685,6.457685
0,710,14.200000,commanding,-0.010738,0.622796,-0.635068,0.627398,-0.627398,0.619728,-0.627398,-6.459593,6.458059,0.000000,0.626547,-0.626543,0.626540,-0.626536,0.626537,-0.626539,-6.457685,6.457685
0,711,14.220000,commanding,-0.010738,0.622796,-0.635068,0.627398,-0.627398,0.619728,-0.627398,-6.459593,6.458059,0.000000,0.626547,-0.626543,0.626540,-0.626536,0.626537,-0.626539,-6.457685,6.457685
0,712,14.240000,commanding,-0.010738,0.622796,-0.635068,0.627398,-0.627398,0.619728,-0.627398,-6.459593,6.458059,0.000000,0.626547,-0.626543,0.626540,-0.626536,0.626537,-0.626539,-6.457685,6.457685
0,713,14.260000,commanding,-0.012272,0.622796,-0.635068,0.627398,-0.627398,0.619728,-0.627398,-6.459593,6.458059,0.000000,0.626547,-0.626543,0.626540,-0.626536,0.626537,-0.626539,-6.457685,6.457685
0,714,14.280000,commanding,-0.010738,0.622796,-0.635068,0.627398,-0.627398,0.619728,-0.627398,-6.459593,6.458059,0.000000,0.626547,-0.626543,0.626540,-0.626536,0.626537,-0.626539,-6.457685,6.457685
0,715,14.300000,commanding,-0.010738,0.622796,-0.635068,0.627398,-0.627398,0.619728,-0.627398,-6.459593,6.458059,0.000000,0.626547,-0.626543,0.626540,-0.626536,0.626537,-0.626539,-6.457685,6.457685
0,716,14.320000,commanding,-0.010738,0.622796,-0.635068,0.627398,-0.627398,0.619728,-0.627398,-6.459593,6.458059,0.000000,0.626547,-0.626543,0.626540,-0.626536,0.626537,-0.626539,-6.457685,6.457685
0,717,14.340000,commanding,-0.012272,0.622796,-0.635068,0.627398,-0.627398,0.619728,-0.627398,-6.459593,6.458059,0.000000,0.626547,-0.626543,0.626540,-0.626536,0.626537,-0.626539,-6.457685,6.457685
0,718,14.360000,commanding,-0.010738,0.622796,-0.635068,0.627398,-0.627398,0.619728,-0.627398,-6.461127,6.458059,0.000000,0.626547,-0.626543,0.626540,-0.626536,0.626537,-0.626539,-6.457685,6.457685
0,719,14.380000,commanding,-0.010738,0.622796,-0.635068,0.627398,-0.627398,0.619728,-0.627398,-6.459593,6.458059,0.000000,0.626547,-0.626543,0.626540,-0.626536,0.626537,-0.626539,-6.457685,6.457685
0,720,14.400000,commanding,-0.010738,0.622796,-0.635068,0.627398,-0.627398,0.619728,-0.627398,-6.461127,6.458059,0.000000,0.626547,-0.626543,0.626540,-0.626536,0.626537,-0.626539,-6.457685,6.457685
0,721,14.420000,commanding,-0.012272,0.622796,-0.635068,0.627398,-0.627398,0.619728,-0.627398,-6.459593,6.458059,0.000000,0.626547,-0.626543,0.626540,-0.626536,0.626537,-0.626539,-6.457685,6.457685
0,722,14.440000,commanding,-0.010738,0.622796,-0.635068,0.627398,-0.627398,0.619728,-0.627398,-6.459593,6.458059,0.000000,0.626547,-0.626543,0.626540,-0.626536,0.626537,-0.626539,-6.457685,6.457685
0,723,14.460000,commanding,-0.010738,0.622796,-0.635068,0.627398,-0.627398,0.619728,-0.627398,-6.459593,6.458059,0.000000,0.626547,-0.626543,0.626540,-0.626536,0.626537,-0.626539,-6.457685,6.457685
0,724,14.480000,commanding,-0.012272,0.622796,-0.635068,0.627398,-0.627398,0.619728,-0.627398,-6.459593,6.458059,0.000000,0.626547,-0.626543,0.626540,-0.626536,0.626537,-0.626539,-6.457685,6.457685
0,725,14.500000,commanding,-0.010738,0.622796,-0.635068,0.627398,-0.627398,0.619728,-0.627398,-6.461127,6.458059,0.000000,0.626547,-0.626543,0.626540,-0.626536,0.626537,-0.626539,-6.457685,6.457685
0,726,14.520000,commanding,-0.010738,0.622796,-0.635068,0.627398,-0.627398,0.619728,-0.627398,-6.461127,6.458059,0.000000,0.626547,-0.626543,0.626540,-0.626536,0.626537,-0.626539,-6.457685,6.457685
0,727,14.540000,commanding,-0.010738,0.622796,-0.635068,0.627398,-0.627398,0.619728,-0.627398,-6.459593,6.458059,0.000000,0.626547,-0.626543,0.626540,-0.626536,0.626537,-0.626539,-6.457685,6.457685
0,728,14.560000,commanding,-0.010738,0.622796,-0.635068,0.627398,-0.627398,0.619728,-0.627398,-6.461127,6.458059,0.000000,0.626547,-0.626543,0.626540,-0.626536,0.626537,-0.626539,-6.457685,6.457685
0,729,14.580000,commanding,-0.012272,0.622796,-0.635068,0.627398,-0.627398,0.619728,-0.627398,-6.461127,6.458059,0.000000,0.626547,-0.626543,0.626540,-0.626536,0.626537,-0.626539,-6.457685,6.457685
0,730,14.600000,commanding,-0.010738,0.622796,-0.635068,0.627398,-0.627398,0.619728,-0.627398,-6.461127,6.458059,0.000000,0.626547,-0.626543,0.626540,-0.626536,0.626537,-0.626539,-6.457685,6.457685
0,731,14.620000,commanding,-0.010738,0.622796,-0.635068,0.627398,-0.627398,0.619728,-0.627398,-6.459593,6.458059,0.000000,0.626547,-0.626543,0.626540,-0.626536,0.626537,-0.626539,-6.457685,6.457685
0,732,14.640000,commanding,-0.010738,0.622796,-0.635068,0.627398,-0.627398,0.619728,-0.627398,-6.459593,6.458059,0.000000,0.626547,-0.626543,0.626540,-0.626536,0.626537,-0.626539,-6.457685,6.457685
0,733,14.660000,commanding,-0.010738,0.622796,-0.635068,0.627398,-0.627398,0.619728,-0.627398,-6.459593,6.458059,0.000000,0.626547,-0.626543,0.626540,-0.626536,0.626537,-0.626539,-6.457685,6.457685
0,734,14.680000,commanding,-0.010738,0.622796,-0.635068,0.627398,-0.627398,0.619728,-0.627398,-6.459593,6.458059,0.000000,0.626547,-0.626543,0.626540,-0.626536,0.626537,-0.626539,-6.457685,6.457685
0,735,14.700000,commanding,-0.010738,0.622796,-0.635068,0.627398,-0.627398,0.619728,-0.627398,-6.459593,6.458059,0.000000,0.626547,-0.626543,0.626540,-0.626536,0.626537,-0.626539,-6.457685,6.457685
0,736,14.720000,commanding,-0.010738,0.622796,-0.635068,0.627398,-0.627398,0.619728,-0.627398,-6.459593,6.458059,0.000000,0.626547,-0.626543,0.626540,-0.626536,0.626537,-0.626539,-6.457685,6.457685
0,737,14.740000,commanding,-0.010738,0.622796,-0.635068,0.627398,-0.627398,0.619728,-0.627398,-6.459593,6.458059,0.000000,0.626547,-0.626543,0.626540,-0.626536,0.626537,-0.626539,-6.457685,6.457685
0,738,14.760000,commanding,-0.012272,0.622796,-0.635068,0.627398,-0.627398,0.619728,-0.627398,-6.459593,6.458059,0.000000,0.626547,-0.626543,0.626540,-0.626536,0.626537,-0.626539,-6.457685,6.457685
0,739,14.780000,commanding,-0.010738,0.622796,-0.635068,0.627398,-0.627398,0.619728,-0.627398,-6.459593,6.458059,0.000000,0.626547,-0.626543,0.626540,-0.626536,0.626537,-0.626539,-6.457685,6.457685
0,740,14.800000,commanding,-0.012272,0.622796,-0.635068,0.627398,-0.627398,0.619728,-0.627398,-6.459593,6.458059,0.000000,0.626547,-0.626543,0.626540,-0.626536,0.626537,-0.626539,-6.457685,6.457685
0,741,14.820000,commanding,-0.012272,0.622796,-0.635068,0.627398,-0.627398,0.619728,-0.627398,-6.459593,6.458059,0.000000,0.626547,-0.626543,0.626540,-0.626536,0.626537,-0.626539,-6.457685,6.457685
0,742,14.840000,commanding,-0.010738,0.622796,-0.635068,0.627398,-0.627398,0.619728,-0.627398,-6.459593,6.458059,0.000000,0.626547,-0.626543,0.626540,-0.626536,0.626537,-0.626539,-6.457685,6.457685
0,743,14.860000,commanding,-0.010738,0.622796,-0.635068,0.627398,-0.627398,0.619728,-0.627398,-6.459593,6.458059,0.000000,0.626547,-0.626543,0.626540,-0.626536,0.626537,-0.626539,-6.457685,6.457685
0,744,14.880000,commanding,-0.010738,0.622796,-0.635068,0.627398,-0.627398,0.619728,-0.627398,-6.459593,6.458059,0.000000,0.626547,-0.626543,0.626540,-0.626536,0.626537,-0.626539,-6.457685,6.457685
0,745,14.900000,commanding,-0.012272,0.622796,-0.635068,0.627398,-0.627398,0.619728,-0.627398,-6.459593,6.458059,0.000000,0.626547,-0.626543,0.626540,-0.626536,0.626537,-0.626539,-6.457685,6.457685
0,746,14.920000,commanding,-0.010738,0.622796,-0.635068,0.627398,-0.627398,0.619728,-0.627398,-6.459593,6.458059,0.000000,0.626547,-0.626543,0.626540,-0.626536,0.626537,-0.626539,-6.457685,6.457685
0,747,14.940000,commanding,-0.010738,0.622796,-0.635068,0.627398,-0.627398,0.619728,-0.627398,-6.461127,6.458059,0.000000,0.626547,-0.626543,0.626540,-0.626536,0.626537,-0.626539,-6.457685,6.457685
0,748,14.960000,commanding,-0.010738,0.622796,-0.635068,0.627398,-0.627398,0.619728,-0.627398,-6.459593,6.458059,0.000000,0.626547,-0.626543,0.626540,-0.626536,0.626537,-0.626539,-6.457685,6.457685
0,749,14.980000,commanding,-0.010738,0.622796,-0.635068,0.627398,-0.627398,0.619728,-0.627398,-6.459593,6.458059,0.000000,0.626547,-0.626543,0.626540,-0.626536,0.626537,-0.626539,-6.457685,6.457685
0,750,15.000000,commanding,-0.010738,0.622796,-0.635068,0.627398,-0.627398,0.619728,-0.627398,-6.461127,6.458059,0.000000,0.626547,-0.626543,0.626540,-0.626536,0.626537,-0.626539,-6.457685,6.457685
0,751,15.020000,commanding,-0.012272,0.622796,-0.635068,0.627398,-0.627398,0.619728,-0.627398,-6.459593,6.458059,0.000000,0.626547,-0.626543,0.626540,-0.626536,0.626537,-0.626539,-6.457685,6.457685
0,752,15.040000,commanding,-0.012272,0.622796,-0.635068,0.627398,-0.627398,0.619728,-0.627398,-6.461127,6.458059,0.000000,0.626547,-0.626543,0.626540,-0.626536,0.626537,-0.626539,-6.457685,6.457685
0,753,15.060000,commanding,-0.012272,0.622796,-0.635068,0.627398,-0.627398,0.619728,-0.627398,-6.459593,6.458059,0.000000,0.626547,-0.626543,0.626540,-0.626536,0.626537,-0.626539,-6.457685,6.457685
0,754,15.080000,commanding,-0.010738,0.622796,-0.635068,0.627398,-0.627398,0.619728,-0.627398,-6.461127,6.458059,0.000000,0.626547,-0.626543,0.626540,-0.626536,0.626537,-0.626539,-6.457685,6.457685
0,755,15.100000,commanding,-0.010738,0.622796,-0.635068,0.627398,-0.627398,0.619728,-0.627398,-6.459593,6.458059,0.000000,0.626547,-0.626543,0.626540,-0.626536,0.626537,-0.626539,-6.457685,6.457685
0,756,15.120000,commanding,-0.012272,0.622796,-0.635068,0.627398,-0.627398,0.619728,-0.627398,-6.459593,6.458059,0.000000,0.626547,-0.626543,0.626540,-0.626536,0.626537,-0.626539,-6.457685,6.457685
0,757,15.140000,commanding,-0.010738,0.622796,-0.635068,0.627398,-0.627398,0.619728,-0.627398,-6.461127,6.458059,0.000000,0.626547,-0.626543,0.626540,-0.626536,0.626537,-0.626539,-6.457685,6.457685
0,758,15.160000,commanding,-0.012272,0.622796,-0.635068,0.627398,-0.627398,0.619728,-0.627398,-6.459593,6.458059,0.000000,0.626547,-0.626543,0.626540,-0.626536,0.626537,-0.626539,-6.457685,6.457685
0,759,15.180000,commanding,-0.010738,0.622796,-0.635068,0.627398,-0.627398,0.619728,-0.627398,-6.459593,6.458059,0.000000,0.626547,-0.626543,0.626540,-0.626536,0.626537,-0.626539,-6.457685,6.457685
0,760,15.200000,commanding,-0.010738,0.622796,-0.635068,0.627398,-0.627398,0.619728,-0.627398,-6.459593,6.458059,0.000000,0.626547,-0.626543,0.626540,-0.626536,0.626537,-0.626539,-6.457685,6.457685
0,761,15.220000,commanding,-0.012272,0.622796,-0.635068,0.627398,-0.627398,0.619728,-0.627398,-6.459593,6.458059,0.000000,0.626547,-0.626543,0.626540,-0.626536,0.626537,-0.626539,-6.457685,6.457685
0,762,15.240000,commanding,-0.012272,0.622796,-0.635068,0.627398,-0.627398,0.619728,-0.627398,-6.459593,6.458059,0.000000,0.626547,-0.626543,0.626540,-0.626536,0.626537,-0.626539,-6.457685,6.457685
0,763,15.260000,commanding,-0.010738,0.622796,-0.635068,0.627398,-0.627398,0.619728,-0.627398,-6.459593,6.458059,0.000000,0.626547,-0.626543,0.626540,-0.626536,0.626537,-0.626539,-6.457685,6.457685
0,764,15.280000,commanding,-0.012272,0.622796,-0.635068,0.627398,-0.627398,0.619728,-0.627398,-6.459593,6.458059,0.000000,0.626547,-0.626543,0.626540,-0.626536,0.626537,-0.626539,-6.457685,6.457685
0,765,15.300000,commanding,-0.010738,0.622796,-0.635068,0.627398,-0.627398,0.619728,-0.627398,-6.459593,6.458059,0.000000,0.626547,-0.626543,0.626540,-0.626536,0.626537,-0.626539,-6.457685,6.457685
0,766,15.320000,commanding,-0.010738,0.622796,-0.635068,0.627398,-0.627398,0.619728,-0.627398,-6.459593,6.458059,0.000000,0.626547,-0.626543,0.626540,-0.626536,0.626537,-0.626539,-6.457685,6.457685
0,767,15.340000,commanding,-0.010738,0.622796,-0.635068,0.627398,-0.627398,0.619728,-0.627398,-6.459593,6.458059,0.000000,0.626547,-0.626543,0.626540,-0.626536,0.626537,-0.626539,-6.457685,6.457685
0,768,15.360000,commanding,-0.010738,0.622796,-0.635068,0.627398,-0.627398,0.619728,-0.627398,-6.459593,6.458059,0.000000,0.626547,-0.626543,0.626540,-0.626536,0.626537,-0.626539,-6.457685,6.457685
0,769,15.380000,commanding,-0.010738,0.622796,-0.635068,0.627398,-0.627398,0.619728,-0.627398,-6.459593,6.458059,0.000000,0.626547,-0.626543,0.626540,-0.626536,0.626537,-0.626539,-6.457685,6.457685
0,770,15.400000,commanding,-0.010738,0.622796,-0.635068,0.627398,-0.627398,0.619728,-0.627398,-6.459593,6.458059,0.000000,0.626547,-0.626543,0.626540,-0.626536,0.626537,-0.626539,-6.457685,6.457685
0,771,15.420000,commanding,-0.012272,0.622796,-0.635068,0.627398,-0.627398,0.619728,-0.627398,-6.459593,6.458059,0.000000,0.626547,-0.626543,0.626540,-0.626536,0.626537,-0.626539,-6.457685,6.457685
0,772,15.440000,commanding,-0.010738,0.622796,-0.635068,0.627398,-0.627398,0.619728,-0.627398,-6.459593,6.458059,0.000000,0.626547,-0.626543,0.626540,-0.626536,0.626537,-0.626539,-6.457685,6.457685
0,773,15.460000,commanding,-0.010738,0.622796,-0.635068,0.627398,-0.627398,0.619728,-0.627398,-6.459593,6.458059,0.000000,0.626547,-0.626543,0.626540,-0.626536,0.626537,-0.626539,-6.457685,6.457685
0,774,15.480000,commanding,-0.010738,0.622796,-0.635068,0.627398,-0.627398,0.619728,-0.627398,-6.459593,6.458059,0.000000,0.626547,-0.626543,0.626540,-0.626536,0.626537,-0.626539,-6.457685,6.457685
0,775,15.500000,commanding,-0.010738,0.622796,-0.635068,0.627398,-0.627398,0.619728,-0.627398,-6.461127,6.458059,0.000000,0.626547,-0.626543,0.626540,-0.626536,0.626537,-0.626539,-6.457685,6.457685
0,776,15.520000,commanding,-0.010738,0.622796,-0.635068,0.627398,-0.627398,0.619728,-0.627398,-6.459593,6.458059,0.000000,0.626547,-0.626543,0.626540,-0.626536,0.626537,-0.626539,-6.457685,6.457685
0,777,15.540000,commanding,-0.010738,0.622796,-0.635068,0.627398,-0.627398,0.619728,-0.627398,-6.459593,6.458059,0.000000,0.626547,-0.626543,0.626540,-0.626536,0.626537,-0.626539,-6.457685,6.457685
0,778,15.560000,commanding,-0.010738,0.622796,-0.635068,0.627398,-0.627398,0.619728,-0.627398,-6.461127,6.458059,0.000000,0.626547,-0.626543,0.626540,-0.626536,0.626537,-0.626539,-6.457685,6.457685
0,779,15.580000,commanding,-0.010738,0.622796,-0.635068,0.627398,-0.627398,0.619728,-0.627398,-6.459593,6.458059,0.000000,0.626547,-0.626543,0.626540,-0.626536,0.626537,-0.626539,-6.457685,6.457685
0,780,15.600000,commanding,-0.010738,0.622796,-0.635068,0.627398,-0.627398,0.619728,-0.627398,-6.459593,6.458059,0.000000,0.626547,-0.626543,0.626540,-0.626536,0.626537,-0.626539,-6.457685,6.457685
0,781,15.620000,commanding,-0.010738,0.622796,-0.635068,0.627398,-0.627398,0.619728,-0.627398,-6.459593,6.458059,0.000000,0.626547,-0.626543,0.626540,-0.626536,0.626537,-0.626539,-6.457685,6.457685
0,782,15.640000,commanding,-0.010738,0.622796,-0.635068,0.627398,-0.627398,0.619728,-0.627398,-6.459593,6.458059,0.000000,0.626547,-0.626543,0.626540,-0.626536,0.626537,-0.626539,-6.457685,6.457685
0,783,15.660000,commanding,-0.010738,0.622796,-0.635068,0.627398,-0.627398,0.619728,-0.627398,-6.459593,6.458059,0.000000,0.626547,-0.626543,0.626540,-0.626536,0.626537,-0.626539,-6.457685,6.457685
0,784,15.680000,commanding,-0.010738,0.622796,-0.635068,0.627398,-0.627398,0.619728,-0.627398,-6.459593,6.458059,0.000000,0.626547,-0.626543,0.626540,-0.626536,0.626537,-0.626539,-6.457685,6.457685
0,785,15.700000,commanding,-0.010738,0.622796,-0.635068,0.627398,-0.627398,0.619728,-0.627398,-6.459593,6.458059,0.000000,0.626547,-0.626543,0.626540,-0.626536,0.626537,-0.626539,-6.457685,6.457685
0,786,15.720000,commanding,-0.012272,0.622796,-0.635068,0.627398,-0.627398,0.619728,-0.627398,-6.459593,6.458059,0.000000,0.626547,-0.626543,0.626540,-0.626536,0.626537,-0.626539,-6.457685,6.457685
0,787,15.740000,commanding,-0.010738,0.622796,-0.635068,0.627398,-0.627398,0.619728,-0.627398,-6.461127,6.458059,0.000000,0.626547,-0.626543,0.626540,-0.626536,0.626537,-0.626539,-6.457685,6.457685
0,788,15.760000,commanding,-0.010738,0.622796,-0.635068,0.627398,-0.627398,0.619728,-0.627398,-6.459593,6.458059,0.000000,0.626547,-0.626543,0.626540,-0.626536,0.626537,-0.626539,-6.457685,6.457685
0,789,15.780000,commanding,-0.010738,0.622796,-0.635068,0.627398,-0.627398,0.619728,-0.627398,-6.459593,6.458059,0.000000,0.626547,-0.626543,0.626540,-0.626536,0.626537,-0.626539,-6.457685,6.457685
0,790,15.800000,commanding,-0.012272,0.622796,-0.635068,0.627398,-0.627398,0.619728,-0.627398,-6.459593,6.458059,0.000000,0.626547,-0.626543,0.626540,-0.626536,0.626537,-0.626539,-6.457685,6.457685
0,791,15.820000,commanding,-0.010738,0.622796,-0.635068,0.627398,-0.627398,0.619728,-0.627398,-6.459593,6.458059,0.000000,0.626547,-0.626543,0.626540,-0.626536,0.626537,-0.626539,-6.457685,6.457685
0,792,15.840000,commanding,-0.010738,0.622796,-0.635068,0.627398,-0.627398,0.619728,-0.627398,-6.461127,6.458059,0.000000,0.626547,-0.626543,0.626540,-0.626536,0.626537,-0.626539,-6.457685,6.457685
0,793,15.860000,commanding,-0.010738,0.622796,-0.635068,0.627398,-0.627398,0.619728,-0.627398,-6.459593,6.458059,0.000000,0.626547,-0.626543,0.626540,-0.626536,0.626537,-0.626539,-6.457685,6.457685
0,794,15.880000,commanding,-0.010738,0.622796,-0.635068,0.627398,-0.627398,0.619728,-0.627398,-6.459593,6.458059,0.000000,0.626547,-0.626543,0.626540,-0.626536,0.626537,-0.626539,-6.457685,6.457685
0,795,15.900000,commanding,-0.010738,0.622796,-0.635068,0.627398,-0.627398,0.619728,-0.627398,-6.459593,6.458059,0.000000,0.626547,-0.626543,0.626540,-0.626536,0.626537,-0.626539,-6.457685,6.457685
0,796,15.920000,commanding,-0.010738,0.622796,-0.635068,0.627398,-0.627398,0.619728,-0.627398,-6.461127,6.458059,0.000000,0.626547,-0.626543,0.626540,-0.626536,0.626537,-0.626539,-6.457685,6.457685
0,797,15.940000,commanding,-0.012272,0.622796,-0.635068,0.627398,-0.627398,0.619728,-0.627398,-6.459593,6.458059,0.000000,0.626547,-0.626543,0.626540,-0.626536,0.626537,-0.626539,-6.457685,6.457685
0,798,15.960000,commanding,-0.010738,0.622796,-0.635068,0.627398,-0.627398,0.619728,-0.627398,-6.459593,6.458059,0.000000,0.626547,-0.626543,0.626540,-0.626536,0.626537,-0.626539,-6.457685,6.457685
0,799,15.980000,commanding,-0.010738,0.622796,-0.635068,0.627398,-0.627398,0.619728,-0.627398,-6.459593,6.458059,0.000000,0.626547,-0.626543,0.626540,-0.626536,0.626537,-0.626539,-6.457685,6.457685
0,800,16.000000,commanding,-0.010738,0.622796,-0.635068,0.627398,-0.627398,0.619728,-0.627398,-6.461127,6.458059,0.000000,0.626547,-0.626543,0.626540,-0.626536,0.626537,-0.626539,-6.457685,6.457685
0,801,16.020000,commanding,-0.010738,0.622796,-0.635068,0.627398,-0.627398,0.619728,-0.627398,-6.459593,6.458059,0.000000,0.626547,-0.626543,0.626540,-0.626536,0.626537,-0.626539,-6.457685,6.457685
0,802,16.040000,commanding,-0.010738,0.622796,-0.635068,0.627398,-0.627398,0.619728,-0.627398,-6.459593,6.458059,0.000000,0.626547,-0.626543,0.626540,-0.626536,0.626537,-0.626539,-6.457685,6.457685
0,803,16.060000,commanding,-0.010738,0.622796,-0.635068,0.627398,-0.627398,0.619728,-0.627398,-6.461127,6.458059,0.000000,0.626547,-0.626543,0.626540,-0.626536,0.626537,-0.626539,-6.457685,6.457685
0,804,16.080000,commanding,-0.010738,0.622796,-0.635068,0.627398,-0.627398,0.619728,-0.627398,-6.459593,6.458059,0.000000,0.626547,-0.626543,0.626540,-0.626536,0.626537,-0.626539,-6.457685,6.457685
0,805,16.100000,commanding,-0.010738,0.622796,-0.635068,0.627398,-0.627398,0.619728,-0.627398,-6.461127,6.458059,0.000000,0.626547,-0.626543,0.626540,-0.626536,0.626537,-0.626539,-6.457685,6.457685
0,806,16.120000,commanding,-0.010738,0.622796,-0.635068,0.627398,-0.627398,0.619728,-0.627398,-6.459593,6.458059,0.000000,0.626547,-0.626543,0.626540,-0.626536,0.626537,-0.626539,-6.457685,6.457685
0,807,16.140000,commanding,-0.010738,0.622796,-0.635068,0.627398,-0.627398,0.619728,-0.627398,-6.459593,6.458059,0.000000,0.626547,-0.626543,0.626540,-0.626536,0.626537,-0.626539,-6.457685,6.457685
0,808,16.160000,commanding,-0.012272,0.622796,-0.635068,0.627398,-0.627398,0.619728,-0.627398,-6.459593,6.458059,0.000000,0.626547,-0.626543,0.626540,-0.626536,0.626537,-0.626539,-6.457685,6.457685
0,809,16.180000,commanding,-0.010738,0.622796,-0.635068,0.627398,-0.627398,0.619728,-0.627398,-6.459593,6.458059,0.000000,0.626547,-0.626543,0.626540,-0.626536,0.626537,-0.626539,-6.457685,6.457685
0,810,16.200000,commanding,-0.012272,0.622796,-0.635068,0.627398,-0.627398,0.619728,-0.627398,-6.459593,6.458059,0.000000,0.626547,-0.626543,0.626540,-0.626536,0.626537,-0.626539,-6.457685,6.457685
0,811,16.220000,commanding,-0.010738,0.622796,-0.635068,0.627398,-0.627398,0.619728,-0.627398,-6.459593,6.458059,0.000000,0.626547,-0.626543,0.626540,-0.626536,0.626537,-0.626539,-6.457685,6.457685
0,812,16.240000,commanding,-0.010738,0.622796,-0.635068,0.627398,-0.627398,0.619728,-0.627398,-6.459593,6.458059,0.000000,0.626547,-0.626543,0.626540,-0.626536,0.626537,-0.626539,-6.457685,6.457685
0,813,16.260000,commanding,-0.010738,0.622796,-0.635068,0.627398,-0.627398,0.619728,-0.627398,-6.459593,6.458059,0.000000,0.626547,-0.626543,0.626540,-0.626536,0.626537,-0.626539,-6.457685,6.457685
0,814,16.280000,commanding,-0.010738,0.622796,-0.635068,0.627398,-0.627398,0.619728,-0.627398,-6.459593,6.458059,0.000000,0.626547,-0.626543,0.626540,-0.626536,0.626537,-0.626539,-6.457685,6.457685
0,815,16.300000,commanding,-0.010738,0.622796,-0.635068,0.627398,-0.627398,0.619728,-0.627398,-6.459593,6.458059,0.000000,0.626547,-0.626543,0.626540,-0.626536,0.626537,-0.626539,-6.457685,6.457685
0,816,16.320000,commanding,-0.010738,0.622796,-0.635068,0.627398,-0.627398,0.619728,-0.627398,-6.459593,6.458059,0.000000,0.626547,-0.626543,0.626540,-0.626536,0.626537,-0.626539,-6.457685,6.457685
0,817,16.340000,commanding,-0.010738,0.622796,-0.635068,0.627398,-0.627398,0.619728,-0.627398,-6.459593,6.458059,0.000000,0.626547,-0.626543,0.626540,-0.626536,0.626537,-0.626539,-6.457685,6.457685
0,818,16.360000,commanding,-0.010738,0.622796,-0.635068,0.627398,-0.627398,0.619728,-0.627398,-6.459593,6.458059,0.000000,0.626547,-0.626543,0.626540,-0.626536,0.626537,-0.626539,-6.457685,6.457685
0,819,16.380000,commanding,-0.010738,0.622796,-0.635068,0.627398,-0.627398,0.619728,-0.627398,-6.459593,6.458059,0.000000,0.626547,-0.626543,0.626540,-0.626536,0.626537,-0.626539,-6.457685,6.457685
0,820,16.400000,commanding,-0.010738,0.622796,-0.635068,0.627398,-0.627398,0.619728,-0.627398,-6.459593,6.458059,0.000000,0.626547,-0.626543,0.626540,-0.626536,0.626537,-0.626539,-6.457685,6.457685
0,821,16.420000,commanding,-0.012272,0.622796,-0.635068,0.627398,-0.627398,0.619728,-0.627398,-6.459593,6.458059,0.000000,0.626547,-0.626543,0.626540,-0.626536,0.626537,-0.626539,-6.457685,6.457685
0,822,16.440000,commanding,-0.012272,0.622796,-0.635068,0.627398,-0.627398,0.619728,-0.627398,-6.459593,6.458059,0.000000,0.626547,-0.626543,0.626540,-0.626536,0.626537,-0.626539,-6.457685,6.457685
0,823,16.460000,commanding,-0.012272,0.622796,-0.635068,0.627398,-0.627398,0.619728,-0.627398,-6.459593,6.458059,0.000000,0.626547,-0.626543,0.626540,-0.626536,0.626537,-0.626539,-6.457685,6.457685
0,824,16.480000,commanding,-0.010738,0.622796,-0.635068,0.627398,-0.627398,0.619728,-0.627398,-6.459593,6.458059,0.000000,0.626547,-0.626543,0.626540,-0.626536,0.626537,-0.626539,-6.457685,6.457685
0,825,16.500000,commanding,-0.010738,0.622796,-0.635068,0.627398,-0.627398,0.619728,-0.627398,-6.459593,6.458059,0.000000,0.626547,-0.626543,0.626540,-0.626536,0.626537,-0.626539,-6.457685,6.457685
0,826,16.520000,commanding,-0.010738,0.622796,-0.635068,0.627398,-0.627398,0.619728,-0.627398,-6.459593,6.458059,0.000000,0.626547,-0.626543,0.626540,-0.626536,0.626537,-0.626539,-6.457685,6.457685
0,827,16.540000,commanding,-0.010738,0.622796,-0.635068,0.627398,-0.627398,0.619728,-0.627398,-6.459593,6.458059,0.000000,0.626547,-0.626543,0.626540,-0.626536,0.626537,-0.626539,-6.457685,6.457685
0,828,16.560000,commanding,-0.012272,0.622796,-0.635068,0.627398,-0.627398,0.619728,-0.627398,-6.459593,6.458059,0.000000,0.626547,-0.626543,0.626540,-0.626536,0.626537,-0.626539,-6.457685,6.457685
0,829,16.580000,commanding,-0.012272,0.622796,-0.635068,0.627398,-0.627398,0.619728,-0.627398,-6.459593,6.458059,0.000000,0.626547,-0.626543,0.626540,-0.626536,0.626537,-0.626539,-6.457685,6.457685
0,830,16.600000,commanding,-0.010738,0.622796,-0.635068,0.627398,-0.627398,0.619728,-0.627398,-6.461127,6.458059,0.000000,0.626547,-0.626543,0.626540,-0.626536,0.626537,-0.626539,-6.457685,6.457685
0,831,16.620000,commanding,-0.010738,0.622796,-0.635068,0.627398,-0.627398,0.619728,-0.627398,-6.459593,6.458059,0.000000,0.626547,-0.626543,0.626540,-0.626536,0.626537,-0.626539,-6.457685,6.457685
0,832,16.640000,commanding,-0.010738,0.622796,-0.635068,0.627398,-0.627398,0.619728,-0.627398,-6.459593,6.458059,0.000000,0.626547,-0.626543,0.626540,-0.626536,0.626537,-0.626539,-6.457685,6.457685
0,833,16.660000,commanding,-0.010738,0.622796,-0.635068,0.627398,-0.627398,0.619728,-0.627398,-6.459593,6.458059,0.000000,0.626547,-0.626543,0.626540,-0.626536,0.626537,-0.626539,-6.457685,6.457685
0,834,16.680000,commanding,-0.010738,0.622796,-0.635068,0.627398,-0.627398,0.619728,-0.627398,-6.459593,6.458059,0.000000,0.626547,-0.626543,0.626540,-0.626536,0.626537,-0.626539,-6.457685,6.457685
0,835,16.700000,commanding,-0.010738,0.622796,-0.635068,0.627398,-0.627398,0.619728,-0.627398,-6.459593,6.458059,0.000000,0.626547,-0.626543,0.626540,-0.626536,0.626537,-0.626539,-6.457685,6.457685
0,836,16.720000,commanding,-0.012272,0.622796,-0.635068,0.627398,-0.627398,0.619728,-0.627398,-6.459593,6.458059,0.000000,0.626547,-0.626543,0.626540,-0.626536,0.626537,-0.626539,-6.457685,6.457685
0,837,16.740000,commanding,-0.010738,0.622796,-0.635068,0.627398,-0.627398,0.619728,-0.627398,-6.459593,6.458059,0.000000,0.626547,-0.626543,0.626540,-0.626536,0.626537,-0.626539,-6.457685,6.457685
0,838,16.760000,commanding,-0.012272,0.622796,-0.635068,0.627398,-0.627398,0.619728,-0.627398,-6.459593,6.458059,0.000000,0.626547,-0.626543,0.626540,-0.626536,0.626537,-0.626539,-6.457685,6.457685
0,839,16.780000,commanding,-0.012272,0.622796,-0.635068,0.627398,-0.627398,0.619728,-0.627398,-6.459593,6.458059,0.000000,0.626547,-0.626543,0.626540,-0.626536,0.626537,-0.626539,-6.457685,6.457685
0,840,16.800000,commanding,-0.010738,0.622796,-0.635068,0.627398,-0.627398,0.619728,-0.627398,-6.461127,6.458059,0.000000,0.626547,-0.626543,0.626540,-0.626536,0.626537,-0.626539,-6.457685,6.457685
0,841,16.820000,commanding,-0.010738,0.622796,-0.635068,0.627398,-0.627398,0.619728,-0.627398,-6.459593,6.458059,0.000000,0.626547,-0.626543,0.626540,-0.626536,0.626537,-0.626539,-6.457685,6.457685
0,842,16.840000,commanding,-0.010738,0.622796,-0.635068,0.627398,-0.627398,0.619728,-0.627398,-6.459593,6.458059,0.000000,0.626547,-0.626543,0.626540,-0.626536,0.626537,-0.626539,-6.457685,6.457685
0,843,16.860000,commanding,-0.010738,0.622796,-0.635068,0.627398,-0.627398,0.619728,-0.627398,-6.459593,6.458059,0.000000,0.626547,-0.626543,0.626540,-0.626536,0.626537,-0.626539,-6.457685,6.457685
0,844,16.880000,commanding,-0.012272,0.622796,-0.635068,0.627398,-0.627398,0.619728,-0.627398,-6.459593,6.458059,0.000000,0.626547,-0.626543,0.626540,-0.626536,0.626537,-0.626539,-6.457685,6.457685
0,845,16.900000,commanding,-0.010738,0.622796,-0.635068,0.627398,-0.627398,0.619728,-0.627398,-6.461127,6.458059,0.000000,0.626547,-0.626543,0.626540,-0.626536,0.626537,-0.626539,-6.457685,6.457685
0,846,16.920000,commanding,-0.010738,0.622796,-0.635068,0.627398,-0.627398,0.619728,-0.627398,-6.459593,6.458059,0.000000,0.626547,-0.626543,0.626540,-0.626536,0.626537,-0.626539,-6.457685,6.457685
0,847,16.940000,commanding,-0.010738,0.622796,-0.635068,0.627398,-0.627398,0.619728,-0.627398,-6.459593,6.458059,0.000000,0.626547,-0.626543,0.626540,-0.626536,0.626537,-0.626539,-6.457685,6.457685
0,848,16.960000,commanding,-0.012272,0.622796,-0.635068,0.627398,-0.627398,0.619728,-0.627398,-6.459593,6.458059,0.000000,0.626547,-0.626543,0.626540,-0.626536,0.626537,-0.626539,-6.457685,6.457685
0,849,16.980000,commanding,-0.010738,0.622796,-0.635068,0.627398,-0.627398,0.619728,-0.627398,-6.459593,6.458059,0.000000,0.626547,-0.626543,0.626540,-0.626536,0.626537,-0.626539,-6.457685,6.457685
0,850,17.000000,commanding,-0.010738,0.622796,-0.635068,0.627398,-0.627398,0.619728,-0.627398,-6.459593,6.458059,0.000000,0.626547,-0.626543,0.626540,-0.626536,0.626537,-0.626539,-6.457685,6.457685
0,851,17.020000,commanding,-0.010738,0.622796,-0.635068,0.627398,-0.627398,0.619728,-0.627398,-6.459593,6.458059,0.000000,0.626547,-0.626543,0.626540,-0.626536,0.626537,-0.626539,-6.457685,6.457685
0,852,17.040000,commanding,-0.012272,0.622796,-0.635068,0.627398,-0.627398,0.619728,-0.627398,-6.459593,6.458059,0.000000,0.626547,-0.626543,0.626540,-0.626536,0.626537,-0.626539,-6.457685,6.457685
0,853,17.060000,commanding,-0.010738,0.622796,-0.635068,0.627398,-0.627398,0.619728,-0.627398,-6.459593,6.458059,0.000000,0.626547,-0.626543,0.626540,-0.626536,0.626537,-0.626539,-6.457685,6.457685
0,854,17.080000,commanding,-0.010738,0.622796,-0.635068,0.627398,-0.627398,0.619728,-0.627398,-6.459593,6.458059,0.000000,0.626547,-0.626543,0.626540,-0.626536,0.626537,-0.626539,-6.457685,6.457685
0,855,17.100000,commanding,-0.012272,0.622796,-0.635068,0.627398,-0.627398,0.619728,-0.627398,-6.459593,6.458059,0.000000,0.626547,-0.626543,0.626540,-0.626536,0.626537,-0.626539,-6.457685,6.457685
0,856,17.120000,commanding,-0.010738,0.622796,-0.635068,0.627398,-0.627398,0.619728,-0.627398,-6.459593,6.458059,0.000000,0.626547,-0.626543,0.626540,-0.626536,0.626537,-0.626539,-6.457685,6.457685
0,857,17.140000,commanding,-0.010738,0.622796,-0.635068,0.627398,-0.627398,0.619728,-0.627398,-6.459593,6.458059,0.000000,0.626547,-0.626543,0.626540,-0.626536,0.626537,-0.626539,-6.457685,6.457685
0,858,17.160000,commanding,-0.010738,0.622796,-0.635068,0.627398,-0.627398,0.619728,-0.627398,-6.459593,6.458059,0.000000,0.626547,-0.626543,0.626540,-0.626536,0.626537,-0.626539,-6.457685,6.457685
0,859,17.180000,commanding,-0.010738,0.622796,-0.635068,0.627398,-0.627398,0.619728,-0.627398,-6.461127,6.458059,0.000000,0.626547,-0.626543,0.626540,-0.626536,0.626537,-0.626539,-6.457685,6.457685
0,860,17.200000,commanding,-0.010738,0.622796,-0.635068,0.627398,-0.627398,0.619728,-0.627398,-6.459593,6.458059,0.000000,0.626547,-0.626543,0.626540,-0.626536,0.626537,-0.626539,-6.457685,6.457685
0,861,17.220000,commanding,-0.010738,0.622796,-0.635068,0.627398,-0.627398,0.619728,-0.627398,-6.459593,6.458059,0.000000,0.626547,-0.626543,0.626540,-0.626536,0.626537,-0.626539,-6.457685,6.457685
0,862,17.240000,commanding,-0.010738,0.622796,-0.635068,0.627398,-0.627398,0.619728,-0.627398,-6.459593,6.458059,0.000000,0.626547,-0.626543,0.626540,-0.626536,0.626537,-0.626539,-6.457685,6.457685
0,863,17.260000,commanding,-0.010738,0.622796,-0.635068,0.627398,-0.627398,0.619728,-0.627398,-6.459593,6.458059,0.000000,0.626547,-0.626543,0.626540,-0.626536,0.626537,-0.626539,-6.457685,6.457685
0,864,17.280000,commanding,-0.012272,0.622796,-0.635068,0.627398,-0.627398,0.619728,-0.627398,-6.459593,6.458059,0.000000,0.626547,-0.626543,0.626540,-0.626536,0.626537,-0.626539,-6.457685,6.457685
0,865,17.300000,commanding,-0.010738,0.622796,-0.635068,0.627398,-0.627398,0.619728,-0.627398,-6.459593,6.458059,0.000000,0.626547,-0.626543,0.626540,-0.626536,0.626537,-0.626539,-6.457685,6.457685
0,866,17.320000,commanding,-0.010738,0.622796,-0.635068,0.627398,-0.627398,0.619728,-0.627398,-6.459593,6.458059,0.000000,0.626547,-0.626543,0.626540,-0.626536,0.626537,-0.626539,-6.457685,6.457685
0,867,17.340000,commanding,-0.010738,0.622796,-0.635068,0.627398,-0.627398,0.619728,-0.627398,-6.459593,6.458059,0.000000,0.626547,-0.626543,0.626540,-0.626536,0.626537,-0.626539,-6.457685,6.457685
0,868,17.360000,commanding,-0.010738,0.622796,-0.635068,0.627398,-0.627398,0.619728,-0.627398,-6.459593,6.458059,0.000000,0.626547,-0.626543,0.626540,-0.626536,0.626537,-0.626539,-6.457685,6.457685
0,869,17.380000,commanding,-0.010738,0.622796,-0.635068,0.627398,-0.627398,0.619728,-0.627398,-6.459593,6.458059,0.000000,0.626547,-0.626543,0.626540,-0.626536,0.626537,-0.626539,-6.457685,6.457685
0,870,17.400000,commanding,-0.010738,0.622796,-0.635068,0.627398,-0.627398,0.619728,-0.627398,-6.459593,6.458059,0.000000,0.626547,-0.626543,0.626540,-0.626536,0.626537,-0.626539,-6.457685,6.457685
0,871,17.420000,commanding,-0.010738,0.622796,-0.635068,0.627398,-0.627398,0.619728,-0.627398,-6.459593,6.458059,0.000000,0.626547,-0.626543,0.626540,-0.626536,0.626537,-0.626539,-6.457685,6.457685
0,872,17.440000,commanding,-0.010738,0.622796,-0.635068,0.627398,-0.627398,0.619728,-0.627398,-6.459593,6.458059,0.000000,0.626547,-0.626543,0.626540,-0.626536,0.626537,-0.626539,-6.457685,6.457685
0,873,17.460000,commanding,-0.010738,0.622796,-0.635068,0.627398,-0.627398,0.619728,-0.627398,-6.459593,6.458059,0.000000,0.626547,-0.626543,0.626540,-0.626536,0.626537,-0.626539,-6.457685,6.457685
0,874,17.480000,commanding,-0.010738,0.622796,-0.635068,0.627398,-0.627398,0.619728,-0.627398,-6.459593,6.458059,0.000000,0.626547,-0.626543,0.626540,-0.626536,0.626537,-0.626539,-6.457685,6.457685
0,875,17.500000,commanding,-0.010738,0.622796,-0.635068,0.627398,-0.627398,0.619728,-0.627398,-6.461127,6.458059,0.000000,0.626547,-0.626543,0.626540,-0.626536,0.626537,-0.626539,-6.457685,6.457685
0,876,17.520000,commanding,-0.010738,0.622796,-0.635068,0.627398,-0.627398,0.619728,-0.627398,-6.461127,6.458059,0.000000,0.626547,-0.626543,0.626540,-0.626536,0.626537,-0.626539,-6.457685,6.457685
0,877,17.540000,commanding,-0.012272,0.622796,-0.635068,0.627398,-0.627398,0.619728,-0.627398,-6.459593,6.458059,0.000000,0.626547,-0.626543,0.626540,-0.626536,0.626537,-0.626539,-6.457685,6.457685
0,878,17.560000,commanding,-0.010738,0.622796,-0.635068,0.627398,-0.627398,0.619728,-0.627398,-6.459593,6.458059,0.000000,0.626547,-0.626543,0.626540,-0.626536,0.626537,-0.626539,-6.457685,6.457685
0,879,17.580000,commanding,-0.010738,0.622796,-0.635068,0.627398,-0.627398,0.619728,-0.627398,-6.459593,6.458059,0.000000,0.626547,-0.626543,0.626540,-0.626536,0.626537,-0.626539,-6.457685,6.457685
0,880,17.600000,commanding,-0.010738,0.622796,-0.635068,0.627398,-0.627398,0.619728,-0.627398,-6.459593,6.458059,0.000000,0.626547,-0.626543,0.626540,-0.626536,0.626537,-0.626539,-6.457685,6.457685
0,881,17.620000,commanding,-0.010738,0.622796,-0.635068,0.627398,-0.627398,0.619728,-0.627398,-6.461127,6.458059,0.000000,0.626547,-0.626543,0.626540,-0.626536,0.626537,-0.626539,-6.457685,6.457685
0,882,17.640000,commanding,-0.012272,0.622796,-0.635068,0.627398,-0.627398,0.619728,-0.627398,-6.459593,6.458059,0.000000,0.626547,-0.626543,0.626540,-0.626536,0.626537,-0.626539,-6.457685,6.457685
0,883,17.660000,commanding,-0.010738,0.622796,-0.635068,0.627398,-0.627398,0.619728,-0.627398,-6.459593,6.458059,0.000000,0.626547,-0.626543,0.626540,-0.626536,0.626537,-0.626539,-6.457685,6.457685
0,884,17.680000,commanding,-0.012272,0.622796,-0.635068,0.627398,-0.627398,0.619728,-0.627398,-6.459593,6.458059,0.000000,0.626547,-0.626543,0.626540,-0.626536,0.626537,-0.626539,-6.457685,6.457685
0,885,17.700000,commanding,-0.010738,0.622796,-0.635068,0.627398,-0.627398,0.619728,-0.627398,-6.459593,6.458059,0.000000,0.626547,-0.626543,0.626540,-0.626536,0.626537,-0.626539,-6.457685,6.457685
0,886,17.720000,commanding,-0.012272,0.622796,-0.635068,0.627398,-0.627398,0.619728,-0.627398,-6.459593,6.458059,0.000000,0.626547,-0.626543,0.626540,-0.626536,0.626537,-0.626539,-6.457685,6.457685
0,887,17.740000,commanding,-0.010738,0.622796,-0.635068,0.627398,-0.627398,0.619728,-0.627398,-6.461127,6.458059,0.000000,0.626547,-0.626543,0.626540,-0.626536,0.626537,-0.626539,-6.457685,6.457685
0,888,17.760000,commanding,-0.012272,0.622796,-0.635068,0.627398,-0.627398,0.619728,-0.627398,-6.459593,6.458059,0.000000,0.626547,-0.626543,0.626540,-0.626536,0.626537,-0.626539,-6.457685,6.457685
0,889,17.780000,commanding,-0.010738,0.622796,-0.635068,0.627398,-0.627398,0.619728,-0.627398,-6.459593,6.458059,0.000000,0.626547,-0.626543,0.626540,-0.626536,0.626537,-0.626539,-6.457685,6.457685
0,890,17.800000,commanding,-0.010738,0.622796,-0.635068,0.627398,-0.627398,0.619728,-0.627398,-6.459593,6.458059,0.000000,0.626547,-0.626543,0.626540,-0.626536,0.626537,-0.626539,-6.457685,6.457685
0,891,17.820000,commanding,-0.010738,0.622796,-0.635068,0.627398,-0.627398,0.619728,-0.627398,-6.459593,6.459593,0.000000,0.626547,-0.626543,0.626540,-0.626536,0.626537,-0.626539,-6.457685,6.457685
0,892,17.840000,commanding,-0.010738,0.622796,-0.635068,0.627398,-0.627398,0.619728,-0.627398,-6.459593,6.458059,0.000000,0.626547,-0.626543,0.626540,-0.626536,0.626537,-0.626539,-6.457685,6.457685
0,893,17.860000,commanding,-0.012272,0.622796,-0.635068,0.627398,-0.627398,0.619728,-0.627398,-6.459593,6.459593,0.000000,0.626547,-0.626543,0.626540,-0.626536,0.626537,-0.626539,-6.457685,6.457685
0,894,17.880000,commanding,-0.012272,0.622796,-0.635068,0.627398,-0.627398,0.619728,-0.627398,-6.459593,6.458059,0.000000,0.626547,-0.626543,0.626540,-0.626536,0.626537,-0.626539,-6.457685,6.457685
0,895,17.900000,commanding,-0.012272,0.622796,-0.635068,0.627398,-0.627398,0.619728,-0.627398,-6.459593,6.458059,0.000000,0.626547,-0.626543,0.626540,-0.626536,0.626537,-0.626539,-6.457685,6.457685
0,896,17.920000,commanding,-0.012272,0.622796,-0.635068,0.627398,-0.627398,0.619728,-0.627398,-6.459593,6.458059,0.000000,0.626547,-0.626543,0.626540,-0.626536,0.626537,-0.626539,-6.457685,6.457685
0,897,17.940000,commanding,-0.010738,0.622796,-0.635068,0.627398,-0.627398,0.619728,-0.627398,-6.459593,6.458059,0.000000,0.626547,-0.626543,0.626540,-0.626536,0.626537,-0.626539,-6.457685,6.457685
0,898,17.960000,commanding,-0.010738,0.622796,-0.635068,0.627398,-0.627398,0.619728,-0.627398,-6.459593,6.458059,0.000000,0.626547,-0.626543,0.626540,-0.626536,0.626537,-0.626539,-6.457685,6.457685
0,899,17.980000,commanding,-0.010738,0.622796,-0.635068,0.627398,-0.627398,0.619728,-0.627398,-6.459593,6.458059,0.000000,0.626547,-0.626543,0.626540,-0.626536,0.626537,-0.626539,-6.457685,6.457685
0,900,18.000000,commanding,-0.010738,0.622796,-0.635068,0.627398,-0.627398,0.619728,-0.627398,-6.459593,6.458059,0.000000,0.626547,-0.626543,0.626540,-0.626536,0.626537,-0.626539,-6.457685,6.457685
0,901,18.020000,commanding,-0.010738,0.622796,-0.635068,0.627398,-0.627398,0.619728,-0.627398,-6.459593,6.458059,0.000000,0.626547,-0.626543,0.626540,-0.626536,0.626537,-0.626539,-6.457685,6.457685
0,902,18.040000,commanding,-0.010738,0.622796,-0.635068,0.627398,-0.627398,0.619728,-0.627398,-6.459593,6.458059,0.000000,0.626547,-0.626543,0.626540,-0.626536,0.626537,-0.626539,-6.457685,6.457685
0,903,18.060000,commanding,-0.010738,0.622796,-0.635068,0.627398,-0.627398,0.619728,-0.627398,-6.461127,6.458059,0.000000,0.626547,-0.626543,0.626540,-0.626536,0.626537,-0.626539,-6.457685,6.457685
0,904,18.080000,commanding,-0.010738,0.622796,-0.635068,0.627398,-0.627398,0.619728,-0.627398,-6.459593,6.458059,0.000000,0.626547,-0.626543,0.626540,-0.626536,0.626537,-0.626539,-6.457685,6.457685
0,905,18.100000,commanding,-0.010738,0.622796,-0.635068,0.627398,-0.627398,0.619728,-0.627398,-6.459593,6.458059,0.000000,0.626547,-0.626543,0.626540,-0.626536,0.626537,-0.626539,-6.457685,6.457685
0,906,18.120000,commanding,-0.010738,0.622796,-0.635068,0.627398,-0.627398,0.619728,-0.627398,-6.459593,6.458059,0.000000,0.626547,-0.626543,0.626540,-0.626536,0.626537,-0.626539,-6.457685,6.457685
0,907,18.140000,commanding,-0.010738,0.622796,-0.635068,0.627398,-0.627398,0.619728,-0.627398,-6.459593,6.458059,0.000000,0.626547,-0.626543,0.626540,-0.626536,0.626537,-0.626539,-6.457685,6.457685
0,908,18.160000,commanding,-0.010738,0.622796,-0.635068,0.627398,-0.627398,0.619728,-0.627398,-6.459593,6.458059,0.000000,0.626547,-0.626543,0.626540,-0.626536,0.626537,-0.626539,-6.457685,6.457685
0,909,18.180000,commanding,-0.010738,0.622796,-0.635068,0.627398,-0.627398,0.619728,-0.627398,-6.459593,6.458059,0.000000,0.626547,-0.626543,0.626540,-0.626536,0.626537,-0.626539,-6.457685,6.457685
0,910,18.200000,commanding,-0.010738,0.622796,-0.635068,0.627398,-0.627398,0.619728,-0.627398,-6.459593,6.458059,0.000000,0.626547,-0.626543,0.626540,-0.626536,0.626537,-0.626539,-6.457685,6.457685
0,911,18.220000,commanding,-0.012272,0.622796,-0.635068,0.627398,-0.627398,0.619728,-0.627398,-6.459593,6.458059,0.000000,0.626547,-0.626543,0.626540,-0.626536,0.626537,-0.626539,-6.457685,6.457685
0,912,18.240000,commanding,-0.010738,0.622796,-0.635068,0.627398,-0.627398,0.619728,-0.627398,-6.459593,6.458059,0.000000,0.626547,-0.626543,0.626540,-0.626536,0.626537,-0.626539,-6.457685,6.457685
0,913,18.260000,commanding,-0.010738,0.622796,-0.635068,0.627398,-0.627398,0.619728,-0.627398,-6.459593,6.458059,0.000000,0.626547,-0.626543,0.626540,-0.626536,0.626537,-0.626539,-6.457685,6.457685
0,914,18.280000,commanding,-0.010738,0.622796,-0.635068,0.627398,-0.627398,0.619728,-0.627398,-6.459593,6.458059,0.000000,0.626547,-0.626543,0.626540,-0.626536,0.626537,-0.626539,-6.457685,6.457685
0,915,18.300000,commanding,-0.010738,0.622796,-0.635068,0.627398,-0.627398,0.619728,-0.627398,-6.459593,6.458059,0.000000,0.626547,-0.626543,0.626540,-0.626536,0.626537,-0.626539,-6.457685,6.457685
0,916,18.320000,commanding,-0.010738,0.622796,-0.635068,0.627398,-0.627398,0.619728,-0.627398,-6.459593,6.458059,0.000000,0.626547,-0.626543,0.626540,-0.626536,0.626537,-0.626539,-6.457685,6.457685
0,917,18.340000,commanding,-0.010738,0.622796,-0.635068,0.627398,-0.627398,0.619728,-0.627398,-6.459593,6.458059,0.000000,0.626547,-0.626543,0.626540,-0.626536,0.626537,-0.626539,-6.457685,6.457685
0,918,18.360000,commanding,-0.010738,0.622796,-0.635068,0.627398,-0.627398,0.619728,-0.627398,-6.459593,6.458059,0.000000,0.626547,-0.626543,0.626540,-0.626536,0.626537,-0.626539,-6.457685,6.457685
0,919,18.380000,commanding,-0.010738,0.622796,-0.635068,0.627398,-0.627398,0.619728,-0.627398,-6.459593,6.458059,0.000000,0.626547,-0.626543,0.626540,-0.626536,0.626537,-0.626539,-6.457685,6.457685
0,920,18.400000,commanding,-0.010738,0.622796,-0.635068,0.627398,-0.627398,0.619728,-0.627398,-6.459593,6.458059,0.000000,0.626547,-0.626543,0.626540,-0.626536,0.626537,-0.626539,-6.457685,6.457685
0,921,18.420000,commanding,-0.010738,0.622796,-0.635068,0.627398,-0.627398,0.619728,-0.627398,-6.459593,6.458059,0.000000,0.626547,-0.626543,0.626540,-0.626536,0.626537,-0.626539,-6.457685,6.457685
0,922,18.440000,commanding,-0.010738,0.622796,-0.635068,0.627398,-0.627398,0.619728,-0.627398,-6.459593,6.458059,0.000000,0.626547,-0.626543,0.626540,-0.626536,0.626537,-0.626539,-6.457685,6.457685
0,923,18.460000,commanding,-0.012272,0.622796,-0.635068,0.627398,-0.627398,0.619728,-0.627398,-6.461127,6.458059,0.000000,0.626547,-0.626543,0.626540,-0.626536,0.626537,-0.626539,-6.457685,6.457685
0,924,18.480000,commanding,-0.010738,0.622796,-0.635068,0.627398,-0.627398,0.619728,-0.627398,-6.459593,6.458059,0.000000,0.626547,-0.626543,0.626540,-0.626536,0.626537,-0.626539,-6.457685,6.457685
0,925,18.500000,commanding,-0.012272,0.622796,-0.635068,0.627398,-0.627398,0.619728,-0.627398,-6.459593,6.458059,0.000000,0.626547,-0.626543,0.626540,-0.626536,0.626537,-0.626539,-6.457685,6.457685
0,926,18.520000,commanding,-0.012272,0.622796,-0.635068,0.627398,-0.627398,0.619728,-0.627398,-6.459593,6.458059,0.000000,0.626547,-0.626543,0.626540,-0.626536,0.626537,-0.626539,-6.457685,6.457685
0,927,18.540000,commanding,-0.012272,0.622796,-0.635068,0.627398,-0.627398,0.619728,-0.627398,-6.459593,6.458059,0.000000,0.626547,-0.626543,0.626540,-0.626536,0.626537,-0.626539,-6.457685,6.457685
0,928,18.560000,commanding,-0.012272,0.622796,-0.635068,0.627398,-0.627398,0.619728,-0.627398,-6.459593,6.458059,0.000000,0.626547,-0.626543,0.626540,-0.626536,0.626537,-0.626539,-6.457685,6.457685
0,929,18.580000,commanding,-0.010738,0.622796,-0.633534,0.627398,-0.627398,0.619728,-0.627398,-6.459593,6.458059,0.000000,0.626547,-0.626543,0.626540,-0.626536,0.626537,-0.626539,-6.457685,6.457685
0,930,18.600000,commanding,-0.010738,0.622796,-0.632000,0.627398,-0.627398,0.619728,-0.627398,-6.461127,6.458059,0.000000,0.626547,-0.626543,0.626540,-0.626536,0.626537,-0.626539,-6.457685,6.457685
0,931,18.620000,commanding,-0.010738,0.622796,-0.632000,0.627398,-0.627398,0.619728,-0.627398,-6.459593,6.458059,0.000000,0.626547,-0.626543,0.626540,-0.626536,0.626537,-0.626539,-6.457685,6.457685
0,932,18.640000,commanding,-0.010738,0.622796,-0.632000,0.627398,-0.627398,0.619728,-0.627398,-6.459593,6.458059,0.000000,0.626547,-0.626543,0.626540,-0.626536,0.626537,-0.626539,-6.457685,6.457685
0,933,18.660000,commanding,-0.010738,0.622796,-0.632000,0.627398,-0.627398,0.619728,-0.627398,-6.459593,6.458059,0.000000,0.626547,-0.626543,0.626540,-0.626536,0.626537,-0.626539,-6.457685,6.457685
0,934,18.680000,commanding,-0.012272,0.622796,-0.632000,0.627398,-0.627398,0.619728,-0.627398,-6.459593,6.458059,0.000000,0.626547,-0.626543,0.626540,-0.626536,0.626537,-0.626539,-6.457685,6.457685
0,935,18.700000,commanding,-0.010738,0.622796,-0.632000,0.627398,-0.627398,0.619728,-0.627398,-6.459593,6.458059,0.000000,0.626547,-0.626543,0.626540,-0.626536,0.626537,-0.626539,-6.457685,6.457685
0,936,18.720000,commanding,-0.010738,0.622796,-0.632000,0.627398,-0.625864,0.619728,-0.627398,-6.459593,6.458059,0.000000,0.626547,-0.626543,0.626540,-0.626536,0.626537,-0.626539,-6.457685,6.457685
0,937,18.740000,commanding,-0.012272,0.622796,-0.632000,0.627398,-0.625864,0.619728,-0.627398,-6.459593,6.458059,0.000000,0.626547,-0.626543,0.626540,-0.626536,0.626537,-0.626539,-6.457685,6.457685
0,938,18.760000,commanding,-0.010738,0.622796,-0.632000,0.627398,-0.625864,0.619728,-0.627398,-6.459593,6.458059,0.000000,0.626547,-0.626543,0.626540,-0.626536,0.626537,-0.626539,-6.457685,6.457685
0,939,18.780000,commanding,-0.010738,0.622796,-0.632000,0.627398,-0.625864,0.619728,-0.627398,-6.461127,6.458059,0.000000,0.626547,-0.626543,0.626540,-0.626536,0.626537,-0.626539,-6.457685,6.457685
0,940,18.800000,commanding,-0.012272,0.622796,-0.632000,0.627398,-0.625864,0.619728,-0.627398,-6.459593,6.458059,0.000000,0.626547,-0.626543,0.626540,-0.626536,0.626537,-0.626539,-6.457685,6.457685
0,941,18.820000,commanding,-0.010738,0.622796,-0.632000,0.627398,-0.625864,0.619728,-0.627398,-6.459593,6.458059,0.000000,0.626547,-0.626543,0.626540,-0.626536,0.626537,-0.626539,-6.457685,6.457685
0,942,18.840000,commanding,-0.010738,0.622796,-0.632000,0.627398,-0.625864,0.619728,-0.627398,-6.459593,6.458059,0.000000,0.626547,-0.626543,0.626540,-0.626536,0.626537,-0.626539,-6.457685,6.457685
0,943,18.860000,commanding,-0.010738,0.622796,-0.632000,0.627398,-0.625864,0.619728,-0.627398,-6.459593,6.458059,0.000000,0.626547,-0.626543,0.626540,-0.626536,0.626537,-0.626539,-6.457685,6.457685
0,944,18.880000,commanding,-0.010738,0.622796,-0.632000,0.627398,-0.625864,0.619728,-0.627398,-6.459593,6.458059,0.000000,0.626547,-0.626543,0.626540,-0.626536,0.626537,-0.626539,-6.457685,6.457685
0,945,18.900000,commanding,-0.012272,0.622796,-0.632000,0.627398,-0.625864,0.619728,-0.627398,-6.459593,6.458059,0.000000,0.626547,-0.626543,0.626540,-0.626536,0.626537,-0.626539,-6.457685,6.457685
0,946,18.920000,commanding,-0.012272,0.622796,-0.632000,0.627398,-0.625864,0.619728,-0.627398,-6.459593,6.458059,0.000000,0.626547,-0.626543,0.626540,-0.626536,0.626537,-0.626539,-6.457685,6.457685
0,947,18.940000,commanding,-0.010738,0.622796,-0.632000,0.627398,-0.625864,0.619728,-0.627398,-6.459593,6.458059,0.000000,0.626547,-0.626543,0.626540,-0.626536,0.626537,-0.626539,-6.457685,6.457685
0,948,18.960000,commanding,-0.010738,0.622796,-0.632000,0.627398,-0.625864,0.619728,-0.627398,-6.459593,6.458059,0.000000,0.626547,-0.626543,0.626540,-0.626536,0.626537,-0.626539,-6.457685,6.457685
0,949,18.980000,commanding,-0.010738,0.622796,-0.632000,0.627398,-0.625864,0.619728,-0.627398,-6.459593,6.458059,0.000000,0.626547,-0.626543,0.626540,-0.626536,0.626537,-0.626539,-6.457685,6.457685
0,950,19.000000,commanding,-0.010738,0.622796,-0.632000,0.627398,-0.625864,0.619728,-0.627398,-6.459593,6.458059,0.000000,0.626547,-0.626543,0.626540,-0.626536,0.626537,-0.626539,-6.457685,6.457685
0,951,19.020000,commanding,-0.010738,0.622796,-0.632000,0.627398,-0.625864,0.619728,-0.627398,-6.459593,6.459593,0.000000,0.626547,-0.626543,0.626540,-0.626536,0.626537,-0.626539,-6.457685,6.457685
0,952,19.040000,commanding,-0.012272,0.622796,-0.632000,0.627398,-0.625864,0.619728,-0.627398,-6.459593,6.458059,0.000000,0.626547,-0.626543,0.626540,-0.626536,0.626537,-0.626539,-6.457685,6.457685
0,953,19.060000,commanding,-0.012272,0.622796,-0.632000,0.627398,-0.625864,0.619728,-0.627398,-6.459593,6.458059,0.000000,0.626547,-0.626543,0.626540,-0.626536,0.626537,-0.626539,-6.457685,6.457685
0,954,19.080000,commanding,-0.010738,0.622796,-0.632000,0.627398,-0.625864,0.619728,-0.627398,-6.461127,6.458059,0.000000,0.626547,-0.626543,0.626540,-0.626536,0.626537,-0.626539,-6.457685,6.457685
0,955,19.100000,commanding,-0.010738,0.622796,-0.632000,0.627398,-0.625864,0.619728,-0.627398,-6.461127,6.458059,0.000000,0.626547,-0.626543,0.626540,-0.626536,0.626537,-0.626539,-6.457685,6.457685
0,956,19.120000,commanding,-0.012272,0.622796,-0.632000,0.627398,-0.624330,0.619728,-0.627398,-6.459593,6.458059,0.000000,0.626547,-0.626543,0.626540,-0.626536,0.626537,-0.626539,-6.457685,6.457685
0,957,19.140000,commanding,-0.010738,0.622796,-0.632000,0.627398,-0.625864,0.619728,-0.627398,-6.459593,6.458059,0.000000,0.626547,-0.626543,0.626540,-0.626536,0.626537,-0.626539,-6.457685,6.457685
0,958,19.160000,commanding,-0.012272,0.622796,-0.632000,0.627398,-0.625864,0.619728,-0.627398,-6.459593,6.458059,0.000000,0.626547,-0.626543,0.626540,-0.626536,0.626537,-0.626539,-6.457685,6.457685
0,959,19.180000,commanding,-0.010738,0.622796,-0.632000,0.627398,-0.625864,0.619728,-0.627398,-6.459593,6.458059,0.000000,0.626547,-0.626543,0.626540,-0.626536,0.626537,-0.626539,-6.457685,6.457685
0,960,19.200000,commanding,-0.010738,0.622796,-0.632000,0.627398,-0.625864,0.619728,-0.627398,-6.459593,6.458059,0.000000,0.626547,-0.626543,0.626540,-0.626536,0.626537,-0.626539,-6.457685,6.457685
0,961,19.220000,commanding,-0.010738,0.622796,-0.632000,0.627398,-0.625864,0.619728,-0.627398,-6.459593,6.459593,0.000000,0.626547,-0.626543,0.626540,-0.626536,0.626537,-0.626539,-6.457685,6.457685
0,962,19.240000,commanding,-0.010738,0.622796,-0.632000,0.627398,-0.625864,0.619728,-0.627398,-6.459593,6.458059,0.000000,0.626547,-0.626543,0.626540,-0.626536,0.626537,-0.626539,-6.457685,6.457685
0,963,19.260000,commanding,-0.012272,0.622796,-0.632000,0.627398,-0.625864,0.619728,-0.627398,-6.459593,6.458059,0.000000,0.626547,-0.626543,0.626540,-0.626536,0.626537,-0.626539,-6.457685,6.457685
0,964,19.280000,commanding,-0.012272,0.622796,-0.632000,0.627398,-0.625864,0.619728,-0.627398,-6.459593,6.459593,0.000000,0.626547,-0.626543,0.626540,-0.626536,0.626537,-0.626539,-6.457685,6.457685
0,965,19.300000,commanding,-0.010738,0.622796,-0.632000,0.627398,-0.625864,0.619728,-0.627398,-6.459593,6.458059,0.000000,0.626547,-0.626543,0.626540,-0.626536,0.626537,-0.626539,-6.457685,6.457685
0,966,19.320000,commanding,-0.012272,0.622796,-0.632000,0.627398,-0.625864,0.619728,-0.627398,-6.459593,6.458059,0.000000,0.626547,-0.626543,0.626540,-0.626536,0.626537,-0.626539,-6.457685,6.457685
0,967,19.340000,commanding,-0.012272,0.622796,-0.632000,0.627398,-0.625864,0.619728,-0.627398,-6.459593,6.458059,0.000000,0.626547,-0.626543,0.626540,-0.626536,0.626537,-0.626539,-6.457685,6.457685
0,968,19.360000,commanding,-0.010738,0.622796,-0.632000,0.627398,-0.625864,0.619728,-0.627398,-6.459593,6.458059,0.000000,0.626547,-0.626543,0.626540,-0.626536,0.626537,-0.626539,-6.457685,6.457685
0,969,19.380000,commanding,-0.010738,0.622796,-0.632000,0.627398,-0.625864,0.619728,-0.627398,-6.461127,6.458059,0.000000,0.626547,-0.626543,0.626540,-0.626536,0.626537,-0.626539,-6.457685,6.457685
0,970,19.400000,commanding,-0.010738,0.622796,-0.632000,0.627398,-0.625864,0.619728,-0.627398,-6.459593,6.458059,0.000000,0.626547,-0.626543,0.626540,-0.626536,0.626537,-0.626539,-6.457685,6.457685
0,971,19.420000,commanding,-0.012272,0.622796,-0.632000,0.627398,-0.625864,0.619728,-0.627398,-6.459593,6.458059,0.000000,0.626547,-0.626543,0.626540,-0.626536,0.626537,-0.626539,-6.457685,6.457685
0,972,19.440000,commanding,-0.012272,0.622796,-0.632000,0.627398,-0.625864,0.619728,-0.627398,-6.459593,6.458059,0.000000,0.626547,-0.626543,0.626540,-0.626536,0.626537,-0.626539,-6.457685,6.457685
0,973,19.460000,commanding,-0.010738,0.622796,-0.632000,0.627398,-0.625864,0.619728,-0.627398,-6.459593,6.458059,0.000000,0.626547,-0.626543,0.626540,-0.626536,0.626537,-0.626539,-6.457685,6.457685
0,974,19.480000,commanding,-0.012272,0.622796,-0.632000,0.627398,-0.625864,0.619728,-0.627398,-6.459593,6.458059,0.000000,0.626547,-0.626543,0.626540,-0.626536,0.626537,-0.626539,-6.457685,6.457685
0,975,19.500000,commanding,-0.012272,0.622796,-0.632000,0.627398,-0.625864,0.619728,-0.627398,-6.459593,6.458059,0.000000,0.626547,-0.626543,0.626540,-0.626536,0.626537,-0.626539,-6.457685,6.457685
0,976,19.520000,commanding,-0.012272,0.622796,-0.632000,0.627398,-0.625864,0.619728,-0.627398,-6.459593,6.458059,0.000000,0.626547,-0.626543,0.626540,-0.626536,0.626537,-0.626539,-6.457685,6.457685
0,977,19.540000,commanding,-0.010738,0.622796,-0.632000,0.627398,-0.625864,0.619728,-0.627398,-6.459593,6.459593,0.000000,0.626547,-0.626543,0.626540,-0.626536,0.626537,-0.626539,-6.457685,6.457685
0,978,19.560000,commanding,-0.010738,0.622796,-0.632000,0.627398,-0.625864,0.619728,-0.627398,-6.459593,6.458059,0.000000,0.626547,-0.626543,0.626540,-0.626536,0.626537,-0.626539,-6.457685,6.457685
0,979,19.580000,commanding,-0.012272,0.622796,-0.632000,0.627398,-0.625864,0.619728,-0.627398,-6.459593,6.458059,0.000000,0.626547,-0.626543,0.626540,-0.626536,0.626537,-0.626539,-6.457685,6.457685
0,980,19.600000,commanding,-0.010738,0.622796,-0.632000,0.627398,-0.625864,0.619728,-0.627398,-6.459593,6.458059,0.000000,0.626547,-0.626543,0.626540,-0.626536,0.626537,-0.626539,-6.457685,6.457685
0,981,19.620000,commanding,-0.010738,0.622796,-0.632000,0.627398,-0.625864,0.619728,-0.627398,-6.459593,6.458059,0.000000,0.626547,-0.626543,0.626540,-0.626536,0.626537,-0.626539,-6.457685,6.457685
0,982,19.640000,commanding,-0.012272,0.622796,-0.632000,0.627398,-0.625864,0.619728,-0.627398,-6.459593,6.458059,0.000000,0.626547,-0.626543,0.626540,-0.626536,0.626537,-0.626539,-6.457685,6.457685
0,983,19.660000,commanding,-0.010738,0.622796,-0.632000,0.627398,-0.625864,0.619728,-0.627398,-6.459593,6.458059,0.000000,0.626547,-0.626543,0.626540,-0.626536,0.626537,-0.626539,-6.457685,6.457685
0,984,19.680000,commanding,-0.012272,0.622796,-0.632000,0.627398,-0.625864,0.619728,-0.627398,-6.461127,6.458059,0.000000,0.626547,-0.626543,0.626540,-0.626536,0.626537,-0.626539,-6.457685,6.457685
0,985,19.700000,commanding,-0.010738,0.622796,-0.632000,0.627398,-0.625864,0.619728,-0.627398,-6.459593,6.458059,0.000000,0.626547,-0.626543,0.626540,-0.626536,0.626537,-0.626539,-6.457685,6.457685
